t, x1_compfilter, x1_phiobs, x1_fullobs
0.000000, -0.761787, -0.000427, -0.003710
0.040000, -0.761908, -0.000621, -0.006812
0.060000, -0.762021, -0.000662, -0.009619
0.080000, -0.762148, -0.000796, -0.011797
0.100000, -0.762254, -0.000765, -0.013808
0.120000, -0.762358, -0.000757, -0.015490
0.140000, -0.762463, -0.000740, -0.016884
0.160000, -0.762567, -0.000913, -0.017919
0.180000, -0.762673, -0.000856, -0.018946
0.200000, -0.762772, -0.000827, -0.019800
0.220000, -0.762871, -0.000943, -0.020353
0.240000, -0.762942, -0.000867, -0.020983
0.260000, -0.763043, -0.000792, -0.021484
0.280000, -0.763150, -0.000927, -0.021766
0.300000, -0.763237, -0.001002, -0.022019
0.320000, -0.763359, -0.001031, -0.022236
0.340000, -0.763441, -0.001088, -0.022452
0.360000, -0.763514, -0.001032, -0.022594
0.380000, -0.763621, -0.001037, -0.022742
0.400000, -0.763704, -0.000880, -0.023014
0.420000, -0.763759, -0.000785, -0.023222
0.440000, -0.763840, -0.000738, -0.023386
0.460000, -0.763927, -0.000751, -0.023534
0.480000, -0.764015, -0.000916, -0.023507
0.500000, -0.764072, -0.001008, -0.023497
0.520000, -0.764149, -0.000901, -0.023641
0.540000, -0.764211, -0.001023, -0.023622
0.560000, -0.764280, -0.001032, -0.023583
0.600000, -0.764353, -0.000879, -0.023703
0.620000, -0.764417, -0.000970, -0.023660
0.640000, -0.764494, -0.001015, -0.023631
0.660000, -0.764549, -0.001010, -0.023598
0.680000, -0.764606, -0.000868, -0.023731
0.700000, -0.764658, -0.000923, -0.023673
0.720000, -0.764709, -0.000801, -0.023777
0.740000, -0.764783, -0.000907, -0.023718
0.760000, -0.764811, -0.000825, -0.023829
0.780000, -0.764861, -0.000758, -0.023896
0.800000, -0.764914, -0.000905, -0.023815
0.820000, -0.764970, -0.000709, -0.024061
0.840000, -0.765022, -0.000916, -0.023952
0.860000, -0.765093, -0.000985, -0.023849
0.880000, -0.765137, -0.001043, -0.023787
0.900000, -0.765207, -0.001007, -0.023707
0.920000, -0.765267, -0.001008, -0.023663
0.940000, -0.765290, -0.000921, -0.023815
0.960000, -0.765342, -0.000798, -0.023885
0.980000, -0.765398, -0.000903, -0.023799
1.000000, -0.765456, -0.001072, -0.023570
1.020000, -0.765504, -0.001025, -0.023560
1.040000, -0.765576, -0.000850, -0.023704
1.060000, -0.765627, -0.000710, -0.024014
1.080000, -0.765671, -0.000776, -0.024087
1.100000, -0.765697, -0.000815, -0.024138
1.120000, -0.765720, -0.000937, -0.023999
1.140000, -0.765767, -0.000987, -0.023886
1.159999, -0.765796, -0.001030, -0.023814
1.179999, -0.765829, -0.000983, -0.023725
1.199999, -0.765869, -0.000964, -0.023664
1.219999, -0.765920, -0.000982, -0.023638
1.239999, -0.765951, -0.000984, -0.023618
1.259999, -0.765994, -0.000830, -0.023750
1.279999, -0.766047, -0.000929, -0.023719
1.299999, -0.766090, -0.000989, -0.023703
1.319999, -0.766118, -0.000818, -0.023811
1.339999, -0.766144, -0.000898, -0.023755
1.359999, -0.766164, -0.000953, -0.023721
1.379999, -0.766197, -0.000942, -0.023677
1.399999, -0.766207, -0.000822, -0.023812
1.419999, -0.766236, -0.000881, -0.023750
1.439999, -0.766254, -0.000932, -0.023715
1.459999, -0.766276, -0.000924, -0.023673
1.479999, -0.766297, -0.000809, -0.023811
1.499999, -0.766315, -0.000878, -0.023755
1.519999, -0.766341, -0.000906, -0.023710
1.539999, -0.766345, -0.000827, -0.023855
1.559999, -0.766389, -0.000749, -0.023941
1.579999, -0.766413, -0.000867, -0.023859
1.599999, -0.766442, -0.000944, -0.023807
1.619999, -0.766451, -0.000586, -0.024236
1.639999, -0.766472, -0.000679, -0.024241
1.659999, -0.766484, -0.000878, -0.024091
1.679999, -0.766498, -0.000986, -0.023979
1.699999, -0.766524, -0.000874, -0.024032
1.719999, -0.766559, -0.000832, -0.024078
1.739999, -0.766564, -0.000865, -0.024139
1.759999, -0.766595, -0.000838, -0.024157
1.779999, -0.766610, -0.000854, -0.024182
1.799999, -0.766625, -0.000949, -0.024015
1.819999, -0.766626, -0.000863, -0.024044
1.839999, -0.766649, -0.000861, -0.024086
1.859999, -0.766663, -0.000862, -0.024116
1.879999, -0.766692, -0.000942, -0.023949
1.899999, -0.766704, -0.001029, -0.023851
1.919999, -0.766706, -0.001052, -0.023768
1.939999, -0.766723, -0.000890, -0.023843
1.959999, -0.766753, -0.000949, -0.023750
1.979999, -0.766778, -0.000847, -0.023837
1.999999, -0.766800, -0.000969, -0.023770
2.019999, -0.766820, -0.000880, -0.023867
2.039999, -0.766834, -0.000864, -0.023956
2.059999, -0.766829, -0.000983, -0.023862
2.079999, -0.766853, -0.000963, -0.023748
2.099999, -0.766870, -0.000849, -0.023837
2.119999, -0.766881, -0.001083, -0.023608
2.139999, -0.766880, -0.000995, -0.023557
2.159999, -0.766902, -0.000847, -0.023695
2.179999, -0.766915, -0.000926, -0.023658
2.199999, -0.766922, -0.000688, -0.023935
2.219999, -0.766937, -0.000869, -0.023847
2.239999, -0.766940, -0.000804, -0.023923
2.259999, -0.766913, -0.000781, -0.023982
2.279999, -0.766936, -0.000895, -0.023863
2.299999, -0.766958, -0.001013, -0.023808
2.319999, -0.766990, -0.000921, -0.023914
2.339998, -0.767007, -0.000991, -0.023830
2.359998, -0.767042, -0.001018, -0.023765
2.379998, -0.767049, -0.000900, -0.023876
2.399998, -0.767052, -0.000970, -0.023802
2.419998, -0.767068, -0.000960, -0.023723
2.439998, -0.767077, -0.000852, -0.023839
2.459998, -0.767083, -0.000648, -0.024072
2.479998, -0.767104, -0.000713, -0.024103
2.499998, -0.767130, -0.000628, -0.024282
2.519998, -0.767152, -0.000782, -0.024287
2.539998, -0.767161, -0.000969, -0.024115
2.559998, -0.767154, -0.001061, -0.023983
2.579998, -0.767180, -0.000925, -0.024014
2.599998, -0.767190, -0.001054, -0.023919
2.619998, -0.767201, -0.001067, -0.023820
2.639998, -0.767225, -0.000930, -0.023900
2.659998, -0.767243, -0.001010, -0.023815
2.679998, -0.767241, -0.001036, -0.023746
2.699998, -0.767248, -0.000879, -0.023833
2.719998, -0.767276, -0.000975, -0.023767
2.739998, -0.767290, -0.000868, -0.023863
2.759998, -0.767293, -0.000958, -0.023785
2.779998, -0.767309, -0.000977, -0.023714
2.799998, -0.767315, -0.000993, -0.023668
2.819998, -0.767338, -0.000995, -0.023635
2.839998, -0.767337, -0.000837, -0.023755
2.859998, -0.767348, -0.000883, -0.023686
2.879998, -0.767364, -0.000798, -0.023805
2.899998, -0.767387, -0.000756, -0.023893
2.919998, -0.767388, -0.000914, -0.023827
2.939998, -0.767391, -0.000833, -0.023918
2.959998, -0.767398, -0.000799, -0.023987
2.979998, -0.767409, -0.000762, -0.024025
2.999998, -0.767400, -0.000926, -0.023922
3.019998, -0.767396, -0.000679, -0.024118
3.039998, -0.767407, -0.000762, -0.024145
3.059998, -0.767406, -0.000917, -0.023993
3.079998, -0.767402, -0.000851, -0.024027
3.099998, -0.767429, -0.000976, -0.023909
3.119998, -0.767417, -0.001065, -0.023837
3.139998, -0.767416, -0.001159, -0.023585
3.159998, -0.767438, -0.001063, -0.023554
3.179998, -0.767441, -0.000745, -0.023848
3.199998, -0.767457, -0.000723, -0.023914
3.219998, -0.767466, -0.000893, -0.023830
3.239998, -0.767483, -0.000844, -0.023921
3.259998, -0.767470, -0.000931, -0.023821
3.279998, -0.767470, -0.000813, -0.023886
3.299998, -0.767465, -0.000930, -0.023803
3.319998, -0.767480, -0.000957, -0.023724
3.339998, -0.767468, -0.000994, -0.023681
3.359998, -0.767477, -0.000965, -0.023627
3.379997, -0.767483, -0.000836, -0.023756
3.399997, -0.767488, -0.000802, -0.023871
3.419997, -0.767494, -0.000934, -0.023809
3.439997, -0.767512, -0.000824, -0.023893
3.459997, -0.767509, -0.000789, -0.023967
3.479997, -0.767547, -0.000942, -0.023886
3.499997, -0.767499, -0.001005, -0.023817
3.519997, -0.767520, -0.000654, -0.024013
3.539997, -0.767545, -0.000918, -0.023942
3.559997, -0.767555, -0.000955, -0.023834
3.579997, -0.767501, -0.000980, -0.023759
3.599997, -0.767534, -0.000965, -0.023690
3.619997, -0.767561, -0.001017, -0.023676
3.639997, -0.767545, -0.000832, -0.023781
3.659997, -0.767517, -0.000859, -0.023699
3.679997, -0.767559, -0.000802, -0.023827
3.699997, -0.767576, -0.000848, -0.023964
3.719997, -0.767542, -0.000951, -0.023880
3.739997, -0.767545, -0.000959, -0.023793
3.759997, -0.767569, -0.000968, -0.023733
3.779997, -0.767575, -0.000897, -0.023879
3.799997, -0.767568, -0.000842, -0.023977
3.819997, -0.767574, -0.001187, -0.023569
3.839997, -0.767590, -0.000971, -0.023742
3.859997, -0.767592, -0.000996, -0.023721
3.879997, -0.767596, -0.000822, -0.023834
3.899997, -0.767594, -0.000906, -0.023786
3.919997, -0.767612, -0.000978, -0.023766
3.939997, -0.767585, -0.000858, -0.023896
3.959997, -0.767621, -0.001038, -0.023668
3.979997, -0.767597, -0.001041, -0.023683
3.999997, -0.767587, -0.000990, -0.023669
4.019997, -0.767614, -0.001133, -0.023529
4.039997, -0.767623, -0.000946, -0.023746
4.059997, -0.767608, -0.000931, -0.023727
4.079997, -0.767600, -0.000915, -0.023710
4.099997, -0.767594, -0.000916, -0.023704
4.119997, -0.767476, -0.000763, -0.023845
4.139997, -0.767816, -0.000952, -0.023868
4.159997, -0.767673, -0.001495, -0.024139
4.179997, -0.767611, -0.000500, -0.023634
4.199997, -0.766707, 0.001300, -0.022753
4.219997, -0.765492, 0.004438, -0.020574
4.239997, -0.764110, 0.007827, -0.018082
4.259997, -0.760426, 0.014480, -0.013084
4.279997, -0.752421, 0.028758, -0.002991
4.299997, -0.742974, 0.047561, 0.011485
4.319997, -0.733726, 0.060705, 0.024998
4.339997, -0.725483, 0.067283, 0.035611
4.359997, -0.713798, 0.075290, 0.046970
4.379997, -0.697343, 0.094588, 0.064634
4.399997, -0.678509, 0.117950, 0.086960
4.419997, -0.659112, 0.136293, 0.108557
4.439997, -0.638671, 0.149946, 0.128306
4.459997, -0.616677, 0.162514, 0.147900
4.479997, -0.592539, 0.176693, 0.168146
4.499997, -0.566413, 0.192244, 0.189455
4.519997, -0.539004, 0.206815, 0.210668
4.539997, -0.510184, 0.219865, 0.231266
4.559997, -0.480741, 0.230636, 0.250791
4.579997, -0.451890, 0.236504, 0.266910
4.599997, -0.424341, 0.235899, 0.278365
4.619997, -0.398761, 0.229881, 0.284939
4.639997, -0.375337, 0.218750, 0.286276
4.659997, -0.353696, 0.204973, 0.282676
4.679996, -0.333919, 0.189298, 0.276386
4.699996, -0.315154, 0.175718, 0.268591
4.719996, -0.297038, 0.165742, 0.260652
4.739996, -0.279079, 0.158512, 0.253224
4.759996, -0.261172, 0.153528, 0.246828
4.779996, -0.242967, 0.151459, 0.241729
4.799996, -0.224621, 0.150618, 0.237724
4.819996, -0.206721, 0.149021, 0.233817
4.839996, -0.189669, 0.145607, 0.229441
4.859996, -0.173755, 0.140083, 0.223814
4.879996, -0.159238, 0.132170, 0.216471
4.899996, -0.146355, 0.121926, 0.207145
4.919996, -0.134503, 0.111254, 0.196661
4.939996, -0.122967, 0.102592, 0.186471
4.959996, -0.111295, 0.098026, 0.178182
4.979996, -0.099893, 0.095060, 0.171068
4.999996, -0.088860, 0.092119, 0.164205
5.019996, -0.077494, 0.090743, 0.158910
5.039996, -0.065914, 0.090884, 0.154796
5.059996, -0.054841, 0.090601, 0.151201
5.079996, -0.044606, 0.088723, 0.147506
5.099996, -0.034967, 0.084414, 0.142616
5.119996, -0.027227, 0.076754, 0.135623
5.139996, -0.020964, 0.066601, 0.126306
5.159996, -0.016415, 0.054592, 0.115277
5.179996, -0.013081, 0.043299, 0.103090
5.199996, -0.010721, 0.032839, 0.090900
5.219996, -0.009313, 0.022925, 0.078939
5.239996, -0.008459, 0.014728, 0.066987
5.259996, -0.008113, 0.008183, 0.055928
5.279996, -0.007762, 0.003495, 0.046126
5.299996, -0.007662, 0.000572, 0.037770
5.319996, -0.007341, -0.001316, 0.030638
5.339996, -0.006870, -0.002684, 0.024494
5.359996, -0.005726, -0.002631, 0.020040
5.379996, -0.003947, 0.000539, 0.018051
5.399996, -0.001481, 0.006324, 0.018373
5.419996, 0.001573, 0.012245, 0.020355
5.439996, 0.005014, 0.016429, 0.022460
5.459996, 0.007994, 0.018115, 0.023599
5.479996, 0.010645, 0.017790, 0.024086
5.499996, 0.013180, 0.017137, 0.024006
5.519996, 0.015437, 0.016140, 0.023617
5.539996, 0.017539, 0.014390, 0.022882
5.559996, 0.018911, 0.012223, 0.021149
5.579996, 0.020164, 0.009520, 0.019376
5.599996, 0.020764, 0.006654, 0.016909
5.619996, 0.020917, 0.003209, 0.013838
5.639996, 0.021135, -0.000053, 0.010546
5.659996, 0.021065, -0.002473, 0.007482
5.679996, 0.021116, -0.003846, 0.004925
5.699996, 0.021202, -0.004257, 0.002996
5.719995, 0.021147, -0.004133, 0.001582
5.739995, 0.021480, -0.003980, 0.000675
5.759995, 0.021936, -0.003319, -0.000013
5.779995, 0.022588, -0.001836, -0.000190
5.799995, 0.023377, 0.000476, 0.000745
5.819995, 0.024905, 0.003605, 0.002321
5.839995, 0.026535, 0.006114, 0.004538
5.859995, 0.028280, 0.008116, 0.006239
5.879995, 0.029969, 0.008934, 0.007746
5.899995, 0.031440, 0.008863, 0.008945
5.919995, 0.032668, 0.031320, 0.031407
5.939995, 0.032049, 0.021019, 0.036751
5.959995, 0.030364, 0.026184, 0.026090
5.979995, 0.027450, 0.014930, 0.025070
5.999995, 0.024824, 0.014311, 0.020031
6.019995, 0.022147, 0.011193, 0.015265
6.039995, 0.019940, 0.009387, 0.010560
6.059995, 0.018218, 0.007638, 0.007078
6.079995, 0.016523, 0.007140, 0.003553
6.099995, 0.015063, 0.006214, 0.000568
6.119995, 0.013697, 0.004747, -0.001255
6.139995, 0.012644, 0.004037, -0.002960
6.159995, 0.011508, 0.002989, -0.004132
6.179995, 0.010863, 0.002547, -0.005445
6.199995, 0.009862, 0.001716, -0.006488
6.219995, 0.009300, 0.001465, -0.007881
6.239995, 0.008710, 0.000669, -0.009003
6.259995, 0.007977, -0.000381, -0.009733
6.279995, 0.007484, -0.000976, -0.010635
6.299995, 0.006655, -0.002342, -0.010939
6.319995, 0.005909, -0.003038, -0.011349
6.339995, 0.005189, -0.004224, -0.011190
6.359995, 0.004930, -0.004579, -0.011402
6.379995, 0.005007, -0.004830, -0.011953
6.399995, 0.005526, -0.005635, -0.011815
6.419995, 0.005807, -0.005486, -0.012112
6.439995, 0.005635, -0.006020, -0.011900
6.459995, 0.005750, -0.005958, -0.011605
6.479995, 0.006045, -0.005541, -0.011591
6.499995, 0.006358, -0.005490, -0.011494
6.519995, 0.006622, -0.005522, -0.011160
6.539995, 0.006932, -0.005500, -0.010562
6.559995, 0.007483, -0.004728, -0.010714
6.579995, 0.007817, -0.004733, -0.010478
6.599995, 0.008275, -0.004697, -0.009866
6.619995, 0.008798, -0.003832, -0.010039
6.639995, 0.008855, -0.003601, -0.010226
6.659995, 0.009161, -0.003837, -0.009984
6.679995, 0.009322, -0.003888, -0.009574
6.699995, 0.009658, -0.003785, -0.009109
6.719995, 0.010255, -0.003942, -0.008325
6.739995, 0.011100, -0.003576, -0.007424
6.759995, 0.011910, -0.003461, -0.006011
6.779994, 0.012621, -0.002931, -0.004724
6.799994, 0.013264, -0.001804, -0.004264
6.819994, 0.013922, -0.000851, -0.004360
6.839994, 0.014605, -0.000528, -0.004452
6.859994, 0.014824, -0.000352, -0.004497
6.879994, 0.015055, -0.000280, -0.004879
6.899994, 0.015295, -0.000590, -0.005163
6.919994, 0.015351, -0.000788, -0.005360
6.939994, 0.015228, -0.001030, -0.005426
6.959994, 0.015214, -0.001626, -0.005086
6.979994, 0.015656, -0.001876, -0.004802
6.999994, 0.015780, -0.002338, -0.004449
7.019994, 0.015697, -0.002592, -0.004118
7.039994, 0.016130, -0.002722, -0.003517
7.059994, 0.016645, -0.002925, -0.002579
7.079994, 0.017327, -0.003246, -0.001476
7.099994, 0.018142, -0.001552, -0.002081
7.119994, 0.018665, -0.001965, -0.001574
7.139994, 0.019386, -0.000700, -0.002099
7.159994, 0.019796, -0.000767, -0.002076
7.179994, 0.020633, -0.000617, -0.001625
7.199994, 0.020979, -0.000594, -0.000824
7.219994, 0.021563, -0.000246, -0.000231
7.239994, 0.022091, 0.000085, 0.000344
7.259994, 0.022550, 0.000188, 0.000703
7.279994, 0.023020, 0.000209, 0.001338
7.299994, 0.023457, 0.001086, 0.001562
7.319994, 0.023575, 0.001769, 0.001590
7.339994, 0.023885, 0.002093, 0.001584
7.359994, 0.024111, 0.002127, 0.001665
7.379994, 0.024168, 0.002290, 0.001780
7.399994, 0.024618, 0.002987, 0.001794
7.419994, 0.024820, 0.003562, 0.002189
7.439994, 0.024914, 0.004094, 0.002497
7.459994, 0.024917, 0.004529, 0.002398
7.479994, 0.024513, 0.004989, 0.002225
7.499994, 0.024517, 0.004799, 0.002535
7.519994, 0.024484, 0.005334, 0.002401
7.539994, 0.023961, 0.005622, 0.001927
7.559994, 0.023497, 0.005550, 0.001409
7.579994, 0.023175, 0.004020, 0.002447
7.599994, 0.022697, 0.003976, 0.002996
7.619994, 0.022252, 0.004511, 0.002722
7.639994, 0.021793, 0.004713, 0.001989
7.659994, 0.021299, 0.003896, 0.002082
7.679994, 0.021152, 0.003841, 0.001671
7.699994, 0.020596, 0.003203, 0.001475
7.719994, 0.020097, 0.003041, 0.000895
7.739994, 0.019400, 0.002705, 0.000138
7.759994, 0.018212, 0.001600, -0.000021
7.779994, 0.017454, 0.000996, -0.000337
7.799994, 0.017061, 0.000782, -0.001182
7.819993, 0.016286, -0.000291, -0.001403
7.839993, 0.015532, -0.000013, -0.002736
7.859993, 0.014504, -0.000640, -0.004004
7.879993, 0.013795, -0.001357, -0.004959
7.899993, 0.013464, -0.002213, -0.005577
7.919993, 0.013081, -0.003047, -0.006008
7.939993, 0.012550, -0.003431, -0.006405
7.959993, 0.012261, -0.003464, -0.007104
7.979993, 0.012139, -0.003869, -0.007466
7.999993, 0.012111, -0.004347, -0.007356
8.019994, 0.012296, -0.004394, -0.007259
8.039994, 0.012312, -0.004005, -0.007466
8.059995, 0.012553, -0.004101, -0.007448
8.079995, 0.012713, -0.004262, -0.007046
8.099996, 0.012885, -0.003523, -0.007389
8.119996, 0.012982, -0.003502, -0.007310
8.139997, 0.013363, -0.003230, -0.007205
8.159997, 0.013677, -0.003198, -0.007216
8.179997, 0.013738, -0.003512, -0.006774
8.199998, 0.014115, -0.003515, -0.006135
8.219998, 0.014307, -0.003864, -0.005085
8.239999, 0.014861, -0.003714, -0.004074
8.259999, 0.015286, -0.002683, -0.003841
8.280000, 0.015705, -0.002351, -0.003559
8.300000, 0.016050, -0.002230, -0.003399
8.320001, 0.016340, -0.002234, -0.003530
8.340001, 0.016312, -0.002520, -0.003703
8.360002, 0.016443, -0.002883, -0.003800
8.380002, 0.016575, -0.003103, -0.003630
8.400002, 0.016859, -0.003268, -0.003197
8.420003, 0.017435, -0.003177, -0.002898
8.440003, 0.017961, -0.003337, -0.002696
8.460004, 0.018622, -0.003835, -0.001591
8.480004, 0.018924, -0.003196, -0.000878
8.500005, 0.019514, -0.003159, 0.000549
8.520005, 0.020317, -0.001089, 0.000145
8.540006, 0.021019, -0.000816, 0.000451
8.560006, 0.021461, 0.000080, 0.000327
8.580007, 0.022283, 0.000691, -0.000061
8.600007, 0.022597, 0.001012, -0.000570
8.620008, 0.022858, 0.000866, -0.000406
8.640008, 0.023179, 0.001716, -0.000817
8.660008, 0.023635, 0.001246, -0.000504
8.680009, 0.024057, 0.001625, -0.000572
8.700009, 0.024492, 0.001431, -0.000368
8.720010, 0.024609, 0.001247, 0.000110
8.740010, 0.025063, 0.001728, 0.000321
8.760011, 0.025371, 0.002143, 0.000353
8.780011, 0.025771, 0.002471, 0.000535
8.800012, 0.026148, 0.003253, 0.000590
8.820012, 0.026575, 0.003284, 0.001805
8.840013, 0.026624, 0.004068, 0.002773
8.860013, 0.026880, 0.004600, 0.003247
8.880013, 0.027261, 0.005350, 0.003377
8.900014, 0.027054, 0.005660, 0.003365
8.920014, 0.026828, 0.005229, 0.004022
8.940015, 0.026389, 0.005301, 0.004571
8.960015, 0.026280, 0.006030, 0.004042
8.980016, 0.025926, 0.005077, 0.004510
9.000016, 0.025618, 0.005200, 0.004583
9.020017, 0.025134, 0.005389, 0.003912
9.040017, 0.024579, 0.004340, 0.004160
9.060018, 0.023860, 0.004069, 0.004230
9.080018, 0.023034, 0.004594, 0.003025
9.100019, 0.022276, 0.003548, 0.002688
9.120019, 0.021327, 0.003119, 0.002249
9.140019, 0.020630, 0.002384, 0.001888
9.160020, 0.019946, 0.002134, 0.001027
9.180020, 0.019110, 0.001552, 0.000015
9.200021, 0.017976, -0.001486, 0.001704
9.220021, 0.017377, -0.000222, 0.000576
9.240022, 0.016861, -0.000902, -0.000514
9.260022, 0.016379, -0.001238, -0.001684
9.280023, 0.015321, -0.001549, -0.003049
9.300023, 0.014410, -0.002619, -0.003815
9.320024, 0.013804, -0.002454, -0.005477
9.340024, 0.012842, -0.003464, -0.006545
9.360024, 0.012338, -0.004216, -0.007281
9.380025, 0.011840, -0.004923, -0.007817
9.400025, 0.011572, -0.005131, -0.008328
9.420026, 0.011497, -0.005284, -0.008656
9.440026, 0.011392, -0.005726, -0.008409
9.460027, 0.011522, -0.005212, -0.008754
9.480027, 0.011724, -0.005188, -0.008893
9.500028, 0.012081, -0.004914, -0.008999
9.520028, 0.012345, -0.004654, -0.008901
9.540029, 0.012529, -0.004478, -0.008737
9.560029, 0.013177, -0.004504, -0.008178
9.580029, 0.013481, -0.004828, -0.007428
9.600030, 0.013710, -0.004958, -0.006764
9.620030, 0.014232, -0.004215, -0.007024
9.640031, 0.014661, -0.004306, -0.006857
9.660031, 0.014901, -0.004439, -0.006563
9.680032, 0.015013, -0.004684, -0.006354
9.700032, 0.015403, -0.004980, -0.006146
9.720033, 0.015943, -0.005827, -0.004789
9.740033, 0.016848, -0.005937, -0.003102
9.760034, 0.017645, -0.005406, -0.001590
9.780034, 0.018898, -0.004513, -0.000320
9.800035, 0.019891, -0.002633, -0.000376
9.820035, 0.020832, -0.001043, -0.001386
9.840035, 0.021559, -0.001256, -0.001133
9.860036, 0.022418, -0.000512, -0.001029
9.880036, 0.022720, -0.000183, -0.000994
9.900037, 0.023382, 0.000425, -0.001048
9.920037, 0.023787, 0.000352, -0.000670
9.940038, 0.024107, 0.001017, -0.000793
9.960038, 0.024379, 0.001102, -0.000570
9.980039, 0.024660, 0.000601, 0.000547
10.000039, 0.025128, 0.000594, 0.001689
10.020040, 0.025894, 0.001133, 0.002682
10.040040, 0.026656, 0.001737, 0.003374
10.060040, 0.026981, 0.002180, 0.003787
10.080041, 0.027447, 0.002652, 0.004177
10.100041, 0.027893, 0.003734, 0.003937
10.120042, 0.028298, 0.005005, 0.003116
10.140042, 0.028293, 0.005263, 0.002676
10.160043, 0.028330, 0.005832, 0.001706
10.180043, 0.028581, 0.005752, 0.001184
10.200044, 0.028122, 0.005294, 0.001196
10.220044, 0.027739, 0.004907, 0.001653
10.240045, 0.027642, 0.004348, 0.002681
10.260045, 0.027395, 0.004793, 0.003168
10.280046, 0.026746, 0.004866, 0.003471
10.300046, 0.026596, 0.005429, 0.003113
10.320046, 0.026224, 0.005405, 0.002694
10.340047, 0.025693, 0.005279, 0.002228
10.360047, 0.024732, 0.005282, 0.001447
10.380048, 0.023923, 0.004421, 0.001345
10.400048, 0.023260, 0.003962, 0.001085
10.420049, 0.022869, 0.003206, 0.001080
10.440049, 0.022498, 0.002998, 0.000752
10.460050, 0.022122, 0.001946, 0.001011
10.480050, 0.021809, 0.001687, 0.000949
10.500051, 0.021606, 0.001113, 0.000862
10.520051, 0.021262, 0.000752, 0.000653
10.540051, 0.020665, 0.000302, 0.000287
10.560052, 0.020304, -0.000050, -0.000357
10.580052, 0.019740, -0.000378, -0.001184
10.600053, 0.019026, -0.000501, -0.002480
10.620053, 0.018209, -0.001620, -0.003108
10.640054, 0.017357, -0.001722, -0.004447
10.660054, 0.016769, -0.002461, -0.005575
10.680055, 0.016194, -0.003221, -0.006449
10.700055, 0.015787, -0.003996, -0.006995
10.720056, 0.015478, -0.003956, -0.007889
10.740056, 0.015107, -0.004564, -0.008425
10.760056, 0.015020, -0.005295, -0.008238
10.780057, 0.014933, -0.004896, -0.008571
10.800057, 0.014782, -0.004998, -0.008674
10.820058, 0.014851, -0.005091, -0.008425
10.840058, 0.015463, -0.004470, -0.008637
10.860059, 0.015775, -0.004344, -0.008750
10.880059, 0.016076, -0.004285, -0.008375
10.900060, 0.016478, -0.004252, -0.007821
10.920060, 0.016667, -0.003392, -0.007789
10.940061, 0.017164, -0.003940, -0.006419
10.960061, 0.017710, -0.003487, -0.005104
10.980062, 0.018234, -0.002385, -0.004715
11.000062, 0.018696, -0.001791, -0.004498
11.020062, 0.018886, -0.001731, -0.004090
11.040063, 0.018858, -0.001304, -0.004326
11.060063, 0.019004, -0.001805, -0.004407
11.080064, 0.018813, -0.002296, -0.004576
11.100064, 0.018895, -0.002762, -0.004820
11.120065, 0.019186, -0.002911, -0.005062
11.140065, 0.019499, -0.003599, -0.004255
11.160066, 0.019855, -0.003836, -0.003440
11.180066, 0.020441, -0.004272, -0.002078
11.200067, 0.021418, -0.002746, -0.002191
11.220067, 0.022355, -0.002238, -0.002240
11.240067, 0.022835, -0.001707, -0.002358
11.260068, 0.023044, -0.001241, -0.002544
11.280068, 0.023629, -0.000910, -0.002613
11.300069, 0.024229, -0.000690, -0.002383
11.320069, 0.024882, -0.000598, -0.001719
11.340070, 0.025493, -0.000250, -0.001227
11.360070, 0.026110, 0.000148, -0.000893
11.380071, 0.026421, 0.000369, -0.000392
11.400071, 0.027345, 0.001142, -0.000143
11.420072, 0.027836, 0.001223, 0.000517
11.440072, 0.028342, 0.002167, 0.000650
11.460073, 0.028585, 0.001981, 0.001179
11.480073, 0.028912, 0.002402, 0.001347
11.500073, 0.029073, 0.002094, 0.002200
11.520074, 0.029443, 0.002564, 0.002756
11.540074, 0.029631, 0.002990, 0.002945
11.560075, 0.029918, 0.003124, 0.003260
11.580075, 0.030114, 0.003781, 0.003298
11.600076, 0.030299, 0.004741, 0.002940
11.620076, 0.030870, 0.004932, 0.002789
11.640077, 0.030907, 0.005263, 0.002730
11.660077, 0.030916, 0.005515, 0.002743
11.680078, 0.030748, 0.006139, 0.002341
11.700078, 0.030573, 0.005851, 0.002383
11.720078, 0.030380, 0.004913, 0.003252
11.740079, 0.030031, 0.005526, 0.003188
11.760079, 0.029508, 0.004983, 0.003589
11.780080, 0.029000, 0.004923, 0.003769
11.800080, 0.028529, 0.005013, 0.003633
11.820081, 0.028137, 0.004299, 0.004096
11.840081, 0.027255, 0.004074, 0.004310
11.860082, 0.026552, 0.004467, 0.003770
11.880082, 0.025870, 0.003773, 0.003676
11.900083, 0.024962, 0.003631, 0.003248
11.920083, 0.024040, 0.003535, 0.002386
11.940084, 0.023083, 0.002601, 0.002065
11.960084, 0.022324, 0.002381, 0.001179
11.980084, 0.021436, 0.002011, 0.000008
12.000085, 0.020499, 0.001350, -0.001080
12.020085, 0.019704, 0.000711, -0.002194
12.040086, 0.019271, 0.000024, -0.003478
12.060086, 0.018383, -0.001213, -0.004186
12.080087, 0.017353, -0.001930, -0.005078
12.100087, 0.016578, -0.002854, -0.005727
12.120088, 0.016224, -0.004051, -0.005821
12.140088, 0.015816, -0.004599, -0.005894
12.160089, 0.015516, -0.004770, -0.006268
12.180089, 0.015392, -0.004938, -0.006581
12.200089, 0.015415, -0.004862, -0.007031
12.220090, 0.015488, -0.005102, -0.007166
12.240090, 0.015628, -0.005324, -0.007018
12.260091, 0.015780, -0.004711, -0.007521
12.280091, 0.016044, -0.004821, -0.007529
12.300092, 0.015858, -0.004698, -0.007449
12.320092, 0.016000, -0.004446, -0.007449
12.340093, 0.016257, -0.004269, -0.007372
12.360093, 0.016642, -0.004242, -0.007108
12.380094, 0.016987, -0.004024, -0.006785
12.400094, 0.017115, -0.003874, -0.006256
12.420094, 0.017201, -0.003947, -0.005489
12.440095, 0.017627, -0.003993, -0.004479
12.460095, 0.018153, -0.003007, -0.004290
12.480096, 0.018594, -0.002733, -0.004039
12.500096, 0.019143, -0.002363, -0.004173
12.520097, 0.019231, -0.002331, -0.004532
12.540097, 0.019297, -0.002762, -0.004758
12.560098, 0.019391, -0.002697, -0.005297
12.580098, 0.019417, -0.003153, -0.005201
12.600099, 0.019459, -0.003366, -0.004831
12.620099, 0.019864, -0.003845, -0.004146
12.640100, 0.020528, -0.003820, -0.003559
12.660100, 0.021071, -0.004336, -0.002061
12.680100, 0.021887, -0.003858, -0.000865
12.700101, 0.022932, -0.002052, -0.001217
12.720101, 0.023914, -0.001578, -0.001305
12.740102, 0.024527, -0.001122, -0.001202
12.760102, 0.025167, -0.000444, -0.001182
12.780103, 0.025796, 0.000134, -0.001314
12.800103, 0.026225, 0.000144, -0.001212
12.820104, 0.026285, 0.000453, -0.001304
12.840104, 0.026536, 0.000491, -0.001210
12.860105, 0.026685, 0.000800, -0.000993
12.880105, 0.026680, 0.000981, -0.000568
12.900105, 0.027009, 0.001348, -0.000132
12.920106, 0.027253, 0.001499, 0.000582
12.940106, 0.027651, 0.001713, 0.001077
12.960107, 0.028027, 0.001649, 0.001923
12.980107, 0.028544, 0.002257, 0.002317
13.000108, 0.028911, 0.002291, 0.002806
13.020108, 0.029254, 0.002622, 0.002864
13.040109, 0.029604, 0.003087, 0.002643
13.060109, 0.029789, 0.003024, 0.003211
13.080110, 0.029994, 0.003468, 0.003823
13.100110, 0.030101, 0.004261, 0.003884
13.120111, 0.030215, 0.005024, 0.003763
13.140111, 0.030195, 0.005354, 0.003818
13.160111, 0.030124, 0.005837, 0.003679
13.180112, 0.030067, 0.005829, 0.003802
13.200112, 0.029813, 0.005550, 0.004077
13.220113, 0.029639, 0.005714, 0.003950
13.240113, 0.028806, 0.005953, 0.003294
13.260114, 0.028402, 0.005029, 0.003345
13.280114, 0.028030, 0.005035, 0.002913
13.300115, 0.027266, 0.004357, 0.002855
13.320115, 0.026541, 0.003615, 0.003147
13.340116, 0.025768, 0.003778, 0.002735
13.360116, 0.024735, 0.003484, 0.002263
13.380116, 0.023812, 0.003181, 0.001719
13.400117, 0.022742, 0.002624, 0.001256
13.420117, 0.021956, 0.002064, 0.000730
13.440118, 0.021053, 0.001333, 0.000378
13.460118, 0.020332, 0.000770, -0.000101
13.480119, 0.019537, 0.000349, -0.000790
13.500119, 0.018495, 0.000027, -0.001828
13.520120, 0.017338, -0.000796, -0.002513
13.540120, 0.016714, -0.001933, -0.002726
13.560121, 0.015823, -0.002267, -0.003281
13.580121, 0.015134, -0.002205, -0.004641
13.600121, 0.014442, -0.002898, -0.005608
13.620122, 0.014147, -0.003459, -0.006531
13.640122, 0.013278, -0.004345, -0.007023
13.660123, 0.012871, -0.004183, -0.008053
13.680123, 0.012537, -0.004719, -0.008675
13.700124, 0.012351, -0.005408, -0.008562
13.720124, 0.012269, -0.004696, -0.009262
13.740125, 0.012364, -0.005018, -0.009632
13.760125, 0.012468, -0.005365, -0.009261
13.780126, 0.012722, -0.004562, -0.009627
13.800126, 0.013119, -0.004731, -0.009532
13.820127, 0.013357, -0.004900, -0.009031
13.840127, 0.013940, -0.004573, -0.008525
13.860127, 0.014382, -0.004642, -0.007649
13.880128, 0.014997, -0.004686, -0.006700
13.900128, 0.015368, -0.004229, -0.006310
13.920129, 0.015983, -0.004515, -0.005516
13.940129, 0.016225, -0.004416, -0.005013
13.960130, 0.016599, -0.004335, -0.004737
13.980130, 0.016878, -0.004501, -0.003874
14.000131, 0.017292, -0.004656, -0.002733
14.020131, 0.018062, -0.004518, -0.001648
14.040132, 0.018926, -0.003422, -0.001527
14.060132, 0.019846, -0.003085, -0.001064
14.080132, 0.020564, -0.001792, -0.001442
14.100133, 0.021060, -0.001430, -0.001603
14.120133, 0.021709, -0.000836, -0.002090
14.140134, 0.022013, -0.000665, -0.002330
14.160134, 0.022388, -0.000390, -0.002444
14.180135, 0.022634, -0.000095, -0.002402
14.200135, 0.022879, -0.000040, -0.002155
14.220136, 0.023197, 0.000438, -0.002152
14.240136, 0.023207, 0.000048, -0.001526
14.260137, 0.023427, -0.000339, -0.000266
14.280137, 0.024314, -0.000309, 0.000920
14.300138, 0.024991, 0.000318, 0.001850
14.320138, 0.025661, 0.000507, 0.003226
14.340138, 0.026197, 0.001435, 0.004134
14.360139, 0.026945, 0.002562, 0.004567
14.380139, 0.027403, 0.002899, 0.004861
14.400140, 0.027538, 0.003331, 0.004489
14.420140, 0.027541, 0.003753, 0.003684
14.440141, 0.027607, 0.003708, 0.003698
14.460141, 0.027732, 0.004074, 0.004010
14.480142, 0.027824, 0.004818, 0.004021
14.500142, 0.027998, 0.005632, 0.003882
14.520143, 0.027812, 0.005632, 0.003931
14.540143, 0.027372, 0.005329, 0.004314
14.560143, 0.027029, 0.005597, 0.004327
14.580144, 0.026704, 0.005877, 0.004010
14.600144, 0.026460, 0.005507, 0.003911
14.620145, 0.025907, 0.005459, 0.003616
14.640145, 0.025640, 0.004552, 0.003866
14.660146, 0.024675, 0.004699, 0.003514
14.680146, 0.024172, 0.004234, 0.003391
14.700147, 0.023624, 0.004189, 0.002794
14.720147, 0.023413, 0.004165, 0.001811
14.740148, 0.022850, 0.003410, 0.001229
14.760148, 0.022033, 0.002954, 0.000633
14.780149, 0.021262, 0.002282, 0.000215
14.800149, 0.020403, 0.001675, -0.000175
14.820149, 0.019481, 0.001260, -0.000841
14.840150, 0.018423, 0.000730, -0.001565
14.860150, 0.017381, 0.000263, -0.002493
14.880151, 0.016374, -0.000347, -0.003390
14.900151, 0.015967, -0.001122, -0.004046
14.920152, 0.015254, -0.001992, -0.004451
14.940152, 0.014873, -0.002923, -0.004581
14.960153, 0.014463, -0.002762, -0.005622
14.980153, 0.014011, -0.003311, -0.006375
15.000154, 0.013614, -0.004102, -0.006551
15.020154, 0.013118, -0.004753, -0.006505
15.040154, 0.013113, -0.004648, -0.006946
15.060155, 0.012980, -0.004859, -0.007191
15.080155, 0.012919, -0.004985, -0.007279
15.100156, 0.013056, -0.004711, -0.007487
15.120156, 0.012788, -0.004592, -0.007762
15.140157, 0.012881, -0.004452, -0.007886
15.160157, 0.012966, -0.003920, -0.008368
15.180158, 0.013182, -0.004085, -0.008479
15.200158, 0.013473, -0.004205, -0.008167
15.220159, 0.013551, -0.004202, -0.007826
15.240159, 0.014099, -0.004078, -0.007399
15.260159, 0.014346, -0.004352, -0.006258
15.280160, 0.014791, -0.003884, -0.005473
15.300160, 0.015372, -0.003171, -0.005440
15.320161, 0.015835, -0.003137, -0.005187
15.340161, 0.015922, -0.003034, -0.005107
15.360162, 0.016236, -0.003266, -0.004812
15.380162, 0.016770, -0.003434, -0.004419
15.400163, 0.017231, -0.003414, -0.003779
15.420163, 0.017653, -0.003387, -0.003212
15.440164, 0.017962, -0.003585, -0.002639
15.460164, 0.018544, -0.003702, -0.001737
15.480165, 0.018960, -0.003740, -0.000757
15.500165, 0.019372, -0.002627, -0.000714
15.520165, 0.019920, -0.001498, -0.001497
15.540166, 0.020386, -0.001107, -0.001743
15.560166, 0.020814, -0.000643, -0.002146
15.580167, 0.021189, -0.000571, -0.002587
15.600167, 0.021553, -0.000663, -0.002783
15.620168, 0.021846, -0.000568, -0.002773
15.640168, 0.022034, -0.000448, -0.002576
15.660169, 0.022644, -0.000006, -0.002309
15.680169, 0.023286, -0.000036, -0.001683
15.700170, 0.023807, 0.000194, -0.000831
15.720170, 0.024446, 0.000584, -0.000213
15.740170, 0.025104, 0.000447, 0.000978
15.760171, 0.025523, 0.000953, 0.001656
15.780171, 0.026080, 0.001191, 0.002593
15.800172, 0.026621, 0.001829, 0.003666
15.820172, 0.027178, 0.002367, 0.004409
15.840173, 0.027735, 0.002841, 0.004995
15.860173, 0.027982, 0.003882, 0.004596
15.880174, 0.028181, 0.004472, 0.003933
15.900174, 0.028518, 0.004353, 0.004275
15.920175, 0.028828, 0.005022, 0.004656
15.940175, 0.028996, 0.005525, 0.004641
15.960176, 0.029051, 0.006486, 0.003569
15.980176, 0.028890, 0.005809, 0.003610
16.000175, 0.028438, 0.005827, 0.003622
16.020176, 0.028159, 0.005914, 0.003278
16.040176, 0.027725, 0.005119, 0.003727
16.060177, 0.027136, 0.004985, 0.003990
16.080177, 0.026943, 0.005102, 0.003770
16.100178, 0.026457, 0.005478, 0.002736
16.120178, 0.025836, 0.004132, 0.002959
16.140179, 0.025227, 0.004001, 0.002699
16.160179, 0.024806, 0.003736, 0.002221
16.180180, 0.024093, 0.002818, 0.002298
16.200180, 0.023612, 0.002561, 0.001968
16.220181, 0.022954, 0.002509, 0.001178
16.240181, 0.022065, 0.001210, 0.001292
16.260181, 0.021191, 0.001259, 0.000617
16.280182, 0.020247, 0.000870, -0.000333
16.300182, 0.019794, 0.000289, -0.001163
16.320183, 0.018980, -0.000349, -0.002052
16.340183, 0.018074, -0.001142, -0.002735
16.360184, 0.017352, -0.001807, -0.003527
16.380184, 0.016670, -0.002472, -0.004337
16.400185, 0.016077, -0.003303, -0.004975
16.420185, 0.015319, -0.003597, -0.005770
16.440186, 0.014551, -0.004259, -0.006266
16.460186, 0.014150, -0.004714, -0.006597
16.480186, 0.013702, -0.005302, -0.006629
16.500187, 0.013683, -0.004900, -0.007214
16.520187, 0.013703, -0.005159, -0.007443
16.540188, 0.013741, -0.004707, -0.008143
16.560188, 0.014218, -0.003992, -0.009408
16.580189, 0.014379, -0.004799, -0.009376
16.600189, 0.014574, -0.004840, -0.009206
16.620190, 0.014775, -0.004491, -0.009340
16.640190, 0.014897, -0.004505, -0.009139
16.660191, 0.015339, -0.004499, -0.008673
16.680191, 0.016050, -0.004416, -0.007939
16.700191, 0.016445, -0.004385, -0.006596
16.720192, 0.017155, -0.003958, -0.005287
16.740192, 0.017857, -0.003598, -0.003957
16.760193, 0.018652, -0.002367, -0.003604
16.780193, 0.018967, -0.001973, -0.003385
16.800194, 0.019440, -0.001917, -0.003440
16.820194, 0.019433, -0.002282, -0.003755
16.840195, 0.019512, -0.002752, -0.004079
16.860195, 0.019734, -0.003476, -0.003893
16.880196, 0.020132, -0.003654, -0.003519
16.900196, 0.020530, -0.003890, -0.002853
16.920197, 0.021032, -0.003945, -0.002150
16.940197, 0.021517, -0.002452, -0.002920
16.960197, 0.021673, -0.002221, -0.003469
16.980198, 0.022045, -0.002037, -0.003862
17.000198, 0.022551, -0.001915, -0.003808
17.020199, 0.022830, -0.001916, -0.003413
17.040199, 0.023120, -0.001690, -0.003036
17.060200, 0.023731, -0.001526, -0.002516
17.080200, 0.024327, -0.001475, -0.001519
17.100201, 0.024935, -0.000642, -0.000865
17.120201, 0.025596, -0.000118, -0.000189
17.140202, 0.026082, 0.000370, 0.000606
17.160202, 0.026628, 0.000858, 0.001228
17.180202, 0.027169, 0.001529, 0.001787
17.200203, 0.027817, 0.002296, 0.002034
17.220203, 0.028160, 0.002977, 0.002120
17.240204, 0.028383, 0.003216, 0.002012
17.260204, 0.028426, 0.002613, 0.002534
17.280205, 0.028649, 0.002527, 0.002991
17.300205, 0.029029, 0.002618, 0.003328
17.320206, 0.029494, 0.002811, 0.003552
17.340206, 0.029516, 0.003748, 0.003106
17.360207, 0.029776, 0.003905, 0.003514
17.380207, 0.030119, 0.004272, 0.004242
17.400208, 0.030181, 0.005270, 0.004397
17.420208, 0.030288, 0.005540, 0.004848
17.440208, 0.030011, 0.005969, 0.004942
17.460209, 0.029809, 0.005622, 0.005485
17.480209, 0.029696, 0.006351, 0.005099
17.500210, 0.029580, 0.006674, 0.004312
17.520210, 0.028883, 0.005805, 0.004338
17.540211, 0.028121, 0.005732, 0.003939
17.560211, 0.027312, 0.004831, 0.004167
17.580212, 0.026533, 0.004735, 0.003895
17.600212, 0.025470, 0.004776, 0.003023
17.620213, 0.024759, 0.003618, 0.003194
17.640213, 0.024003, 0.003427, 0.002913
17.660213, 0.023385, 0.002893, 0.002520
17.680214, 0.022267, 0.002714, 0.001793
17.700214, 0.021775, 0.002164, 0.001014
17.720215, 0.020673, 0.001596, 0.000266
17.740215, 0.019609, 0.000912, -0.000434
17.760216, 0.018444, 0.000545, -0.001510
17.780216, 0.017555, -0.000002, -0.002750
17.800217, 0.016412, -0.000848, -0.003767
17.820217, 0.015901, -0.001718, -0.004701
17.840218, 0.015246, -0.002770, -0.005305
17.860218, 0.014674, -0.003480, -0.006010
17.880219, 0.014311, -0.004441, -0.006224
17.900219, 0.014088, -0.004536, -0.006880
17.920219, 0.013913, -0.005123, -0.007161
17.940220, 0.013600, -0.005582, -0.007072
17.960220, 0.013625, -0.004978, -0.007918
17.980221, 0.013355, -0.005391, -0.008030
18.000221, 0.013361, -0.004991, -0.008656
18.020222, 0.013631, -0.005108, -0.008908
18.040222, 0.013812, -0.004495, -0.009572
18.060223, 0.013833, -0.004684, -0.009758
18.080223, 0.013705, -0.004638, -0.009806
18.100224, 0.013955, -0.004946, -0.009435
18.120224, 0.013935, -0.004652, -0.008996
18.140224, 0.014334, -0.004579, -0.008272
18.160225, 0.014834, -0.004860, -0.007119
18.180225, 0.015330, -0.003980, -0.006737
18.200226, 0.015926, -0.003870, -0.006261
18.220226, 0.016382, -0.003977, -0.005612
18.240227, 0.016940, -0.003861, -0.005273
18.260227, 0.017161, -0.004155, -0.004466
18.280228, 0.017692, -0.004145, -0.003495
18.300228, 0.018190, -0.004036, -0.002821
18.320229, 0.018920, -0.003971, -0.002003
18.340229, 0.019667, -0.003827, -0.001060
18.360229, 0.020304, -0.002278, -0.001576
18.380230, 0.020997, -0.002034, -0.001830
18.400230, 0.021506, -0.001691, -0.001774
18.420231, 0.021842, -0.000953, -0.002079
18.440231, 0.021932, -0.000946, -0.002239
18.460232, 0.022299, -0.000704, -0.002258
18.480232, 0.022802, -0.000544, -0.002164
18.500233, 0.023335, -0.000274, -0.001678
18.520233, 0.023888, 0.000031, -0.001141
18.540234, 0.024393, 0.000430, -0.000566
18.560234, 0.024954, 0.000528, 0.000255
18.580235, 0.025478, 0.000964, 0.000788
18.600235, 0.025999, 0.001369, 0.001243
18.620235, 0.026695, 0.001754, 0.002020
18.640236, 0.027053, 0.002070, 0.002955
18.660236, 0.027165, 0.002820, 0.003302
18.680237, 0.027464, 0.003407, 0.003423
18.700237, 0.027679, 0.003870, 0.003458
18.720238, 0.027821, 0.004433, 0.003257
18.740238, 0.028020, 0.004734, 0.003158
18.760239, 0.028296, 0.004989, 0.003605
18.780239, 0.028181, 0.005634, 0.003561
18.800240, 0.027973, 0.006095, 0.003148
18.820240, 0.027682, 0.005302, 0.003773
18.840240, 0.027679, 0.005383, 0.004177
18.860241, 0.027564, 0.005621, 0.004271
18.880241, 0.027064, 0.005769, 0.003943
18.900242, 0.026774, 0.005315, 0.004056
18.920242, 0.026195, 0.005467, 0.003624
18.940243, 0.025666, 0.005355, 0.003039
18.960243, 0.025313, 0.004735, 0.002748
18.980244, 0.025040, 0.003801, 0.002912
19.000244, 0.024816, 0.003343, 0.002988
19.020245, 0.024215, 0.003667, 0.002053
19.040245, 0.023705, 0.003626, 0.000817
19.060246, 0.022922, 0.002581, 0.000345
19.080246, 0.021898, 0.002107, -0.000296
19.100246, 0.020791, 0.001433, -0.000866
19.120247, 0.020095, 0.000823, -0.001518
19.140247, 0.019214, -0.000002, -0.002068
19.160248, 0.018163, -0.000846, -0.002448
19.180248, 0.017416, -0.001552, -0.002755
19.200249, 0.016842, -0.002400, -0.002827
19.220249, 0.016504, -0.002751, -0.003067
19.240250, 0.015629, -0.002541, -0.004118
19.260250, 0.014891, -0.003138, -0.004841
19.280251, 0.014581, -0.003511, -0.005535
19.300251, 0.014174, -0.004225, -0.005855
19.320251, 0.013963, -0.004143, -0.006463
19.340252, 0.013800, -0.004371, -0.007122
19.360252, 0.013645, -0.004626, -0.007392
19.380253, 0.013570, -0.004874, -0.007320
19.400253, 0.013287, -0.004375, -0.007927
19.420254, 0.013504, -0.004781, -0.007682
19.440254, 0.013864, -0.004065, -0.008119
19.460255, 0.013966, -0.003934, -0.008440
19.480255, 0.014210, -0.003865, -0.008492
19.500256, 0.014292, -0.004104, -0.008219
19.520256, 0.014809, -0.004059, -0.007652
19.540257, 0.015286, -0.004102, -0.006918
19.560257, 0.015708, -0.004080, -0.006037
19.580257, 0.016456, -0.003055, -0.005885
19.600258, 0.016976, -0.002745, -0.005387
19.620258, 0.017330, -0.002243, -0.005019
19.640259, 0.017433, -0.002215, -0.004577
19.660259, 0.017442, -0.001969, -0.004780
19.680260, 0.017785, -0.002691, -0.004607
19.700260, 0.017883, -0.002911, -0.004729
19.720261, 0.018294, -0.003871, -0.004027
19.740261, 0.019020, -0.004156, -0.003026
19.760262, 0.019629, -0.003990, -0.002269
19.780262, 0.020207, -0.003712, -0.001614
19.800262, 0.020776, -0.003385, -0.000947
19.820263, 0.021389, -0.002136, -0.001238
19.840263, 0.022160, -0.002148, -0.000985
19.860264, 0.022668, -0.001102, -0.001205
19.880264, 0.023255, -0.000812, -0.001207
19.900265, 0.023783, -0.000571, -0.001260
19.920265, 0.024264, -0.000043, -0.001557
19.940266, 0.024420, 0.000020, -0.001422
19.960266, 0.024916, 0.000356, -0.001190
19.980267, 0.025475, 0.000793, -0.001074
20.000267, 0.025986, 0.001001, -0.000791
20.020267, 0.026151, 0.001227, -0.000589
20.040268, 0.026529, 0.000642, 0.000482
20.060268, 0.026675, 0.000832, 0.001256
20.080269, 0.026606, 0.000922, 0.001912
20.100269, 0.027129, 0.001428, 0.002633
20.120270, 0.027781, 0.002387, 0.003039
20.140270, 0.028020, 0.002764, 0.003535
20.160271, 0.028388, 0.003247, 0.003681
20.180271, 0.028330, 0.004011, 0.003262
20.200272, 0.028563, 0.003921, 0.003902
20.220272, 0.028812, 0.004821, 0.004214
20.240273, 0.028820, 0.005116, 0.004448
20.260273, 0.028823, 0.005896, 0.003958
20.280273, 0.028663, 0.005059, 0.004669
20.300274, 0.028485, 0.005528, 0.004851
20.320274, 0.028377, 0.006138, 0.004393
20.340275, 0.028067, 0.005987, 0.003968
20.360275, 0.027438, 0.005224, 0.004257
20.380276, 0.026869, 0.005811, 0.003375
20.400276, 0.026543, 0.004795, 0.003263
20.420277, 0.025908, 0.004230, 0.003327
20.440277, 0.025276, 0.004262, 0.002843
20.460278, 0.024706, 0.004058, 0.002125
20.480278, 0.023973, 0.003496, 0.001683
20.500278, 0.023234, 0.003378, 0.000671
20.520279, 0.022176, 0.002205, 0.000452
20.540279, 0.021238, 0.001586, 0.000260
20.560280, 0.020271, 0.001053, -0.000025
20.580280, 0.019506, 0.001105, -0.000998
20.600281, 0.018767, 0.000399, -0.001700
20.620281, 0.017982, -0.000173, -0.002464
20.640282, 0.017307, -0.000847, -0.003227
20.660282, 0.016263, -0.001512, -0.003892
20.680283, 0.015348, -0.002219, -0.004433
20.700283, 0.014490, -0.002959, -0.004830
20.720284, 0.014163, -0.003286, -0.005505
20.740284, 0.013772, -0.003814, -0.006098
20.760284, 0.013421, -0.004098, -0.006698
20.780285, 0.013149, -0.004194, -0.007445
20.800285, 0.012626, -0.004883, -0.007548
20.820286, 0.012278, -0.004985, -0.007846
20.840286, 0.012537, -0.004639, -0.008535
20.860287, 0.012960, -0.004714, -0.008787
20.880287, 0.012994, -0.004913, -0.008768
20.900288, 0.012856, -0.004811, -0.008757
20.920288, 0.013096, -0.004258, -0.008998
20.940289, 0.013369, -0.004400, -0.008609
20.960289, 0.013529, -0.004007, -0.008517
20.980289, 0.013981, -0.004388, -0.007536
21.000290, 0.014608, -0.004181, -0.006568
21.020290, 0.015067, -0.004180, -0.005782
21.040291, 0.015518, -0.003659, -0.005555
21.060291, 0.015730, -0.003710, -0.005290
21.080292, 0.016008, -0.003886, -0.005009
21.100292, 0.016359, -0.003979, -0.004548
21.120293, 0.016884, -0.003915, -0.004053
21.140293, 0.017063, -0.003882, -0.003586
21.160294, 0.017593, -0.003805, -0.003141
21.180294, 0.018373, -0.003946, -0.002166
21.200294, 0.019217, -0.003794, -0.001044
21.220295, 0.019753, -0.002220, -0.001606
21.240295, 0.020438, -0.001926, -0.001866
21.260296, 0.020795, -0.001189, -0.002300
21.280296, 0.021308, -0.000979, -0.002477
21.300297, 0.021584, -0.000389, -0.002838
21.320297, 0.021945, -0.000416, -0.003023
21.340298, 0.022167, -0.000297, -0.003096
21.360298, 0.022693, -0.000532, -0.002757
21.380299, 0.023157, -0.000501, -0.002076
21.400299, 0.023783, -0.000219, -0.001232
21.420300, 0.024417, 0.000340, -0.000690
21.440300, 0.025156, 0.000628, 0.000221
21.460300, 0.025491, 0.001137, 0.001030
21.480301, 0.025990, 0.001980, 0.001405
21.500301, 0.026393, 0.002342, 0.001699
21.520302, 0.026605, 0.002053, 0.002727
21.540302, 0.026948, 0.002748, 0.003471
21.560303, 0.027506, 0.003110, 0.004115
21.580303, 0.027646, 0.003746, 0.004293
21.600304, 0.027719, 0.004532, 0.004100
21.620304, 0.028219, 0.004749, 0.004560
21.640305, 0.028347, 0.005663, 0.004365
21.660305, 0.028537, 0.005862, 0.004273
21.680305, 0.028427, 0.006699, 0.003532
21.700306, 0.028349, 0.006520, 0.003237
21.720306, 0.027950, 0.006298, 0.003201
21.740307, 0.027924, 0.005070, 0.004345
21.760307, 0.027444, 0.005360, 0.004594
21.780308, 0.027017, 0.005025, 0.004996
21.800308, 0.026440, 0.005408, 0.004721
21.820309, 0.026012, 0.005547, 0.003859
21.840309, 0.025026, 0.005135, 0.003103
21.860310, 0.024036, 0.004313, 0.002823
21.880310, 0.023012, 0.003258, 0.003020
21.900311, 0.022157, 0.002942, 0.002832
21.920311, 0.021816, 0.002614, 0.002264
21.940311, 0.021525, 0.002101, 0.001688
21.960312, 0.020557, 0.001417, 0.001281
21.980312, 0.019765, 0.001206, 0.000448
22.000313, 0.018891, 0.000679, -0.000479
22.020313, 0.018214, 0.000478, -0.001703
22.040314, 0.017065, -0.000431, -0.002644
22.060314, 0.016400, -0.001432, -0.003229
22.080315, 0.015718, -0.002152, -0.003870
22.100315, 0.014940, -0.002811, -0.004474
22.120316, 0.014236, -0.003667, -0.004692
22.140316, 0.013812, -0.003310, -0.005927
22.160316, 0.013318, -0.004104, -0.006772
22.180317, 0.013061, -0.004663, -0.007280
22.200317, 0.012598, -0.004420, -0.008341
22.220318, 0.012503, -0.005162, -0.008710
22.240318, 0.012448, -0.005590, -0.008687
22.260319, 0.012180, -0.005600, -0.008742
22.280319, 0.012255, -0.006004, -0.008267
22.300320, 0.012775, -0.005613, -0.008059
22.320320, 0.013290, -0.004958, -0.008080
22.340321, 0.013811, -0.004742, -0.007828
22.360321, 0.014004, -0.004401, -0.007536
22.380322, 0.014502, -0.004237, -0.007094
22.400322, 0.014913, -0.004288, -0.006633
22.420322, 0.014886, -0.004366, -0.006319
22.440323, 0.015000, -0.004187, -0.006365
22.460323, 0.015190, -0.004041, -0.006502
22.480324, 0.015201, -0.004697, -0.006027
22.500324, 0.015677, -0.004578, -0.006036
22.520325, 0.016067, -0.005264, -0.005520
22.540325, 0.016482, -0.005315, -0.004785
22.560326, 0.017083, -0.005541, -0.003564
22.580326, 0.017941, -0.005715, -0.001524
22.600327, 0.018823, -0.004904, 0.000271
22.620327, 0.019767, -0.002806, 0.000424
22.640327, 0.020671, -0.001713, 0.000214
22.660328, 0.021613, -0.000356, -0.000467
22.680328, 0.022507, -0.000659, 0.000040
22.700329, 0.023013, 0.000323, -0.000189
22.720329, 0.023385, 0.000471, -0.000129
22.740330, 0.023846, 0.000921, -0.000287
22.760330, 0.024114, 0.001082, -0.000297
22.780331, 0.024672, 0.001640, -0.000608
22.800331, 0.025400, 0.001537, -0.000670
22.820332, 0.025599, 0.001156, 0.000108
22.840332, 0.025935, 0.001237, 0.000804
22.860332, 0.026404, 0.001262, 0.001361
22.880333, 0.027084, 0.002035, 0.001260
22.900333, 0.027423, 0.001747, 0.002130
22.920334, 0.027844, 0.002811, 0.002538
22.940334, 0.028354, 0.004317, 0.001887
22.960335, 0.028775, 0.004604, 0.001892
22.980335, 0.028935, 0.005261, 0.001800
23.000336, 0.028838, 0.005220, 0.001960
23.020336, 0.028805, 0.005009, 0.002600
23.040337, 0.028735, 0.005542, 0.002572
23.060337, 0.028718, 0.006198, 0.001739
23.080338, 0.028558, 0.005850, 0.001410
23.100338, 0.028140, 0.004740, 0.002157
23.120338, 0.027965, 0.005103, 0.002173
23.140339, 0.027769, 0.004052, 0.003181
23.160339, 0.027673, 0.004008, 0.003846
23.180340, 0.026977, 0.004302, 0.003892
23.200340, 0.026686, 0.004306, 0.003766
23.220341, 0.025845, 0.004231, 0.003424
23.240341, 0.024877, 0.003516, 0.003509
23.260342, 0.024478, 0.003523, 0.003150
23.280342, 0.023846, 0.003430, 0.002349
23.300343, 0.023370, 0.002345, 0.002218
23.320343, 0.022753, 0.002020, 0.001703
23.340343, 0.022267, 0.001383, 0.001195
23.360344, 0.021557, 0.001705, -0.000329
23.380344, 0.020828, 0.000366, -0.000763
23.400345, 0.020278, 0.000151, -0.001713
23.420345, 0.019471, -0.000793, -0.002320
23.440346, 0.019250, -0.001571, -0.002673
23.460346, 0.018866, -0.002312, -0.002942
23.480347, 0.018504, -0.002293, -0.003830
23.500347, 0.018180, -0.002561, -0.004831
23.520348, 0.017619, -0.003031, -0.005606
23.540348, 0.017049, -0.003838, -0.005846
23.560349, 0.016572, -0.004330, -0.006023
23.580349, 0.016422, -0.003964, -0.006786
23.600349, 0.016364, -0.004536, -0.007147
23.620350, 0.016242, -0.004828, -0.007173
23.640350, 0.016108, -0.004505, -0.007688
23.660351, 0.016164, -0.004861, -0.007739
23.680351, 0.016065, -0.004722, -0.007773
23.700352, 0.016064, -0.004420, -0.007975
23.720352, 0.016214, -0.004380, -0.007870
23.740353, 0.016172, -0.004173, -0.007887
23.760353, 0.016357, -0.004196, -0.007455
23.780354, 0.016653, -0.004291, -0.006687
23.800354, 0.017080, -0.004125, -0.005934
23.820354, 0.017721, -0.003197, -0.005969
23.840355, 0.018188, -0.003105, -0.005732
23.860355, 0.018515, -0.002983, -0.005685
23.880356, 0.018482, -0.003608, -0.005196
23.900356, 0.018655, -0.003656, -0.004945
23.920357, 0.019032, -0.003663, -0.004599
23.940357, 0.019090, -0.003740, -0.004273
23.960358, 0.019330, -0.004442, -0.003398
23.980358, 0.019818, -0.004216, -0.002779
24.000359, 0.020436, -0.004340, -0.001756
24.020359, 0.021121, -0.003180, -0.001824
24.040359, 0.021626, -0.002449, -0.002168
24.060360, 0.022000, -0.002333, -0.002070
24.080360, 0.022470, -0.001945, -0.001804
24.100361, 0.022757, -0.001470, -0.001569
24.120361, 0.023228, -0.001473, -0.000996
24.140362, 0.023807, -0.000884, -0.000661
24.160362, 0.024295, -0.000441, -0.000231
24.180363, 0.025097, -0.000032, 0.000409
24.200363, 0.025909, 0.000316, 0.001142
24.220364, 0.026517, 0.001024, 0.001441
24.240364, 0.027142, 0.001800, 0.001556
24.260365, 0.027440, 0.002541, 0.001390
24.280365, 0.027554, 0.003090, 0.001064
24.300365, 0.027680, 0.003358, 0.000475
24.320366, 0.027588, 0.002555, 0.000795
24.340366, 0.027680, 0.002800, 0.000693
24.360367, 0.027802, 0.002409, 0.001251
24.380367, 0.027958, 0.002730, 0.001618
24.400368, 0.028047, 0.003174, 0.001547
24.420368, 0.028262, 0.003452, 0.001575
24.440369, 0.028697, 0.003400, 0.002601
24.460369, 0.029210, 0.004094, 0.003250
24.480370, 0.029657, 0.005061, 0.003346
24.500370, 0.029656, 0.005233, 0.003934
24.520370, 0.029920, 0.005837, 0.004051
24.540371, 0.029734, 0.005179, 0.004895
24.560371, 0.029380, 0.005625, 0.005120
24.580372, 0.029325, 0.006075, 0.004789
24.600372, 0.028983, 0.005580, 0.004739
24.620373, 0.028600, 0.005823, 0.004140
24.640373, 0.027979, 0.004884, 0.004039
24.660374, 0.027140, 0.004560, 0.003772
24.680374, 0.026537, 0.004035, 0.003550
24.700375, 0.025689, 0.004257, 0.002439
24.720375, 0.024688, 0.002648, 0.002682
24.740376, 0.023703, 0.002447, 0.002380
24.760376, 0.022962, 0.002056, 0.001737
24.780376, 0.022119, 0.001569, 0.000939
24.800377, 0.021736, 0.001085, 0.000064
24.820377, 0.020940, 0.000661, -0.001011
24.840378, 0.020069, -0.000988, -0.000829
24.860378, 0.019365, -0.000676, -0.001893
24.880379, 0.018634, -0.001428, -0.002689
24.900379, 0.018147, -0.001441, -0.003970
24.920380, 0.017375, -0.002139, -0.004918
24.940380, 0.016567, -0.002332, -0.006121
24.960381, 0.016038, -0.003125, -0.006935
24.980381, 0.015728, -0.003917, -0.007297
25.000381, 0.015595, -0.004587, -0.007335
25.020382, 0.015648, -0.004387, -0.007971
25.040382, 0.015402, -0.004603, -0.008363
25.060383, 0.015284, -0.004997, -0.008248
25.080383, 0.015325, -0.004738, -0.008682
25.100384, 0.015358, -0.004920, -0.008754
25.120384, 0.015982, -0.004842, -0.008612
25.140385, 0.016104, -0.004664, -0.008505
25.160385, 0.016455, -0.004798, -0.007977
25.180386, 0.016881, -0.004583, -0.007805
25.200386, 0.017224, -0.004632, -0.007184
25.220387, 0.017581, -0.004310, -0.006683
25.240387, 0.017772, -0.004256, -0.005818
25.260387, 0.018187, -0.003669, -0.005077
25.280388, 0.018830, -0.003062, -0.004565
25.300388, 0.019179, -0.002600, -0.004442
25.320389, 0.019589, -0.002934, -0.004168
25.340389, 0.019666, -0.003406, -0.003625
25.360390, 0.019898, -0.003396, -0.003311
25.380390, 0.020337, -0.003423, -0.002986
25.400391, 0.020919, -0.003988, -0.002304
25.420391, 0.021168, -0.003814, -0.002173
25.440392, 0.021541, -0.004227, -0.001271
25.460392, 0.022170, -0.004253, 0.000032
25.480392, 0.023063, -0.002400, -0.000342
25.500393, 0.024022, -0.001579, -0.000637
25.520393, 0.024787, -0.000960, -0.000904
25.540394, 0.025010, -0.000684, -0.001042
25.560394, 0.025526, -0.000462, -0.000979
25.580395, 0.026040, 0.000006, -0.000993
25.600395, 0.026731, 0.000360, -0.000937
25.620396, 0.027210, 0.000578, -0.000923
25.640396, 0.027545, 0.000653, -0.000530
25.660397, 0.027804, 0.000805, 0.000017
25.680397, 0.027913, 0.000789, 0.000812
25.700397, 0.028613, 0.001078, 0.001758
25.720398, 0.029158, 0.001728, 0.002250
25.740398, 0.029405, 0.001782, 0.002565
25.760399, 0.029437, 0.001854, 0.002803
25.780399, 0.029519, 0.001770, 0.002964
25.800400, 0.029644, 0.002463, 0.002423
25.820400, 0.029823, 0.002759, 0.002102
25.840401, 0.030131, 0.002989, 0.002563
25.860401, 0.030502, 0.003136, 0.003807
25.880402, 0.031108, 0.004347, 0.004161
25.900402, 0.031151, 0.005057, 0.004604
25.920403, 0.031269, 0.005369, 0.005218
25.940403, 0.031636, 0.006155, 0.005149
25.960403, 0.031205, 0.006681, 0.004557
25.980404, 0.030724, 0.005207, 0.005644
26.000404, 0.030409, 0.005987, 0.005242
26.020405, 0.030084, 0.005495, 0.005078
26.040405, 0.029469, 0.004993, 0.005158
26.060406, 0.028639, 0.005113, 0.004543
26.080406, 0.027700, 0.003385, 0.005474
26.100407, 0.027000, 0.004392, 0.004483
26.120407, 0.026454, 0.003760, 0.003688
26.140408, 0.025579, 0.003297, 0.002968
26.160408, 0.024518, 0.002813, 0.001977
26.180408, 0.023666, 0.002398, 0.000664
26.200409, 0.022668, 0.001636, -0.000581
26.220409, 0.021689, 0.001010, -0.002011
26.240410, 0.020628, 0.000114, -0.003181
26.260410, 0.019623, -0.000988, -0.003900
26.280411, 0.018851, -0.001587, -0.004738
26.300411, 0.018324, -0.002817, -0.004890
26.320412, 0.017847, -0.003102, -0.005444
26.340412, 0.017333, -0.003343, -0.006166
26.360413, 0.016880, -0.003821, -0.006582
26.380413, 0.016525, -0.004313, -0.006740
26.400414, 0.016044, -0.004991, -0.006295
26.420414, 0.016090, -0.004109, -0.007191
26.440414, 0.016116, -0.004944, -0.006990
26.460415, 0.016233, -0.004106, -0.007810
26.480415, 0.016236, -0.004311, -0.008143
26.500416, 0.016527, -0.004787, -0.007977
26.520416, 0.016623, -0.004658, -0.008040
26.540417, 0.016899, -0.004899, -0.007620
26.560417, 0.017444, -0.004041, -0.007799
26.580418, 0.017592, -0.004093, -0.007604
26.600418, 0.018063, -0.003984, -0.007229
26.620419, 0.018154, -0.004088, -0.007018
26.640419, 0.018342, -0.004072, -0.006569
26.660419, 0.018872, -0.003928, -0.005852
26.680420, 0.019456, -0.003910, -0.004824
26.700420, 0.019982, -0.002936, -0.004650
26.720421, 0.020462, -0.003286, -0.003844
26.740421, 0.020792, -0.002798, -0.003538
26.760422, 0.020939, -0.002815, -0.003258
26.780422, 0.021221, -0.003055, -0.003080
26.800423, 0.021240, -0.003417, -0.003140
26.820423, 0.021472, -0.004175, -0.002783
26.840424, 0.022030, -0.003867, -0.002687
26.860424, 0.022361, -0.004386, -0.001819
26.880424, 0.023334, -0.004141, -0.000800
26.900425, 0.023863, -0.002569, -0.001118
26.920425, 0.024639, -0.001880, -0.001393
26.940426, 0.025432, -0.001356, -0.001596
26.960426, 0.025686, -0.001300, -0.001476
26.980427, 0.025948, -0.000943, -0.001239
27.000427, 0.026487, -0.000340, -0.001218
27.020428, 0.027245, 0.000155, -0.001299
27.040428, 0.027472, 0.000274, -0.001024
27.060429, 0.027869, 0.000545, -0.000543
27.080429, 0.027987, 0.000918, -0.000071
27.100430, 0.028465, 0.001590, 0.000042
27.120430, 0.028775, 0.001736, 0.000143
27.140430, 0.029124, 0.001247, 0.001084
27.160431, 0.029467, 0.001865, 0.001680
27.180431, 0.029645, 0.002209, 0.002377
27.200432, 0.029991, 0.002798, 0.002705
27.220432, 0.030280, 0.003141, 0.002960
27.240433, 0.030489, 0.003670, 0.003247
27.260433, 0.030533, 0.003736, 0.004390
27.280434, 0.031008, 0.004798, 0.004720
27.300434, 0.031049, 0.005637, 0.004520
27.320435, 0.031021, 0.006452, 0.003979
27.340435, 0.030557, 0.006619, 0.003681
27.360435, 0.030295, 0.005941, 0.004152
27.380436, 0.029992, 0.005735, 0.004667
27.400436, 0.029302, 0.005461, 0.005023
27.420437, 0.028972, 0.005370, 0.005133
27.440437, 0.028246, 0.006082, 0.004088
27.460438, 0.027778, 0.004691, 0.004407
27.480438, 0.027097, 0.004412, 0.004504
27.500439, 0.026188, 0.003710, 0.004710
27.520439, 0.025455, 0.004067, 0.003800
27.540440, 0.024591, 0.003403, 0.003090
27.560440, 0.023767, 0.003051, 0.002134
27.580441, 0.022907, 0.002591, 0.000781
27.600441, 0.022098, 0.001432, -0.000050
27.620441, 0.021008, 0.000877, -0.001256
27.640442, 0.019958, -0.000010, -0.002202
27.660442, 0.019125, -0.000707, -0.003210
27.680443, 0.018392, -0.001678, -0.003910
27.700443, 0.017768, -0.002423, -0.004364
27.720444, 0.017409, -0.003079, -0.004775
27.740444, 0.017181, -0.003308, -0.005376
27.760445, 0.016783, -0.003823, -0.005698
27.780445, 0.016497, -0.004140, -0.005911
27.800446, 0.016225, -0.004551, -0.005874
27.820446, 0.015826, -0.004210, -0.006356
27.840446, 0.015900, -0.004448, -0.006595
27.860447, 0.016065, -0.004651, -0.006601
27.880447, 0.015913, -0.004021, -0.007278
27.900448, 0.016104, -0.004282, -0.007562
27.920448, 0.016213, -0.004283, -0.007762
27.940449, 0.016650, -0.004548, -0.007532
27.960449, 0.016783, -0.004164, -0.007683
27.980450, 0.017150, -0.003886, -0.008080
28.000450, 0.017377, -0.003773, -0.008139
28.020451, 0.017461, -0.004348, -0.007385
28.040451, 0.017627, -0.003982, -0.006655
28.060452, 0.018106, -0.003687, -0.005650
28.080452, 0.018493, -0.003632, -0.004483
28.100452, 0.018826, -0.002480, -0.004422
28.120453, 0.019256, -0.002210, -0.004385
28.140453, 0.019549, -0.002319, -0.004101
28.160454, 0.019847, -0.002297, -0.003823
28.180454, 0.020043, -0.002264, -0.003466
28.200455, 0.020209, -0.002392, -0.003127
28.220455, 0.020437, -0.002742, -0.002875
28.240456, 0.020408, -0.002982, -0.002748
28.260456, 0.020607, -0.002985, -0.002531
28.280457, 0.020959, -0.003469, -0.001877
28.300457, 0.021466, -0.003546, -0.001260
28.320457, 0.021769, -0.002936, -0.001463
28.340458, 0.021922, -0.002305, -0.002056
28.360458, 0.022357, -0.001749, -0.002691
28.380459, 0.022510, -0.001383, -0.003283
28.400459, 0.022608, -0.001336, -0.003528
28.420460, 0.023130, -0.001312, -0.003404
28.440460, 0.023515, -0.001060, -0.003253
28.460461, 0.024102, -0.000921, -0.002955
28.480461, 0.024352, -0.000861, -0.002371
28.500462, 0.024964, -0.000235, -0.001931
28.520462, 0.025622, -0.000113, -0.001126
28.540462, 0.026203, 0.000472, -0.000245
28.560463, 0.026761, 0.001045, 0.000573
28.580463, 0.027492, 0.001491, 0.001156
28.600464, 0.028060, 0.002165, 0.001427
28.620464, 0.028368, 0.001988, 0.002508
28.640465, 0.028667, 0.002286, 0.003478
28.660465, 0.029119, 0.003079, 0.003935
28.680466, 0.029582, 0.003843, 0.004237
28.700466, 0.029755, 0.004898, 0.004204
28.720467, 0.029931, 0.005150, 0.004439
28.740467, 0.030250, 0.005821, 0.004293
28.760468, 0.030191, 0.005994, 0.004476
28.780468, 0.029958, 0.006608, 0.004076
28.800468, 0.029485, 0.007046, 0.003299
28.820469, 0.029208, 0.006506, 0.003275
28.840469, 0.028968, 0.005709, 0.003951
28.860470, 0.028467, 0.005416, 0.004330
28.880470, 0.028228, 0.005677, 0.004093
28.900471, 0.027608, 0.005864, 0.003378
28.920471, 0.026863, 0.005098, 0.003262
28.940472, 0.025947, 0.004968, 0.002815
28.960472, 0.024826, 0.003707, 0.003331
28.980473, 0.023893, 0.003636, 0.003218
29.000473, 0.022897, 0.003113, 0.002954
29.020473, 0.022190, 0.002569, 0.002551
29.040474, 0.021126, 0.001675, 0.002371
29.060474, 0.020566, 0.001453, 0.001505
29.080475, 0.020050, 0.001160, 0.000243
29.100475, 0.018998, 0.000648, -0.001018
29.120476, 0.018010, 0.000056, -0.002240
29.140476, 0.017150, -0.001022, -0.002908
29.160477, 0.016243, -0.001693, -0.003626
29.180477, 0.015766, -0.002539, -0.004200
29.200478, 0.015286, -0.002554, -0.005278
29.220478, 0.014998, -0.002892, -0.006161
29.240479, 0.014780, -0.003891, -0.006375
29.260479, 0.014385, -0.004155, -0.006596
29.280479, 0.014080, -0.003839, -0.007451
29.300480, 0.014008, -0.004267, -0.007823
29.320480, 0.013931, -0.004615, -0.007937
29.340481, 0.013931, -0.004849, -0.007932
29.360481, 0.013981, -0.004324, -0.008552
29.380482, 0.013984, -0.004949, -0.008205
29.400482, 0.013955, -0.004853, -0.007928
29.420483, 0.014365, -0.004475, -0.008034
29.440483, 0.014724, -0.004294, -0.008005
29.460484, 0.014999, -0.003992, -0.007840
29.480484, 0.015289, -0.004263, -0.007474
29.500484, 0.015637, -0.004170, -0.007080
29.520485, 0.015899, -0.004162, -0.006474
29.540485, 0.016376, -0.004277, -0.005793
29.560486, 0.016893, -0.003633, -0.005742
29.580486, 0.017150, -0.003619, -0.005333
29.600487, 0.017361, -0.003671, -0.004667
29.620487, 0.017705, -0.003737, -0.004198
29.640488, 0.018325, -0.004000, -0.003715
29.660488, 0.018940, -0.004031, -0.003236
29.680489, 0.019663, -0.004248, -0.002414
29.700489, 0.020396, -0.004066, -0.002002
29.720490, 0.021122, -0.004379, -0.000886
29.740490, 0.021988, -0.004157, 0.000436
29.760490, 0.022814, -0.002338, 0.000179
29.780491, 0.023577, -0.001586, -0.000134
29.800491, 0.023967, -0.001574, 0.000381
29.820492, 0.024587, -0.000670, 0.000429
29.840492, 0.025230, -0.000196, 0.000242
29.860493, 0.025682, 0.000435, -0.000050
29.880493, 0.026075, 0.000515, -0.000061
29.900494, 0.026635, 0.000062, 0.000881
29.920494, 0.027203, 0.000368, 0.001598
29.940495, 0.027478, 0.000552, 0.002220
29.960495, 0.027902, 0.001426, 0.002614
29.980495, 0.028428, 0.002157, 0.002974
30.000496, 0.028736, 0.002393, 0.003567
30.020496, 0.028668, 0.003066, 0.003492
30.040497, 0.028807, 0.003622, 0.003007
30.060497, 0.028782, 0.004365, 0.002509
30.080498, 0.028750, 0.004154, 0.003230
30.100498, 0.028786, 0.004723, 0.003430
30.120499, 0.028648, 0.005605, 0.003100
