t, tm1, tm2, tm3
0.000000, 0.874637, -3.766580, 1.767455
0.020000, 0.873174, -3.768869, 1.769574
0.040000, 0.874183, -3.768083, 1.768180
0.060000, 0.872967, -3.767915, 1.766838
0.080000, 0.873188, -3.767761, 1.769362
0.100000, 0.873642, -3.766979, 1.769837
0.120000, 0.874030, -3.768402, 1.768473
0.140000, 0.873662, -3.768042, 1.768478
0.160000, 0.875555, -3.765030, 1.769643
0.180000, 0.874039, -3.767351, 1.769057
0.200000, 0.873464, -3.767326, 1.770159
0.220000, 0.873828, -3.769063, 1.769756
0.240000, 0.873423, -3.767325, 1.770184
0.260000, 0.874088, -3.767330, 1.768256
0.280000, 0.874481, -3.766710, 1.769625
0.300000, 0.873532, -3.769198, 1.770024
0.320000, 0.873863, -3.767534, 1.769277
0.340000, 0.873949, -3.769816, 1.768147
0.360000, 0.872637, -3.769110, 1.768530
0.380000, 0.874370, -3.771003, 1.772127
0.400000, 0.873884, -3.767863, 1.769464
0.420000, 0.874504, -3.767202, 1.769912
0.440000, 0.872812, -3.766995, 1.770359
0.460000, 0.873435, -3.769034, 1.769227
0.480000, 0.873474, -3.767624, 1.769571
0.500000, 0.872778, -3.767423, 1.770645
0.520000, 0.872429, -3.766913, 1.770545
0.540000, 0.873271, -3.767247, 1.768711
0.560000, 0.873209, -3.767368, 1.769580
0.580000, 0.873252, -3.768268, 1.768105
0.600000, 0.872048, -3.767007, 1.770839
0.620000, 0.872436, -3.768267, 1.769374
0.640000, 0.873889, -3.767626, 1.771309
0.660000, 0.872087, -3.767658, 1.769217
0.680000, 0.872190, -3.767973, 1.769347
0.700000, 0.873229, -3.766662, 1.770368
0.720000, 0.872583, -3.766406, 1.771375
0.740000, 0.872065, -3.768090, 1.769495
0.760000, 0.873056, -3.768168, 1.770921
0.780000, 0.877956, -3.778159, 1.783857
0.800000, 0.871913, -3.768045, 1.769560
0.820000, 0.872627, -3.767458, 1.769997
0.840000, 0.871697, -3.767728, 1.769501
0.860000, 0.871934, -3.767589, 1.769270
0.880000, 0.871261, -3.768428, 1.771721
0.900000, 0.872162, -3.767081, 1.770049
0.920000, 0.872909, -3.766703, 1.770592
0.940000, 0.871528, -3.767438, 1.769426
0.960000, 0.871852, -3.767830, 1.769467
0.980000, 0.872856, -3.767001, 1.772327
1.000000, 0.872416, -3.765815, 1.769596
1.020000, 0.871393, -3.767267, 1.769406
1.040000, 0.872271, -3.767118, 1.770007
1.060000, 0.871880, -3.766732, 1.770013
1.080000, 0.871084, -3.768035, 1.771589
1.100000, 0.872443, -3.767785, 1.771066
1.120000, 0.871677, -3.767705, 1.769500
1.140000, 0.871772, -3.768825, 1.768129
1.159999, 0.871995, -3.766838, 1.770005
1.179999, 0.871030, -3.768250, 1.768998
1.199999, 0.872676, -3.766359, 1.770524
1.219999, 0.872719, -3.766318, 1.770471
1.239999, 0.872203, -3.765537, 1.769554
1.259999, 0.872764, -3.766378, 1.770481
1.279999, 0.873143, -3.767262, 1.771544
1.299999, 0.873786, -3.770239, 1.774007
1.319999, 0.871266, -3.765965, 1.769161
1.339999, 0.871873, -3.765617, 1.769807
1.359999, 0.870674, -3.767431, 1.770717
1.379999, 0.871602, -3.766808, 1.770229
1.399999, 0.872132, -3.768153, 1.771483
1.419999, 0.871104, -3.766623, 1.771187
1.439999, 0.870683, -3.768316, 1.772009
1.459999, 0.869320, -3.767498, 1.769599
1.479999, 0.872371, -3.767657, 1.769337
1.499999, 0.872368, -3.765551, 1.767748
1.519999, 0.873451, -3.765223, 1.768871
1.539999, 0.873320, -3.771173, 1.772132
1.559999, 0.870315, -3.767358, 1.774099
1.579999, 0.870898, -3.766504, 1.770767
1.599999, 0.871494, -3.768109, 1.769862
1.619999, 0.872306, -3.766317, 1.770250
1.639999, 0.872025, -3.768608, 1.769838
1.659999, 0.872735, -3.766816, 1.769534
1.679999, 0.872218, -3.759650, 1.766697
1.699999, 0.867732, -3.744711, 1.759054
1.719999, 0.873750, -3.765892, 1.767115
1.739999, 0.876033, -3.777809, 1.773775
1.759999, 0.874543, -3.772922, 1.770925
1.779999, 0.875357, -3.772335, 1.772536
1.799999, 0.873216, -3.768199, 1.770077
1.819999, 0.873446, -3.768553, 1.768650
1.839999, 0.871287, -3.767726, 1.769750
1.859999, 0.872407, -3.767572, 1.770956
1.879999, 0.870416, -3.766518, 1.770311
1.899999, 0.871113, -3.765012, 1.770949
1.919999, 0.869555, -3.761761, 1.769159
1.939999, 0.868116, -3.747924, 1.764497
1.959999, 0.855245, -3.716140, 1.749529
1.979999, 0.824296, -3.625418, 1.713035
1.999999, 0.789447, -3.528256, 1.673440
2.019999, 0.778646, -3.526919, 1.680421
2.039999, 0.730029, -3.458276, 1.670767
2.059999, 0.674896, -3.368157, 1.646173
2.079999, 0.654212, -3.292829, 1.617466
2.099999, 0.625856, -3.203852, 1.577936
2.119999, 0.565059, -3.083689, 1.537616
2.139999, 0.506548, -2.951351, 1.496137
2.159999, 0.450724, -2.807578, 1.442777
2.179999, 0.388934, -2.637802, 1.379651
2.199999, 0.319205, -2.462357, 1.314991
2.219999, 0.245942, -2.276016, 1.245522
2.239999, 0.182740, -2.102782, 1.178553
2.259999, 0.125942, -1.934336, 1.110478
2.279999, 0.070036, -1.763298, 1.040960
2.299999, 0.020710, -1.596843, 0.967356
2.319999, -0.024302, -1.431281, 0.894825
2.339998, -0.062061, -1.277123, 0.821069
2.359998, -0.079719, -1.133193, 0.736307
2.379998, -0.074263, -1.016186, 0.670321
2.399998, -0.053985, -0.914992, 0.596011
2.419998, -0.024462, -0.829450, 0.525836
2.439998, 0.002128, -0.746801, 0.457252
2.459998, 0.024299, -0.667320, 0.393821
2.479998, 0.045522, -0.602665, 0.340840
2.499998, 0.076792, -0.543850, 0.289717
2.519998, 0.104659, -0.490831, 0.234895
2.539998, 0.130920, -0.435806, 0.184800
2.559998, 0.158010, -0.379546, 0.136414
2.579998, 0.172937, -0.316883, 0.086242
2.599998, 0.180111, -0.242355, 0.038541
2.619998, 0.162745, -0.151024, -0.007961
2.639998, 0.130991, -0.046509, -0.052402
2.659998, 0.107483, 0.044087, -0.095887
2.679998, 0.097835, 0.122225, -0.136590
2.699998, 0.085403, 0.198071, -0.175396
2.719998, 0.071579, 0.272057, -0.209723
2.739998, 0.065065, 0.330782, -0.242155
2.759998, 0.063433, 0.384839, -0.275012
2.779998, 0.058303, 0.434300, -0.303355
2.799998, 0.047757, 0.488178, -0.330578
2.819998, 0.035227, 0.536058, -0.352613
2.839998, 0.025661, 0.572661, -0.367095
2.859998, 0.027154, 0.590541, -0.380179
2.879998, 0.037489, 0.595481, -0.389089
2.899998, 0.047992, 0.589222, -0.390950
2.919998, 0.057529, 0.577885, -0.390143
2.939998, 0.063977, 0.556366, -0.379407
2.959998, 0.067947, 0.525366, -0.363632
2.979998, 0.066420, 0.491669, -0.343790
2.999998, 0.063396, 0.463185, -0.326042
3.019998, 0.060826, 0.436426, -0.307374
3.039998, 0.060894, 0.411406, -0.290463
3.059998, 0.061521, 0.387549, -0.272353
3.079998, 0.056082, 0.372254, -0.260953
3.099998, 0.051141, 0.357371, -0.251642
3.119998, 0.048968, 0.343494, -0.239147
3.139998, 0.045322, 0.335534, -0.232874
3.159998, 0.039893, 0.329660, -0.229233
3.179998, 0.041096, 0.319179, -0.222128
3.199998, 0.046048, 0.309088, -0.222874
3.219998, 0.055154, 0.293274, -0.213379
3.239998, 0.058501, 0.276305, -0.206822
3.259998, 0.058200, 0.259168, -0.198192
3.279998, 0.048325, 0.244054, -0.187817
3.299998, 0.040142, 0.240237, -0.173804
3.319998, 0.029512, 0.232356, -0.162898
3.339998, 0.020248, 0.227825, -0.151168
3.359998, 0.003340, 0.228693, -0.145215
3.379997, -0.009120, 0.226877, -0.132395
3.399997, -0.021369, 0.224081, -0.125820
3.419997, -0.026130, 0.214372, -0.117360
3.439997, -0.026435, 0.201287, -0.107117
3.459997, -0.030490, 0.190874, -0.100170
3.479997, -0.038527, 0.183583, -0.093148
3.499997, -0.044017, 0.178775, -0.083531
3.519997, -0.049128, 0.177106, -0.075586
3.539997, -0.058705, 0.170800, -0.075151
3.559997, -0.062089, 0.172009, -0.070794
3.579997, -0.063362, 0.167712, -0.067315
3.599997, -0.061467, 0.160908, -0.063028
3.619997, -0.058793, 0.151183, -0.059147
3.639997, -0.055798, 0.148732, -0.056502
3.659997, -0.056822, 0.146627, -0.055480
3.679997, -0.055291, 0.149232, -0.056267
3.699997, -0.059416, 0.146372, -0.055641
3.719997, -0.065730, 0.146323, -0.051216
3.739997, -0.075180, 0.146934, -0.046210
3.759997, -0.084780, 0.151753, -0.043208
3.779997, -0.098127, 0.162282, -0.038639
3.799997, -0.113225, 0.177184, -0.038711
3.819997, -0.130872, 0.185431, -0.035796
3.839997, -0.142885, 0.193838, -0.030596
3.859997, -0.160783, 0.199196, -0.025295
3.879997, -0.177568, 0.207995, -0.019089
3.899997, -0.191490, 0.218748, -0.015840
3.919997, -0.200077, 0.221099, -0.011689
3.939997, -0.198531, 0.210196, -0.007970
3.959997, -0.184355, 0.187759, -0.000832
3.979997, -0.169122, 0.160219, 0.007359
3.999997, -0.156240, 0.139047, 0.011863
4.019997, -0.152464, 0.137351, 0.011041
4.039997, -0.153829, 0.142261, 0.005657
4.059997, -0.148563, 0.145923, 0.002914
4.079997, -0.135236, 0.135524, -0.002178
4.099997, -0.112102, 0.116902, -0.003839
4.119997, -0.088007, 0.101199, -0.006645
4.139997, -0.071887, 0.088480, -0.012038
4.159997, -0.059523, 0.078956, -0.013087
4.179997, -0.049746, 0.070841, -0.013680
4.199997, -0.038158, 0.058270, -0.013615
4.219997, -0.023623, 0.044299, -0.013275
4.239997, -0.010318, 0.029639, -0.008439
4.259997, -0.001473, 0.025453, -0.012618
4.279997, 0.001970, 0.023499, -0.015564
4.299997, -0.000579, 0.012326, -0.007742
4.319997, -0.012464, 0.015730, -0.001661
4.339997, -0.024435, 0.025587, -0.007295
4.359997, -0.023540, 0.029951, -0.002852
4.379997, -0.023882, 0.033728, -0.010543
4.399997, -0.019200, 0.025623, -0.003168
4.419997, -0.025646, 0.033580, -0.004393
4.439997, -0.034377, 0.034283, -0.001413
4.459997, -0.053228, 0.034851, 0.010598
4.479997, -0.012972, -0.005363, 0.017789
4.499997, -0.032129, 0.014600, 0.016426
4.519997, -0.029982, 0.007400, 0.025712
4.539997, -0.036089, 0.007814, 0.032767
4.559997, -0.047776, 0.010264, 0.028068
4.579997, -0.047361, 0.012923, 0.037374
4.599997, -0.025062, -0.010258, 0.030331
4.619997, -0.020360, -0.045157, 0.030703
4.639997, -0.009771, -0.051554, 0.034388
4.659997, -0.018940, -0.077090, 0.050830
4.679996, -0.042791, -0.051190, 0.053976
4.699996, -0.038533, -0.022113, 0.090188
4.719996, -0.026157, -0.011641, 0.072093
4.739996, -0.026655, -0.026233, 0.099920
4.759996, 0.010021, -0.001225, -0.001173
4.779996, -0.035718, -0.057187, 0.029656
4.799996, -0.033463, -0.054856, 0.055639
4.819996, -0.039004, -0.029974, 0.043327
4.839996, -0.002757, -0.026125, 0.027841
4.859996, -0.009045, -0.042936, 0.019213
4.879996, -0.011662, -0.036277, 0.005741
4.899996, -0.004758, -0.039709, 0.019017
4.919996, -0.003057, -0.011642, -0.009946
4.939996, 0.007536, -0.013867, 0.002525
4.959996, 0.009805, -0.010300, -0.005930
4.979996, 0.012147, -0.008523, -0.018309
4.999996, 0.021722, 0.003036, -0.022371
5.019996, 0.027624, 0.002531, -0.020856
5.039996, 0.024302, 0.009752, -0.026071
5.059996, 0.029297, 0.019669, -0.034969
5.079996, 0.037571, 0.024626, -0.037654
5.099996, 0.031818, 0.032031, -0.043189
5.119996, 0.037253, 0.043932, -0.047992
5.139996, 0.043539, 0.043503, -0.053664
5.159996, 0.052157, 0.048275, -0.059408
5.179996, 0.036330, 0.046105, -0.067885
5.199996, 0.064075, 0.051539, -0.057531
5.219996, 0.066493, 0.054805, -0.055830
5.239996, 0.031224, 0.033994, -0.045118
5.259996, 0.030730, 0.045718, -0.041949
5.279996, 0.009953, 0.038054, -0.045813
5.299996, -0.000112, 0.052383, -0.041041
5.319996, -0.005253, 0.040630, -0.031619
5.339996, -0.004755, 0.036789, -0.028980
5.359996, -0.001684, 0.029641, -0.020629
5.379996, -0.017270, 0.035208, -0.022426
5.399996, -0.022234, 0.024725, -0.006756
5.419996, -0.016103, 0.007292, 0.009998
5.439996, -0.026742, 0.006230, 0.012017
5.459996, -0.035150, -0.008783, 0.034305
5.479996, -0.040868, -0.024592, 0.045902
5.499996, -0.049117, -0.035669, 0.045736
5.519996, -0.053798, -0.036046, 0.060486
5.539996, -0.050433, -0.035109, 0.066088
5.559996, -0.032186, -0.058311, 0.072388
5.579996, -0.048026, -0.023388, 0.067376
5.599996, -0.061962, -0.038278, 0.044407
5.619996, -0.049435, -0.044186, 0.076571
5.639996, -0.061231, -0.031385, 0.082153
5.659996, -0.035914, -0.062004, 0.104757
5.679996, 0.002339, -0.085904, 0.026442
5.699996, -0.024997, -0.102621, 0.029375
5.719995, -0.052720, -0.063418, -0.011334
5.739995, -0.039269, 0.012327, 0.038449
5.759995, -0.018045, 0.035719, 0.004008
5.779995, -0.050903, 0.013574, 0.022508
5.799995, -0.019773, 0.009216, 0.029075
5.819995, -0.032112, 0.032528, 0.020878
5.839995, -0.015756, 0.059285, 0.007277
5.859995, -0.026435, 0.003448, 0.007501
5.879995, -0.021510, 0.018054, -0.006371
5.899995, 0.007212, 0.004903, -0.036066
5.919995, 0.032814, 0.003775, -0.025400
5.939995, 0.045395, 0.009355, -0.037374
5.959995, 0.048604, 0.016140, -0.045313
5.979995, 0.048568, 0.023839, -0.039806
5.999995, 0.053913, 0.018353, -0.036031
6.019995, 0.045657, 0.023228, -0.031523
6.039995, 0.064420, 0.034796, -0.065052
6.059995, 0.058301, 0.029562, -0.019189
6.079995, 0.044537, 0.027732, -0.059879
6.099995, 0.056200, 0.062493, -0.070198
6.119995, 0.049732, 0.037101, -0.041948
6.139995, 0.030023, 0.063794, -0.075495
6.159995, 0.045806, 0.059072, -0.062716
6.179995, 0.012211, 0.056151, -0.069052
6.199995, 0.054070, 0.048594, -0.079549
6.219995, 0.040705, 0.053489, -0.089600
6.239995, -0.017124, 0.113460, -0.081409
6.259995, -0.030711, 0.082876, -0.124257
6.279995, 0.025046, 0.128917, -0.035706
6.299995, 0.082875, -0.004493, 0.011447
6.319995, -0.037113, 0.003206, 0.000575
6.339995, -0.060114, 0.015208, 0.030164
6.359995, -0.072530, -0.005002, 0.025321
6.379995, -0.088522, 0.002295, 0.071570
6.399995, -0.102241, -0.032469, 0.135749
6.419995, -0.061745, -0.014994, 0.063866
6.439995, -0.038807, -0.050161, 0.094826
6.459995, -0.041811, -0.036811, 0.059555
6.479995, -0.049530, -0.052780, 0.062835
6.499995, -0.056766, -0.050596, 0.065380
6.519995, -0.022536, -0.056343, 0.073127
6.539995, -0.013082, -0.041487, 0.038408
6.559995, -0.022319, -0.046707, 0.026524
6.579995, -0.016089, -0.042462, 0.017794
6.599995, -0.012244, -0.030090, 0.007992
6.619995, -0.003919, -0.008014, 0.005081
6.639995, 0.010416, -0.011791, -0.002080
6.659995, 0.010319, -0.004623, -0.003338
6.679995, 0.007442, 0.003107, -0.006692
6.699995, 0.011431, 0.000571, 0.000073
6.719995, 0.011644, 0.009664, -0.003577
6.739995, 0.013383, 0.007977, -0.010952
6.759995, 0.008209, 0.014476, -0.017302
6.779994, 0.010514, 0.014094, -0.008634
6.799994, 0.015578, 0.012393, -0.012176
6.819994, 0.017728, 0.006478, -0.018520
6.839994, 0.015422, 0.004705, -0.013827
6.859994, 0.016946, 0.001667, -0.021892
6.879994, 0.014754, 0.001484, -0.006325
6.899994, 0.004815, -0.001171, -0.001914
6.919994, 0.010217, -0.005215, 0.001037
6.939994, 0.011067, -0.002038, -0.005509
6.959994, 0.008331, -0.008898, 0.003808
6.979994, 0.001128, -0.004474, 0.010677
6.999994, 0.005336, -0.006533, 0.010606
7.019994, 0.003225, -0.003291, 0.002968
7.039994, 0.002497, -0.004012, -0.003802
7.059994, 0.004587, -0.003664, -0.000284
7.079994, 0.004164, 0.004148, -0.008368
7.099994, 0.008607, 0.012544, -0.006134
7.119994, 0.009049, 0.008366, -0.008321
7.139994, 0.010631, 0.014917, -0.008556
7.159994, 0.014904, 0.016776, -0.014440
7.179994, 0.010188, 0.022960, -0.023807
7.199994, 0.015912, 0.026142, -0.023411
7.219994, 0.013650, 0.018246, -0.021856
7.239994, 0.013604, 0.022539, -0.029606
7.259994, 0.013178, 0.029403, -0.030254
7.279994, 0.015052, 0.013508, -0.028660
7.299994, 0.018773, 0.020544, -0.021525
7.319994, 0.016868, 0.026690, -0.020733
7.339994, 0.024643, 0.020287, -0.021830
7.359994, 0.016532, 0.019538, -0.018303
7.379994, 0.006433, 0.035533, -0.023127
7.399994, 0.004936, 0.022072, -0.015436
7.419994, 0.007392, 0.006889, 0.000744
7.439994, -0.002074, 0.006805, -0.001435
7.459994, -0.008878, 0.001236, 0.002424
7.479994, -0.016287, 0.001219, 0.007698
7.499994, -0.018730, -0.005061, 0.013989
7.519994, -0.015341, -0.015988, 0.011701
7.539994, -0.017686, -0.020816, 0.021849
7.559994, -0.013390, -0.021190, 0.023203
7.579994, -0.019343, -0.013192, 0.011869
7.599994, -0.016376, -0.020893, 0.030754
7.619994, -0.020996, -0.026340, 0.029248
7.639994, -0.015863, -0.022823, 0.027556
7.659994, -0.024589, -0.018857, 0.026889
7.679994, -0.027307, -0.024267, 0.026924
7.699994, -0.018989, -0.029044, 0.038689
7.719994, -0.012092, -0.032858, 0.036784
7.739994, -0.012435, -0.028190, 0.036151
7.759994, -0.026514, -0.032159, 0.031965
7.779994, -0.028852, -0.032811, 0.030772
7.799994, -0.027398, -0.031956, 0.035110
7.819993, -0.025781, -0.035999, 0.030739
7.839993, -0.018576, -0.020646, 0.023509
7.859993, -0.012694, -0.026091, 0.028886
7.879993, -0.011578, -0.024680, 0.013505
7.899993, -0.009477, -0.020812, 0.011973
7.919993, -0.001940, -0.011713, 0.012238
7.939993, -0.002699, -0.012357, -0.001199
7.959993, 0.004261, -0.016646, 0.003345
7.979993, 0.009013, -0.013757, 0.002063
7.999993, 0.010266, -0.012437, 0.006243
8.019994, 0.016073, -0.010938, -0.000158
8.039994, 0.015727, -0.006194, -0.001380
8.059995, 0.016490, 0.001387, -0.011874
8.079995, 0.013901, -0.004083, -0.008106
8.099996, 0.018466, 0.003288, -0.007376
8.119996, 0.018680, 0.003449, -0.014188
8.139997, 0.021623, 0.007399, -0.015805
8.159997, 0.027671, 0.017406, -0.021959
8.179997, 0.027632, 0.019801, -0.023758
8.199998, 0.031469, 0.038262, -0.039778
8.219998, 0.041792, 0.038479, -0.044606
8.239999, 0.029607, 0.054383, -0.043466
8.259999, 0.031731, 0.068043, -0.062344
8.280000, 0.044594, 0.024613, -0.037816
8.300000, 0.033951, 0.085325, -0.078666
8.320001, 0.061648, 0.078288, -0.103878
8.340001, 0.021067, 0.061504, -0.036138
8.360002, 0.016730, 0.101568, -0.047553
8.380002, 0.007941, 0.049674, -0.084016
8.400002, 0.049246, 0.035759, -0.033079
8.420003, 0.015098, 0.073019, -0.020315
8.440003, 0.017916, 0.032272, -0.058993
8.460004, -0.023202, 0.050621, -0.025160
8.480004, -0.015543, 0.062507, -0.029411
8.500005, -0.018546, 0.019542, -0.013577
8.520005, -0.018898, 0.030060, -0.006183
8.540006, -0.019027, 0.025025, 0.004326
8.560006, -0.039123, 0.019184, 0.003236
8.580007, -0.042893, 0.011192, 0.020153
8.600007, -0.052041, -0.009851, 0.031358
8.620008, -0.059782, -0.036180, 0.027001
8.640008, -0.077704, -0.046473, 0.040960
8.660008, -0.069714, -0.045820, 0.063407
8.680009, -0.029715, -0.064413, 0.071747
8.700009, -0.034760, -0.056577, 0.063151
8.720010, -0.040937, -0.065417, 0.062207
8.740010, -0.048124, -0.077324, 0.087725
8.760011, -0.046750, -0.087735, 0.079622
8.780011, -0.054576, -0.065178, 0.097720
8.800012, -0.032145, -0.052839, 0.047670
8.820012, -0.045719, -0.053323, 0.098607
8.840013, -0.060779, -0.075245, 0.089078
8.860013, -0.043317, -0.039569, 0.048246
8.880013, -0.059176, -0.030440, 0.057312
8.900014, -0.056971, -0.020492, 0.033009
8.920014, -0.092608, -0.005740, 0.033257
8.940015, -0.033701, -0.004243, -0.007525
8.960015, -0.021094, 0.026011, -0.001044
8.980016, -0.019993, 0.043633, -0.010985
9.000016, -0.008764, 0.042928, -0.003282
9.020017, -0.003575, 0.048809, -0.019390
9.040017, 0.018381, 0.029549, -0.015818
9.060018, 0.031595, 0.045465, -0.024215
9.080018, 0.040178, 0.066120, -0.055569
9.100019, 0.039357, 0.047276, -0.071235
9.120019, 0.067509, 0.061613, -0.060470
9.140019, 0.056758, 0.086136, -0.073417
9.160020, 0.026058, 0.090133, -0.105884
9.180020, 0.097473, 0.006836, -0.036171
9.200021, 0.060729, 0.083277, -0.085119
9.220021, 0.075786, 0.063594, -0.085961
9.240022, 0.064014, 0.023764, -0.064022
9.260022, 0.047060, 0.020974, -0.045793
9.280023, 0.033662, 0.032701, -0.032722
9.300023, 0.009277, 0.036757, -0.029094
9.320024, -0.007074, 0.065702, -0.041694
9.340024, -0.023420, 0.082776, 0.006108
9.360024, 0.003824, -0.022434, -0.010893
9.380025, -0.032658, 0.040822, -0.012326
9.400025, -0.041135, 0.049612, -0.007475
9.420026, -0.053845, 0.016126, 0.018183
9.440026, -0.044754, 0.035008, 0.037218
9.460027, -0.041889, 0.061862, 0.065977
9.480027, -0.026131, -0.035289, 0.050759
9.500028, -0.048648, -0.026044, 0.020460
9.520028, -0.043327, -0.029903, 0.019951
9.540029, -0.050532, -0.029697, 0.024332
9.560029, -0.057406, 0.001152, -0.025840
9.580029, -0.011990, -0.046059, 0.022432
9.600030, -0.017911, -0.043570, 0.042199
9.620030, -0.015971, -0.035361, 0.035721
9.640031, -0.005536, -0.030914, 0.027783
9.660031, -0.009280, -0.021676, 0.031399
9.680032, -0.003853, -0.022951, 0.027279
9.700032, -0.001027, -0.019800, 0.021854
9.720033, 0.002054, -0.022341, 0.020810
9.740033, 0.003900, -0.034591, 0.020843
9.760034, -0.001821, -0.027402, 0.018536
9.780034, -0.003169, -0.021308, 0.004343
9.800035, -0.000076, -0.014914, 0.009440
9.820035, -0.003436, -0.012320, 0.004463
9.840035, -0.006078, -0.008402, 0.005514
9.860036, 0.002467, -0.010164, -0.006786
9.880036, -0.001696, -0.010509, 0.007454
9.900037, 0.007724, -0.011586, 0.006464
9.920037, 0.005938, -0.007995, -0.003843
9.940038, -0.000342, -0.007993, 0.009078
9.960038, -0.003511, -0.006923, 0.009999
9.980039, 0.006451, -0.009546, -0.001597
10.000039, 0.008644, -0.010254, -0.002151
10.020040, 0.005667, -0.006455, -0.002331
10.040040, 0.002625, -0.010810, 0.000887
10.060040, 0.004406, -0.005780, 0.004223
10.080041, 0.008048, -0.002681, -0.000403
10.100041, 0.009613, -0.005181, 0.005154
10.120042, 0.010513, -0.005741, 0.005780
10.140042, 0.010685, -0.000859, -0.000189
10.160043, 0.006567, -0.005620, 0.000517
10.180043, -0.001957, -0.000942, 0.003938
10.200044, 0.005950, 0.000256, 0.005302
10.220044, 0.006020, 0.004361, -0.002951
10.240045, 0.012689, 0.002112, -0.010671
10.260045, 0.015239, 0.003616, -0.012643
10.280046, 0.017747, 0.007525, -0.023130
10.300046, 0.015968, 0.019470, -0.017842
10.320046, 0.015271, 0.019166, -0.023496
10.340047, 0.022542, 0.017580, -0.028617
10.360047, 0.026605, 0.026162, -0.025533
10.380048, 0.024716, 0.021009, -0.038119
10.400048, 0.023746, 0.033074, -0.052859
10.420049, 0.028021, 0.015568, -0.027477
10.440049, 0.024990, 0.032904, -0.038607
10.460050, 0.021142, 0.036582, -0.025380
10.480050, 0.017000, 0.047344, -0.034969
10.500051, 0.019369, 0.021388, -0.024927
10.520051, 0.009305, 0.019796, -0.022265
10.540051, 0.007339, 0.013456, -0.018091
10.560052, 0.005958, 0.011314, -0.007377
10.580052, -0.000662, 0.008774, -0.007122
10.600053, -0.002431, 0.014265, 0.005339
10.620053, -0.015870, 0.010734, 0.001580
10.640054, -0.020818, -0.001734, 0.009024
10.660054, -0.018446, -0.012363, 0.013097
10.680055, -0.023848, -0.013762, 0.025736
10.700055, -0.023453, -0.019326, 0.018447
10.720056, -0.026345, -0.024911, 0.033677
10.740056, -0.016925, -0.035566, 0.044993
10.760056, -0.009123, -0.040549, 0.038338
10.780057, -0.019546, -0.029216, 0.035158
10.800057, -0.017661, -0.033702, 0.032270
10.820058, -0.021609, -0.033475, 0.025589
10.840058, -0.021670, -0.035720, 0.036787
10.860059, -0.019213, -0.036785, 0.039141
10.880059, -0.014745, -0.021862, 0.030683
10.900060, -0.024104, -0.026675, 0.035440
10.920060, -0.032558, -0.017022, 0.037000
10.940061, -0.022034, -0.003926, 0.023250
10.960061, -0.031561, -0.025941, 0.036063
10.980062, -0.010824, -0.026820, 0.024914
11.000062, -0.013741, -0.022070, 0.025306
11.020062, -0.009797, -0.022492, 0.022033
11.040063, -0.006374, -0.016529, 0.013884
11.060063, -0.009313, -0.015440, 0.015614
11.080064, 0.001367, -0.007908, 0.004670
11.100064, 0.008760, -0.010188, 0.000375
11.120065, 0.012050, -0.008636, -0.007217
11.140065, 0.002829, 0.001404, -0.011359
11.160066, 0.012457, 0.007079, -0.017075
11.180066, 0.010273, 0.013853, -0.016075
11.200067, 0.018066, 0.020597, -0.018780
11.220067, 0.026734, 0.018990, -0.025039
11.240067, 0.024635, 0.023244, -0.025905
11.260068, 0.027441, 0.022206, -0.024149
11.280068, 0.030619, 0.029855, -0.031770
11.300069, 0.027449, 0.032979, -0.043151
11.320069, 0.024823, 0.042090, -0.047098
11.340070, 0.024697, 0.060498, -0.042741
11.360070, 0.026247, 0.064548, -0.055593
11.380071, 0.028910, 0.066734, -0.064436
11.400071, 0.034798, 0.073516, -0.080115
11.420072, 0.021702, 0.034160, -0.046946
11.440072, 0.037890, 0.043367, -0.038557
11.460073, 0.042319, 0.024732, -0.022469
11.480073, 0.018100, 0.047340, -0.037994
11.500073, 0.008020, 0.026819, -0.026518
11.520074, -0.002003, 0.056773, -0.029257
11.540074, -0.010415, 0.029298, -0.015832
11.560075, -0.002925, 0.030981, -0.009994
11.580075, -0.011241, 0.040267, -0.021168
11.600076, -0.008623, 0.006373, -0.005729
11.620076, -0.019055, 0.029755, -0.010906
11.640077, -0.020754, 0.017387, -0.009572
11.660077, -0.017748, -0.005800, 0.008127
11.680078, -0.020538, -0.009897, 0.011231
11.700078, -0.031532, -0.012035, 0.019612
11.720078, -0.041863, -0.030126, 0.037804
11.740079, -0.066183, -0.025357, 0.033104
11.760079, -0.065070, -0.034088, 0.070164
11.780080, -0.047898, -0.069573, 0.071774
11.800080, -0.023674, -0.085725, 0.036284
11.820081, -0.004695, -0.116387, 0.071005
11.840081, -0.006367, -0.081284, 0.100774
11.860082, -0.022265, -0.084042, 0.102378
11.880082, -0.041961, -0.019319, 0.048986
11.900083, -0.046227, -0.036491, 0.070220
11.920083, -0.087221, -0.019528, 0.144953
11.940084, -0.113074, 0.004725, 0.086111
11.960084, -0.048427, -0.041590, 0.078563
11.980084, -0.005708, 0.011494, -0.013022
12.000085, -0.036257, -0.061083, 0.043252
12.020085, -0.033217, -0.067694, 0.019683
12.040086, -0.020603, -0.046153, 0.013996
12.060086, -0.029983, 0.001851, -0.009133
12.080087, -0.018712, 0.015735, -0.016390
12.100087, -0.009101, 0.017315, -0.006566
12.120088, 0.002878, 0.013913, -0.012623
12.140088, 0.013632, 0.012070, -0.017330
12.160089, 0.018762, 0.013658, -0.019865
12.180089, 0.028049, 0.019191, -0.013521
12.200089, 0.033560, 0.013186, -0.026941
12.220090, 0.023851, 0.024958, -0.028223
12.240090, 0.026698, 0.028957, -0.018656
12.260091, 0.031207, 0.023716, -0.035898
12.280091, 0.044963, 0.024404, -0.042496
12.300092, 0.046349, 0.029087, -0.040523
12.320092, 0.041148, 0.047079, -0.062843
12.340093, 0.034384, 0.050761, -0.047730
12.360093, 0.051830, 0.038484, -0.051353
12.380094, 0.050448, 0.048449, -0.056772
12.400094, 0.045154, 0.068965, -0.079537
12.420094, 0.049728, 0.090404, -0.100230
12.440095, 0.079090, 0.035096, -0.096541
12.460095, 0.023162, 0.067080, -0.024935
12.480096, 0.008484, 0.080015, -0.059691
12.500096, 0.047193, 0.042109, -0.018955
12.520097, -0.014882, 0.099841, -0.031234
12.540097, 0.002472, 0.047674, 0.024037
12.560098, -0.022406, 0.081804, -0.035890
12.580098, 0.000616, 0.072783, -0.007929
12.600099, -0.016808, 0.041993, -0.000012
12.620099, -0.075344, 0.066177, -0.019661
12.640100, -0.100781, 0.082991, -0.013467
12.660100, -0.087940, 0.057932, -0.044887
12.680100, -0.049253, 0.008864, -0.010771
12.700101, -0.019715, -0.040246, 0.012655
12.720101, -0.032634, -0.021994, 0.028094
12.740102, -0.034017, -0.045575, 0.049561
12.760102, -0.029559, -0.049872, 0.048920
12.780103, -0.033722, -0.046453, 0.041328
12.800103, -0.026095, -0.069132, 0.059887
12.820104, -0.032438, -0.061957, 0.065878
12.840104, -0.029860, -0.075960, 0.080246
12.860105, -0.036223, -0.062644, 0.045299
12.880105, -0.030198, -0.064370, 0.067390
12.900105, -0.040490, -0.049659, 0.083076
12.920106, -0.046388, -0.016671, 0.040718
12.940106, -0.023439, -0.035006, 0.037534
12.960107, -0.033561, -0.060388, 0.062932
12.980107, 0.004320, -0.045280, 0.043574
13.000108, -0.022874, -0.035452, 0.039042
13.020108, -0.034566, -0.024636, 0.049331
13.040109, 0.002877, 0.000795, 0.006746
13.060109, -0.024536, -0.024131, 0.018352
13.080110, -0.016822, 0.004726, 0.013437
13.100110, -0.022823, 0.000287, 0.010096
13.120111, -0.019187, 0.006716, 0.010157
13.140111, -0.008033, 0.009375, -0.004294
13.160111, -0.008182, 0.005145, -0.004429
13.180112, 0.007386, 0.008649, -0.016978
13.200112, 0.002930, 0.013398, -0.010512
13.220113, 0.016460, 0.004733, -0.016213
13.240113, 0.025285, 0.003793, -0.014188
13.260114, 0.025521, -0.000243, -0.021093
13.280114, 0.014037, 0.014953, -0.012418
13.300115, 0.020310, 0.015551, -0.024685
13.320115, 0.020968, 0.000741, -0.015928
13.340116, 0.020854, 0.014218, -0.014754
13.360116, 0.020412, 0.010377, -0.028751
13.380116, 0.024415, 0.015408, -0.028053
13.400117, 0.029003, 0.012640, -0.035202
13.420117, 0.028553, 0.015662, -0.019966
13.440118, 0.029912, 0.013410, -0.018685
13.460118, 0.023276, 0.019912, -0.028766
13.480119, 0.022192, 0.032009, -0.030930
13.500119, 0.026333, 0.021386, -0.034276
13.520120, 0.030206, 0.016438, -0.020218
13.540120, 0.018985, 0.007676, -0.027018
13.560121, 0.012355, 0.026831, -0.022496
13.580121, 0.007307, 0.023318, -0.026047
13.600121, 0.003874, 0.019152, -0.024178
13.620122, 0.001188, 0.017469, -0.021100
13.640122, 0.013649, 0.010813, -0.011803
13.660123, 0.012814, 0.014090, -0.005497
13.680123, 0.005078, 0.007149, 0.000272
13.700124, 0.002419, 0.001893, 0.007341
13.720124, -0.005078, 0.002131, -0.001548
13.740125, -0.009141, 0.007761, -0.001678
13.760125, -0.011989, 0.007395, 0.009913
13.780126, -0.011543, 0.001371, 0.012218
13.800126, -0.015834, -0.003409, 0.001945
13.820127, -0.012620, -0.004584, 0.001004
13.840127, -0.010389, -0.004542, -0.001567
13.860127, -0.007011, -0.008518, 0.009353
13.880128, -0.003440, -0.012126, 0.010426
13.900128, -0.001034, -0.010059, 0.009706
13.920129, -0.004160, -0.010858, 0.012798
13.940129, -0.002414, -0.019339, 0.019425
13.960130, -0.008040, -0.025953, 0.017544
13.980130, -0.007951, -0.025863, 0.020627
14.000131, -0.005240, -0.028014, 0.027489
14.020131, -0.010627, -0.020005, 0.021327
14.040132, -0.016824, -0.029257, 0.036585
14.060132, -0.014997, -0.021864, 0.039056
14.080132, -0.021548, -0.032269, 0.027235
14.100133, -0.020184, -0.039924, 0.042181
14.120133, -0.023612, -0.023957, 0.035721
14.140134, -0.029495, -0.029489, 0.018981
14.160134, -0.026462, -0.023278, 0.039119
14.180135, -0.018071, -0.034333, 0.019241
14.200135, -0.010500, -0.031866, 0.033937
14.220136, -0.010934, -0.031772, 0.022249
14.240136, -0.009412, -0.017916, 0.015908
14.260137, -0.013662, -0.021369, 0.019952
14.280137, -0.004651, -0.008089, 0.008867
14.300138, 0.001257, -0.013559, 0.005992
14.320138, 0.002495, -0.010339, 0.001860
14.340138, 0.001507, -0.004540, 0.006843
14.360139, 0.003981, -0.000850, -0.007082
14.380139, 0.006215, -0.005117, -0.003589
14.400140, 0.015761, -0.004398, -0.004934
14.420140, 0.014869, -0.008791, -0.008686
14.440141, 0.021679, -0.008311, -0.008338
14.460141, 0.013422, -0.003156, -0.007128
14.480142, 0.014505, -0.003173, -0.009632
14.500142, 0.018747, -0.000206, 0.002805
14.520143, 0.024188, -0.004160, -0.005799
14.540143, 0.029417, -0.003191, -0.017555
14.560143, 0.028652, 0.002846, -0.016403
14.580144, 0.032276, 0.014436, -0.024821
14.600144, 0.033747, 0.016075, -0.031225
14.620145, 0.032847, 0.021080, -0.035479
14.640145, 0.033652, 0.025479, -0.029720
14.660146, 0.036749, 0.036368, -0.034480
14.680146, 0.033236, 0.034402, -0.036779
14.700147, 0.023566, 0.053174, -0.044945
14.720147, 0.013560, 0.036606, -0.071184
14.740148, 0.023746, 0.076269, -0.048117
14.760148, 0.023620, 0.088105, -0.079374
14.780149, 0.016311, 0.013571, -0.048524
14.800149, 0.035286, 0.066025, -0.049526
14.820149, 0.044328, 0.043699, -0.054709
14.840150, 0.013600, 0.060870, -0.042025
14.860150, -0.003683, 0.029491, -0.008684
14.880151, -0.010740, 0.035947, -0.001889
14.900151, -0.012781, 0.039095, -0.007236
14.920152, -0.017164, 0.029961, -0.007114
14.940152, -0.026071, 0.020523, 0.005522
14.960153, -0.028922, -0.013408, 0.029684
14.980153, -0.028172, -0.011792, 0.025304
15.000154, -0.041277, -0.027713, 0.030903
15.020154, -0.032712, -0.047531, 0.036706
15.040154, -0.042704, -0.041476, 0.046696
15.060155, -0.053242, -0.042512, 0.064591
15.080155, -0.057879, -0.018965, 0.053834
15.100156, -0.048774, -0.053848, 0.082324
15.120156, -0.053486, -0.034269, 0.068061
15.140157, -0.051106, -0.041907, 0.073383
15.160157, -0.049385, -0.076426, 0.087436
15.180158, -0.051694, -0.077477, 0.069176
15.200158, -0.055529, -0.086763, 0.053745
15.220159, -0.084912, -0.063732, 0.006901
15.240159, -0.037583, -0.018400, 0.055070
15.260159, -0.047847, -0.035772, 0.040608
15.280160, -0.082983, -0.035408, 0.031525
15.300160, -0.016349, -0.065413, 0.020573
15.320161, 0.005004, -0.056622, 0.054398
15.340161, -0.011254, -0.024986, 0.036423
15.360162, -0.030181, -0.003085, 0.041193
15.380162, -0.048269, 0.014183, 0.030803
15.400163, -0.042992, 0.020819, -0.000203
15.420163, -0.025109, -0.000947, -0.001594
15.440164, -0.016237, 0.007570, 0.020364
15.460164, -0.002510, 0.017930, -0.000444
15.480165, 0.003135, 0.018416, 0.006555
15.500165, 0.015022, 0.019003, -0.008099
15.520165, 0.025457, 0.015872, -0.012672
15.540166, 0.029179, 0.013798, -0.008984
15.560166, 0.038444, 0.001845, -0.015625
15.580167, 0.043088, 0.007796, -0.017256
15.600167, 0.052354, 0.011092, -0.026479
15.620168, 0.050850, 0.021878, -0.038073
15.640168, 0.051974, 0.018616, -0.035632
15.660169, 0.063639, 0.022222, -0.046012
15.680169, 0.067744, 0.040881, -0.070546
15.700170, 0.077034, 0.050953, -0.058708
15.720170, 0.073374, 0.042259, -0.076577
15.740170, 0.111826, 0.076388, -0.090650
15.760171, 0.030772, 0.113821, -0.039118
15.780171, 0.041398, 0.066410, -0.156058
15.800172, 0.064125, 0.105248, -0.155918
15.820172, 0.099014, 0.067110, -0.115773
15.840173, 0.026304, 0.072509, -0.103357
15.860173, -0.022603, 0.143707, -0.021149
15.880174, -0.014524, 0.091497, -0.040927
15.900174, -0.036725, 0.148235, 0.000371
15.920175, -0.038763, 0.083010, -0.021721
15.940175, -0.101708, 0.159876, -0.071953
15.960176, -0.099210, 0.024436, -0.054618
15.980176, -0.119872, 0.051890, 0.041345
16.000175, -0.177880, 0.154810, 0.031404
16.020176, -0.130457, 0.045518, -0.008376
16.040176, -0.120222, 0.061445, -0.002994
16.060177, -0.080502, 0.003691, 0.033507
16.080177, -0.089635, -0.090256, 0.151339
16.100178, -0.062465, -0.105132, 0.122126
16.120178, -0.036289, -0.097762, 0.092966
16.140179, -0.041317, -0.086748, 0.079574
16.160179, -0.048722, -0.095928, 0.148021
16.180180, -0.037379, -0.081510, 0.126465
16.200180, -0.039528, -0.072457, 0.144281
16.220181, -0.023211, -0.037528, 0.032002
16.240181, -0.021316, -0.082579, 0.079049
16.260181, -0.043279, -0.065569, 0.076795
16.280182, -0.027403, -0.049008, 0.065911
16.300182, -0.023508, -0.017284, 0.033229
16.320183, -0.031761, -0.012301, 0.024174
16.340183, -0.020812, -0.018949, -0.020860
16.360184, -0.014849, 0.011275, 0.002225
16.380184, -0.003302, 0.018666, -0.006427
16.400185, 0.010587, 0.024326, -0.015027
16.420185, 0.028137, 0.027314, -0.023848
16.440186, 0.038958, 0.028637, -0.035641
16.460186, 0.048324, 0.023831, -0.039915
16.480186, 0.033735, 0.045274, -0.055116
16.500187, 0.038048, 0.035523, -0.034486
16.520187, 0.040886, 0.031443, -0.038897
16.540188, 0.048171, 0.027360, -0.056696
16.560188, 0.052278, 0.036750, -0.031314
16.580189, 0.024257, 0.021233, -0.024136
16.600189, 0.020995, 0.004359, -0.020785
16.620190, 0.019764, 0.000190, -0.001393
16.640190, 0.008834, -0.000192, -0.010368
16.660191, 0.005379, 0.002447, -0.006128
16.680191, 0.009887, -0.002515, -0.002758
16.700191, 0.008393, 0.000219, -0.012395
16.720192, 0.002937, 0.000456, 0.000862
16.740192, -0.000555, 0.004007, -0.002522
16.760193, 0.005432, 0.001853, 0.005747
16.780193, 0.008779, 0.000525, -0.008142
16.800194, 0.007676, 0.002703, -0.002613
16.820194, 0.007547, -0.001623, -0.000978
16.840195, 0.010477, 0.005075, -0.009843
16.860195, 0.006711, 0.007961, -0.006313
16.880196, 0.005887, 0.010824, -0.012187
16.900196, 0.000375, 0.009430, -0.014164
16.920197, 0.017490, 0.004298, -0.011239
16.940197, 0.015404, 0.009145, -0.010299
16.960197, 0.019865, 0.006670, -0.017005
16.980198, 0.010898, 0.012302, -0.010943
17.000198, 0.008701, 0.014603, -0.016638
17.020199, 0.007663, 0.001664, -0.010752
17.040199, 0.014468, -0.000903, -0.009385
17.060200, 0.009317, -0.005344, -0.004223
17.080200, 0.007647, -0.005065, -0.006231
17.100201, 0.007641, 0.003596, -0.004053
17.120201, -0.004738, 0.011385, -0.000904
17.140202, 0.003358, -0.002170, 0.004810
17.160202, -0.000393, -0.002030, 0.002559
17.180202, -0.005104, -0.009061, 0.009453
17.200203, 0.000803, -0.017300, 0.014056
17.220203, -0.001946, -0.015535, 0.008404
17.240204, -0.003315, -0.012221, 0.008723
17.260204, 0.000761, -0.014669, 0.004148
17.280205, -0.000647, -0.024438, 0.005100
17.300205, -0.004643, -0.023199, 0.015820
17.320206, -0.002778, -0.031693, 0.018856
17.340206, -0.003758, -0.035640, 0.031429
17.360207, -0.008289, -0.030864, 0.029282
17.380207, -0.007009, -0.028234, 0.031137
17.400208, -0.010707, -0.022466, 0.028000
17.420208, -0.013089, -0.017896, 0.020258
17.440208, -0.013820, -0.026011, 0.020204
17.460209, -0.010665, -0.023561, 0.014289
17.480209, -0.012846, -0.022943, 0.003382
17.500210, -0.010349, -0.019679, 0.014434
17.520210, -0.007149, -0.016898, 0.011477
17.540211, 0.002202, -0.018383, 0.019918
17.560211, 0.003452, -0.015093, 0.009233
17.580212, 0.005976, -0.009259, 0.006221
17.600212, 0.006830, -0.004191, 0.003949
17.620213, 0.011708, -0.006720, -0.000616
17.640213, 0.014040, -0.005449, 0.000821
17.660213, 0.009569, 0.002284, 0.002826
17.680214, 0.011855, 0.001894, -0.015231
17.700214, 0.012932, 0.014369, -0.010952
17.720215, 0.026456, 0.013797, -0.018265
17.740215, 0.024465, 0.014132, -0.023840
17.760216, 0.022579, 0.028576, -0.019233
17.780216, 0.021774, 0.027275, -0.038385
17.800217, 0.031519, 0.033345, -0.048840
17.820217, 0.031442, 0.039909, -0.048734
17.840218, 0.032860, 0.037582, -0.057045
17.860218, 0.033589, 0.052606, -0.070804
17.880219, 0.040643, 0.020960, -0.039676
17.900219, 0.025903, 0.040365, -0.053812
17.920219, 0.023251, 0.055931, -0.043118
17.940220, 0.010810, 0.039664, -0.023215
17.960220, 0.019156, 0.048810, -0.035301
17.980221, 0.015024, 0.052467, -0.033225
18.000221, 0.005048, 0.050619, -0.031312
18.020222, 0.010289, 0.010959, -0.019977
18.040222, -0.000671, 0.014590, 0.000373
18.060223, -0.009686, -0.001070, 0.022981
18.080223, -0.025341, -0.004329, 0.018087
18.100224, -0.027767, -0.016391, 0.027123
18.120224, -0.039914, -0.018649, 0.029202
18.140224, -0.049802, -0.021978, 0.035778
18.160225, -0.053466, -0.031275, 0.016335
18.180225, -0.054824, -0.038056, 0.042429
18.200226, -0.017712, -0.054616, -0.007879
18.220226, -0.018203, -0.064122, 0.065219
18.240227, -0.004145, -0.082579, 0.084867
18.260227, 0.008205, -0.073427, 0.049925
18.280228, -0.023490, -0.047156, 0.073850
18.300228, -0.056441, -0.031725, 0.091679
18.320229, -0.045363, -0.015463, 0.054569
18.340229, -0.051677, -0.034347, 0.066897
18.360229, -0.024358, -0.056463, 0.073434
18.380230, -0.031167, -0.024466, 0.059965
18.400230, -0.073907, -0.034636, 0.069115
18.420231, -0.097131, -0.035118, 0.110493
18.440231, -0.012478, -0.029892, -0.006224
18.460232, -0.059404, -0.022162, 0.038369
18.480232, -0.064133, -0.007837, 0.008879
18.500233, 0.000680, 0.013810, -0.033624
18.520233, -0.005220, 0.016606, -0.002728
18.540234, 0.006089, 0.014946, -0.017047
18.560234, 0.027514, 0.011683, -0.025542
18.580235, 0.022588, 0.022126, -0.019640
18.600235, 0.038707, 0.016201, -0.039585
18.620235, 0.047220, 0.020093, -0.047981
18.640236, 0.055923, 0.020823, -0.039223
18.660236, 0.055115, 0.019856, -0.047070
18.680237, 0.053524, 0.032093, -0.050948
18.700237, 0.063041, 0.043563, -0.056234
18.720238, 0.050297, 0.065175, -0.056973
18.740238, 0.046539, 0.072068, -0.069666
18.760239, 0.061350, 0.066410, -0.080355
18.780239, 0.045067, 0.047878, -0.030293
18.800240, 0.016096, 0.040474, -0.062481
18.820240, 0.054928, 0.031283, -0.052001
18.840240, 0.046296, 0.037658, -0.049774
18.860241, 0.034184, 0.077594, -0.076940
18.880241, 0.020989, 0.031266, -0.064148
18.900242, 0.011246, 0.034636, -0.024163
18.920242, 0.018713, 0.053487, -0.028949
18.940243, 0.000152, 0.065934, -0.021212
18.960243, -0.012873, 0.069101, -0.033624
18.980244, -0.002238, 0.072335, -0.022289
19.000244, -0.056321, 0.033619, -0.000864
19.020245, -0.025479, 0.008158, -0.018406
19.040245, -0.025302, 0.013915, -0.005558
19.060246, -0.028807, 0.005213, 0.003051
19.080246, -0.042473, 0.000988, 0.009272
19.100246, -0.067165, -0.001587, 0.018246
19.120247, -0.069464, -0.012178, 0.013712
19.140247, -0.084354, -0.002292, 0.078243
19.160248, 0.012099, -0.028507, 0.081732
19.180248, -0.019120, -0.044785, 0.044020
19.200249, -0.035953, -0.075218, 0.068631
19.220249, -0.042106, -0.064875, 0.069364
19.240250, -0.049607, -0.066861, 0.038363
19.260250, -0.063093, -0.089515, 0.098701
19.280251, -0.003119, -0.125729, 0.088900
19.300251, -0.042092, -0.045491, 0.028173
19.320251, -0.065087, -0.045525, 0.070733
19.340252, -0.084691, -0.011702, 0.083306
19.360252, -0.016035, -0.073546, 0.028412
19.380253, -0.058496, -0.067675, 0.039805
19.400253, -0.030518, -0.062261, 0.027430
19.420254, -0.051722, -0.032788, 0.058507
19.440254, -0.073739, 0.062106, 0.085563
19.460255, -0.061741, 0.037858, 0.129969
19.480255, -0.046068, 0.014013, 0.054871
19.500256, 0.033679, 0.006309, 0.046558
19.520256, -0.001857, -0.017855, -0.006228
19.540257, -0.009334, -0.006483, -0.022381
19.560257, -0.000009, 0.009425, -0.029570
19.580257, 0.010257, 0.023910, -0.040945
19.600258, 0.019644, 0.037528, -0.037172
19.620258, 0.034213, 0.029074, -0.049735
19.640259, 0.043868, 0.032931, -0.055839
19.660259, 0.053438, 0.054462, -0.065243
19.680260, 0.045423, 0.035599, -0.079771
19.700260, 0.077799, 0.071800, -0.061490
19.720261, 0.036566, 0.062619, -0.070959
19.740261, 0.063272, 0.062433, -0.085964
19.760262, 0.060994, 0.046367, -0.085006
19.780262, 0.069494, 0.082516, -0.100437
19.800262, 0.081052, 0.024717, -0.062152
19.820263, 0.019247, 0.056799, -0.048937
19.840263, 0.039920, 0.026783, -0.048815
19.860264, 0.028756, 0.049582, -0.038946
19.880264, 0.003949, 0.063756, -0.050604
19.900265, -0.017013, 0.048328, 0.002517
19.920265, -0.041765, 0.040420, 0.001397
19.940266, -0.037351, 0.009024, 0.018384
19.960266, -0.038239, -0.009026, 0.028607
19.980267, -0.049025, -0.021729, 0.035067
20.000267, -0.069362, -0.000174, 0.015871
20.020267, -0.066537, -0.017426, 0.077587
20.040268, -0.031806, 0.006744, -0.050210
20.060268, -0.019642, -0.029064, 0.013967
20.080269, -0.015863, -0.046135, 0.042528
20.100269, -0.003787, -0.043465, 0.036901
20.120270, -0.003014, -0.057161, 0.040028
20.140270, -0.002000, -0.045875, 0.046528
20.160271, -0.008868, -0.038873, 0.038187
20.180271, -0.023392, -0.036683, 0.044799
20.200272, -0.025494, -0.031029, 0.056361
20.220272, -0.027338, -0.033073, 0.046109
20.240273, -0.023562, -0.030480, 0.030914
20.260273, -0.029019, -0.029050, 0.031921
20.280273, -0.028472, -0.031934, 0.042819
20.300274, -0.023372, -0.015190, 0.012444
20.320274, -0.008203, -0.014775, 0.012788
20.340275, -0.001822, -0.007894, 0.010397
20.360275, 0.009355, -0.011458, 0.007693
20.380276, 0.007489, -0.011072, -0.000675
20.400276, 0.004880, -0.005152, -0.003028
20.420277, 0.000584, -0.002882, 0.010056
20.440277, 0.009266, -0.000246, -0.003462
20.460278, 0.018572, 0.007470, -0.011691
20.480278, 0.014367, 0.003740, -0.008978
20.500278, 0.007281, 0.009856, -0.002107
20.520279, 0.014910, 0.006903, -0.011478
20.540279, 0.015501, 0.005118, -0.012530
20.560280, 0.013139, 0.011805, -0.010301
20.580280, 0.010889, 0.010235, -0.011264
20.600281, 0.019951, 0.007878, -0.016703
20.620281, 0.019237, 0.002565, -0.014117
20.640282, 0.015573, 0.002808, -0.009614
20.660282, 0.011376, 0.008899, -0.009437
20.680283, 0.014405, 0.008570, -0.013636
20.700283, 0.018735, 0.019231, -0.030501
20.720284, 0.014642, 0.016657, -0.023237
20.740284, 0.021236, 0.022484, -0.030341
20.760284, 0.032380, 0.037154, -0.033810
20.780285, 0.024709, 0.032165, -0.034677
20.800285, 0.024462, 0.013795, -0.022100
20.820286, 0.026915, 0.036806, -0.037617
20.840286, 0.021733, 0.033160, -0.035718
20.860287, 0.015840, 0.039077, -0.053455
20.880287, 0.014359, 0.023762, -0.024621
20.900288, 0.014668, 0.032365, -0.031054
20.920288, 0.017606, 0.027717, -0.033079
20.940289, 0.011699, 0.006000, -0.006798
20.960289, 0.002459, 0.004594, 0.007334
20.980289, -0.003119, -0.000611, 0.001557
21.000290, -0.011489, -0.001767, 0.009350
21.020290, -0.023215, -0.001974, 0.021916
21.040291, -0.023513, -0.016183, 0.025476
21.060291, -0.025166, -0.011610, 0.017721
21.080292, -0.026457, -0.020274, 0.030828
21.100292, -0.028106, -0.020924, 0.034144
21.120293, -0.019681, -0.021644, 0.025411
21.140293, -0.019920, -0.022365, 0.024470
21.160294, -0.017422, -0.025546, 0.031149
21.180294, -0.012323, -0.030151, 0.033006
21.200294, -0.008121, -0.034566, 0.041405
21.220295, -0.013536, -0.036651, 0.038208
21.240295, -0.015450, -0.018215, 0.036565
21.260296, -0.020782, -0.023170, 0.025603
21.280296, -0.024769, -0.026567, 0.024669
21.300297, -0.027384, -0.018967, 0.026742
21.320297, -0.016850, -0.020950, 0.025926
21.340298, -0.004606, -0.016577, 0.009106
21.360298, -0.006167, -0.013579, 0.008482
21.380299, -0.002200, -0.019576, 0.016935
21.400299, -0.003991, 0.000255, 0.007619
21.420300, -0.002352, 0.006131, -0.007591
21.440300, 0.004190, 0.008381, -0.012392
21.460300, 0.007511, 0.005115, -0.009263
21.480301, 0.012487, 0.008280, -0.007454
21.500301, 0.017284, 0.011328, -0.019614
21.520302, 0.017791, 0.016976, -0.022705
21.540302, 0.014696, 0.022689, -0.021604
21.560303, 0.023923, 0.019316, -0.022427
21.580303, 0.022735, 0.026307, -0.023381
21.600304, 0.025153, 0.032267, -0.029768
21.620304, 0.027939, 0.040340, -0.037777
21.640305, 0.027092, 0.031915, -0.037650
21.660305, 0.023991, 0.033887, -0.045658
21.680305, 0.028770, 0.039627, -0.044553
21.700306, 0.016527, 0.060584, -0.046444
21.720306, 0.030277, 0.019470, -0.036787
21.740307, 0.026969, 0.048409, -0.057230
21.760307, 0.045169, 0.045016, -0.050875
21.780308, -0.007572, 0.078398, -0.020057
21.800308, 0.010899, 0.067729, -0.003592
21.820309, 0.008717, 0.056282, -0.054745
21.840309, 0.022027, 0.034565, -0.048023
21.860310, 0.026378, 0.029187, -0.041772
21.880310, 0.011944, -0.013372, -0.013954
21.900311, -0.011282, 0.025561, -0.012569
21.920311, -0.019541, 0.028861, 0.000649
21.940311, -0.020892, 0.024237, 0.001733
21.960312, -0.032117, 0.012941, 0.004088
21.980312, -0.030227, 0.002491, 0.010824
22.000313, -0.028097, -0.021564, 0.016095
22.020313, -0.020317, -0.033096, 0.030218
22.040314, -0.033663, -0.022785, 0.030911
22.060314, -0.036442, -0.038992, 0.035450
22.080315, -0.037050, -0.042254, 0.046426
22.100315, -0.032536, -0.055952, 0.070232
22.120316, -0.032476, -0.048298, 0.064959
22.140316, -0.042660, -0.045044, 0.063931
22.160316, -0.043326, -0.051161, 0.058207
22.180317, -0.033553, -0.055880, 0.052527
22.200317, -0.029066, -0.069709, 0.066954
22.220318, -0.017838, -0.045204, 0.019408
22.240318, -0.037526, -0.048917, 0.068737
22.260319, -0.072173, -0.005150, 0.046605
22.280319, -0.018669, -0.052035, 0.062427
22.300320, -0.030363, -0.061241, 0.055250
22.320320, -0.028834, -0.069525, 0.061003
22.340321, -0.030715, -0.024118, 0.050238
22.360321, -0.037027, 0.029040, 0.070372
22.380322, -0.025123, 0.061345, -0.003001
22.400322, -0.034373, 0.009143, -0.002154
22.420322, -0.016025, -0.016171, -0.020875
22.440323, -0.004617, -0.000853, -0.010297
22.460323, -0.001564, 0.000799, -0.004200
22.480324, 0.011444, 0.002799, -0.010362
22.500324, 0.021893, 0.008034, -0.019120
22.520325, 0.018042, 0.012609, -0.014142
22.540325, 0.023698, 0.017486, -0.033204
22.560326, 0.021485, 0.027111, -0.017301
22.580326, 0.036172, 0.019232, -0.043025
22.600327, 0.039168, 0.020367, -0.041797
22.620327, 0.041940, 0.027331, -0.042502
22.640327, 0.033646, 0.036877, -0.043733
22.660328, 0.048624, 0.038575, -0.049433
22.680328, 0.041980, 0.058841, -0.058836
22.700329, 0.041151, 0.060637, -0.066650
22.720329, 0.031123, 0.063240, -0.067273
22.740330, 0.052909, 0.064976, -0.081046
22.760330, 0.045389, 0.033291, -0.062382
22.780331, 0.021122, 0.057479, -0.050854
22.800331, 0.024457, 0.084512, -0.042704
22.820332, -0.016380, 0.096495, -0.055809
22.840332, -0.038615, 0.065585, -0.060609
22.860332, -0.004317, 0.033731, -0.018141
22.880333, 0.024237, 0.030974, -0.015075
22.900333, 0.004780, 0.028463, -0.011740
22.920334, -0.006855, 0.017317, -0.009321
22.940334, -0.007751, -0.008631, 0.025868
22.960335, -0.025727, -0.004346, 0.023648
22.980335, -0.039048, 0.002411, 0.021802
23.000336, -0.049925, -0.006921, 0.012067
23.020336, -0.059569, -0.018055, 0.037347
23.040337, -0.075800, -0.004586, 0.083305
23.060337, -0.065510, -0.057181, 0.140492
23.080338, -0.028907, -0.017468, -0.027426
23.100338, -0.019352, -0.052534, 0.049904
23.120338, -0.009465, -0.047838, 0.039572
23.140339, -0.009322, -0.051119, 0.040503
23.160339, -0.008041, -0.043763, 0.049619
23.180340, -0.005782, -0.038275, 0.042585
23.200340, -0.002493, -0.047612, 0.034675
23.220341, -0.004211, -0.026998, 0.030462
23.240341, -0.017536, -0.036473, 0.021547
23.260342, -0.016062, -0.041721, 0.023674
23.280342, -0.013405, -0.025346, 0.032275
23.300343, -0.026332, -0.020781, 0.023446
23.320343, -0.024542, -0.016924, 0.019487
23.340343, -0.021770, -0.018081, 0.023844
23.360344, -0.017233, -0.013869, 0.017984
23.380344, -0.012347, -0.015064, 0.020571
23.400345, -0.019743, -0.009355, 0.010366
23.420345, -0.017649, -0.003128, 0.002594
23.440346, -0.007611, -0.000050, -0.008300
23.460346, -0.003898, -0.008611, 0.003177
23.480347, -0.004678, -0.002177, 0.014583
23.500347, 0.000271, -0.001320, 0.002613
23.520348, -0.002828, 0.002933, 0.013285
23.540348, 0.006205, -0.012466, 0.020473
23.560349, 0.004894, -0.011785, 0.000572
23.580349, 0.005324, -0.002778, -0.004210
23.600349, 0.008949, -0.004499, -0.001707
23.620350, 0.016029, -0.002047, -0.014729
23.640350, 0.017814, 0.008003, -0.006858
23.660351, 0.019363, 0.002951, -0.008986
23.680351, 0.019291, 0.008740, -0.014805
23.700352, 0.023513, 0.015660, -0.022330
23.720352, 0.023145, 0.021207, -0.022855
23.740353, 0.025859, 0.027438, -0.031332
23.760353, 0.028843, 0.037226, -0.028401
23.780354, 0.027895, 0.047098, -0.047864
23.800354, 0.039092, 0.046630, -0.048325
23.820354, 0.044263, 0.051663, -0.057758
23.840355, 0.039620, 0.060567, -0.068769
23.860355, 0.031305, 0.051019, -0.045378
23.880356, 0.027710, 0.039649, -0.050710
23.900356, 0.023060, 0.056432, -0.059198
23.920357, 0.036399, 0.030681, -0.035474
23.940357, 0.018114, 0.082519, -0.064384
23.960358, -0.008268, 0.082358, -0.078425
23.980358, 0.068148, 0.089991, 0.004193
24.000359, 0.044331, 0.006124, 0.010163
24.020359, -0.032194, 0.028175, -0.017521
24.040359, -0.040192, 0.029857, 0.006882
24.060360, -0.049460, 0.035702, -0.012677
24.080360, -0.037817, -0.005987, 0.032703
24.100361, -0.060616, 0.027738, -0.001685
24.120361, -0.016896, -0.019768, -0.000864
24.140362, -0.046676, 0.018331, 0.006059
24.160362, -0.057449, -0.006078, 0.023849
24.180363, -0.061000, 0.009243, 0.003363
24.200363, -0.078159, -0.004070, 0.053220
24.220364, -0.014238, -0.061544, 0.033203
24.240364, -0.013650, -0.035951, 0.032855
24.260365, -0.006652, -0.038059, 0.031000
24.280365, -0.004075, -0.056075, 0.043552
24.300365, -0.003394, -0.058089, 0.043018
24.320366, -0.006393, -0.059935, 0.049502
24.340366, -0.008228, -0.064905, 0.058505
24.360367, -0.018795, -0.066843, 0.051418
24.380367, -0.029956, -0.060293, 0.064800
24.400368, -0.014530, -0.033230, 0.055153
24.420368, -0.041132, -0.027714, 0.042848
24.440369, -0.057023, -0.021405, 0.035453
24.460369, -0.047649, -0.045657, 0.037856
24.480370, -0.060286, -0.017054, 0.063625
24.500370, -0.063089, -0.006394, 0.034256
24.520370, -0.049720, -0.031476, 0.014891
24.540371, 0.005848, 0.009663, -0.003820
24.560371, 0.002881, -0.002345, 0.005032
24.580372, 0.010643, -0.006945, -0.000895
24.600372, 0.018449, -0.005715, -0.010762
24.620373, 0.021914, 0.006697, -0.011586
24.640373, 0.019951, 0.010779, -0.017316
24.660374, 0.010753, 0.015826, -0.007014
24.680374, 0.016347, 0.018173, -0.008961
24.700375, 0.018643, 0.019938, -0.017131
24.720375, 0.017315, 0.019266, -0.021940
24.740376, 0.019778, 0.019288, -0.021963
24.760376, 0.022301, 0.013509, -0.021487
24.780376, 0.026419, 0.014043, -0.021261
24.800377, 0.032236, 0.017881, -0.022171
24.820377, 0.029763, 0.030067, -0.035012
24.840378, 0.034661, 0.032572, -0.032962
24.860378, 0.028290, 0.039800, -0.051879
24.880379, 0.036772, 0.048944, -0.051114
24.900379, 0.036808, 0.057691, -0.051460
24.920380, 0.043865, 0.030025, -0.037411
24.940380, 0.034560, 0.044240, -0.056650
24.960381, 0.031877, 0.017395, -0.040373
24.980381, 0.012984, 0.042366, -0.049299
25.000381, 0.014683, 0.066405, -0.040226
25.020382, 0.017403, 0.031920, -0.024003
25.040382, 0.000827, 0.031882, -0.017484
25.060383, -0.000464, 0.039504, -0.019246
25.080383, -0.018714, 0.043862, -0.012928
25.100384, -0.013889, 0.027996, -0.011187
25.120384, -0.024759, 0.034147, -0.009770
25.140385, -0.037629, 0.035230, 0.003882
25.160385, -0.046211, 0.030770, 0.006490
25.180386, -0.031813, 0.008567, 0.001334
25.200386, -0.026407, -0.024892, 0.014035
25.220387, -0.019485, -0.028113, 0.031826
25.240387, -0.020996, -0.027968, 0.030838
25.260387, -0.037909, -0.031790, 0.035153
25.280388, -0.044259, -0.024878, 0.028852
25.300388, -0.039891, -0.040056, 0.051938
25.320389, -0.009198, -0.030967, -0.023851
25.340389, -0.002960, -0.061244, 0.050811
25.360390, 0.003489, -0.038922, 0.029960
25.380390, -0.001979, -0.046702, 0.051555
25.400391, -0.008277, -0.038259, 0.049503
25.420391, -0.018822, -0.033237, 0.037340
25.440392, -0.020207, -0.050123, 0.060883
25.460392, -0.020317, -0.058652, 0.062616
25.480392, -0.028775, -0.055769, 0.048128
25.500393, -0.045893, -0.055946, 0.048648
25.520393, -0.004602, -0.056519, 0.039125
25.540394, -0.036373, -0.004234, 0.029392
25.560394, -0.028027, 0.004990, 0.024020
25.580395, -0.025856, 0.000584, 0.028080
25.600395, -0.039837, 0.007148, 0.029567
25.620396, -0.038972, 0.010059, 0.036441
25.640396, -0.027737, -0.003484, -0.015384
25.660397, -0.008015, 0.019179, -0.010014
25.680397, 0.014088, 0.010158, -0.026858
25.700397, 0.029870, 0.016004, -0.026793
25.720398, 0.039357, 0.016356, -0.017884
25.740398, 0.045366, 0.017932, -0.039599
25.760399, 0.044803, 0.029697, -0.035004
25.780399, 0.046656, 0.027995, -0.052707
25.800400, 0.051016, 0.022444, -0.054817
25.820400, 0.049615, 0.030551, -0.051251
25.840401, 0.039340, 0.035166, -0.043532
25.860401, 0.034078, 0.053740, -0.050793
25.880402, 0.033513, 0.053884, -0.048561
25.900402, 0.032324, 0.007245, -0.042072
25.920403, 0.026612, 0.028711, -0.038562
25.940403, 0.020484, 0.038386, -0.050730
25.960403, 0.008493, 0.038924, -0.029663
25.980404, 0.019135, 0.025865, -0.031296
26.000404, 0.013807, 0.030247, -0.021031
26.020405, 0.001473, 0.048915, -0.029409
26.040405, 0.000497, 0.045773, -0.021356
26.060406, -0.014360, 0.055015, -0.015729
26.080406, -0.007996, 0.040876, -0.002155
26.100407, -0.009584, 0.017215, 0.011210
26.120407, -0.018512, 0.008852, 0.003651
26.140408, -0.029164, 0.019469, 0.000343
26.160408, -0.031697, 0.014515, 0.003759
26.180408, -0.023948, 0.006938, 0.014591
26.200409, -0.021287, 0.003780, 0.010138
26.220409, -0.022215, -0.005533, 0.004616
26.240410, -0.023342, -0.008608, 0.012594
26.260410, -0.019564, -0.008430, 0.018907
26.280411, -0.011975, -0.005375, 0.016739
26.300411, -0.005089, -0.013273, 0.008900
26.320412, -0.006868, -0.009633, 0.012932
26.340412, -0.008443, -0.013410, 0.009148
26.360413, -0.007979, -0.022464, 0.019467
26.380413, -0.003686, -0.023303, 0.019711
26.400414, -0.006665, -0.025621, 0.019774
26.420414, -0.009722, -0.029153, 0.021115
26.440414, -0.003505, -0.031409, 0.029104
26.460415, -0.001711, -0.034753, 0.018294
26.480415, -0.003218, -0.026218, 0.015513
26.500416, -0.010902, -0.022819, 0.016072
26.520416, -0.010641, -0.016282, 0.013868
26.540417, -0.007453, -0.020813, 0.020410
26.560417, -0.011712, -0.026486, 0.013707
26.580418, -0.006894, -0.025042, 0.024164
26.600418, -0.007290, -0.019680, 0.014847
26.620419, -0.012942, -0.013463, 0.008123
26.640419, -0.020804, -0.008855, 0.023423
26.660419, -0.018738, -0.012051, 0.019200
26.680420, -0.004429, -0.017544, 0.016424
26.700420, -0.006374, -0.016672, 0.010075
26.720421, -0.007850, -0.011499, 0.017239
26.740421, -0.007119, -0.017499, 0.009440
26.760422, -0.007068, -0.010130, 0.011300
26.780422, -0.006756, -0.004580, 0.005359
26.800423, -0.001904, -0.000450, 0.002441
26.820423, 0.006989, -0.004183, -0.005953
26.840424, 0.011063, -0.008111, 0.007214
26.860424, 0.015632, -0.004647, -0.002409
26.880424, 0.012806, -0.002887, -0.005227
26.900425, 0.011298, -0.003369, -0.004286
26.920425, 0.015670, 0.001261, -0.009977
26.940426, 0.012732, 0.007510, -0.015367
26.960426, 0.022980, 0.013444, -0.014903
26.980427, 0.020192, 0.021119, -0.026031
27.000427, 0.025332, 0.032027, -0.030726
27.020428, 0.021852, 0.029337, -0.034996
27.040428, 0.039787, 0.034075, -0.039760
27.060429, 0.031529, 0.033142, -0.039410
27.080429, 0.030617, 0.041469, -0.037297
27.100430, 0.017025, 0.045962, -0.061075
27.120430, 0.031000, 0.061091, -0.056408
27.140430, 0.022251, 0.044167, -0.047072
27.160431, 0.020525, 0.058805, -0.050645
27.180431, 0.002552, 0.101827, -0.027190
27.200432, 0.034386, 0.057505, -0.032171
27.220432, 0.029560, 0.059136, -0.043922
27.240433, 0.022908, 0.023423, -0.024113
27.260433, 0.002035, 0.030525, -0.031400
27.280434, 0.004347, 0.033992, -0.034512
27.300434, -0.005336, 0.048119, -0.035968
27.320435, 0.000215, 0.000933, -0.016741
27.340435, 0.000335, 0.016872, -0.005997
27.360435, -0.005863, 0.006870, 0.005659
27.380436, -0.020814, 0.007306, 0.003112
27.400436, -0.027728, -0.001659, 0.013612
27.420437, -0.033927, -0.016544, 0.026843
27.440437, -0.040778, -0.032058, 0.040700
27.460438, -0.052020, -0.042829, 0.054007
27.480438, -0.050438, -0.059419, 0.066069
27.500439, -0.041314, -0.064165, 0.069483
27.520439, -0.050057, -0.070642, 0.062602
27.540440, -0.050002, -0.058425, 0.073344
27.560440, -0.041351, -0.056544, 0.081867
27.580441, -0.034896, -0.096742, 0.084225
27.600441, -0.037452, -0.070439, 0.090731
27.620441, -0.028173, -0.040925, 0.045728
27.640442, -0.068188, -0.041839, 0.038898
27.660442, -0.097227, -0.033366, 0.090893
27.680443, -0.038364, -0.048448, 0.025483
27.700443, -0.020542, -0.025371, 0.056230
27.720444, -0.040650, 0.024834, 0.040629
27.740444, -0.046735, 0.028646, 0.072879
27.760445, -0.033479, 0.031648, 0.027302
27.780445, -0.008366, -0.008206, 0.044617
27.800446, -0.004077, -0.023137, 0.011285
27.820446, -0.009944, -0.025408, -0.007932
27.840446, -0.008320, -0.013288, -0.011342
27.860447, 0.007184, 0.000008, -0.023608
27.880447, 0.024263, 0.010647, -0.046757
27.900448, 0.034653, 0.018043, -0.036327
27.920448, 0.037937, 0.018880, -0.037631
27.940449, 0.030132, 0.021735, -0.039941
27.960449, 0.034958, 0.026436, -0.044691
27.980450, 0.032474, 0.036495, -0.047926
28.000450, 0.037792, 0.020947, -0.035441
28.020451, 0.035460, 0.034969, -0.043255
28.040451, 0.030558, 0.048364, -0.056427
28.060452, 0.035094, 0.044310, -0.044218
28.080452, 0.039773, 0.021508, -0.044238
28.100452, 0.040524, 0.052747, -0.053381
28.120453, 0.036659, 0.032130, -0.046388
28.140453, 0.030165, 0.036119, -0.050461
28.160454, 0.029382, 0.043891, -0.052902
28.180454, 0.025356, 0.028568, -0.045743
28.200455, 0.010425, 0.066360, -0.054404
28.220455, 0.003449, 0.092368, -0.064854
28.240456, 0.041957, 0.072875, -0.013511
28.260456, -0.018726, 0.039390, -0.016568
28.280457, -0.012109, 0.058396, -0.027385
28.300457, -0.004940, 0.027027, -0.023612
28.320457, -0.019777, 0.047273, -0.020912
28.340458, -0.033655, 0.047083, -0.005040
28.360458, -0.046327, 0.054418, -0.006067
28.380459, -0.057210, 0.055736, 0.023276
28.400459, -0.052818, 0.011552, 0.012939
28.420460, -0.081329, 0.041178, -0.001378
28.440460, -0.018754, -0.002060, -0.008237
28.460461, -0.006878, 0.001869, 0.004474
28.480461, 0.000639, -0.001508, 0.001175
28.500462, 0.002744, -0.012899, 0.008204
28.520462, 0.000410, -0.034980, 0.014136
28.540462, 0.000584, -0.049250, 0.024815
28.560463, -0.007921, -0.040222, 0.027551
28.580463, -0.010283, -0.045400, 0.028970
28.600464, -0.010541, -0.044512, 0.035637
28.620464, -0.011391, -0.046617, 0.047126
28.640465, -0.012609, -0.048037, 0.038402
28.660465, -0.026235, -0.044204, 0.051405
28.680466, -0.034474, -0.043207, 0.049015
28.700466, -0.029187, -0.034241, 0.055384
28.720467, -0.033367, -0.027866, 0.037346
28.740467, -0.019357, -0.054887, 0.058048
28.760468, -0.035849, -0.046836, 0.038835
28.780468, -0.027746, -0.045419, 0.045782
28.800468, -0.039842, -0.025573, 0.036638
28.820469, -0.033478, -0.020089, 0.014783
28.840469, -0.015002, -0.017768, 0.011478
28.860470, -0.013322, -0.035915, 0.032364
28.880470, -0.013088, -0.023402, 0.028630
28.900471, -0.015638, -0.018961, 0.014981
28.920471, -0.009444, -0.029967, 0.023252
28.940472, -0.014094, -0.011148, 0.033602
28.960472, -0.013426, 0.001088, 0.022143
28.980473, -0.004550, -0.006363, 0.015355
29.000473, 0.001728, -0.017065, 0.003230
29.020473, 0.007940, -0.008789, -0.001416
29.040474, 0.008963, -0.002689, -0.004980
29.060474, 0.011171, 0.005149, -0.010388
29.080475, 0.017285, 0.008711, -0.017597
29.100475, 0.018979, 0.016809, -0.017113
29.120476, 0.019415, 0.018816, -0.019037
29.140476, 0.024307, 0.028089, -0.021066
29.160477, 0.030420, 0.028074, -0.025106
29.180477, 0.027876, 0.042912, -0.044244
29.200478, 0.034826, 0.049613, -0.057625
29.220478, 0.046234, 0.062730, -0.062185
29.240479, 0.038700, 0.038464, -0.071685
29.260479, 0.071032, 0.051510, -0.045988
29.280479, 0.048484, 0.067983, -0.075122
29.300480, 0.041991, 0.049197, -0.079047
29.320480, 0.037660, 0.109558, -0.102575
29.340481, -0.000640, 0.068758, -0.122269
29.360481, 0.075581, 0.085795, -0.106341
29.380482, 0.025753, 0.089731, 0.023863
29.400482, -0.011112, 0.078224, -0.039457
29.420483, 0.002785, 0.069882, -0.015313
29.440483, 0.010038, 0.043653, -0.011549
29.460484, -0.023848, 0.020339, -0.004366
29.480484, -0.031943, -0.026567, 0.033556
29.500484, -0.050228, 0.002818, 0.019649
29.520485, -0.070177, -0.027767, 0.016223
29.540485, -0.041795, -0.062071, 0.075937
29.560486, -0.107089, -0.015139, 0.039878
29.580486, -0.115363, -0.044119, 0.168441
29.600487, -0.056390, -0.062326, 0.066424
29.620487, -0.096963, 0.007310, 0.018728
29.640488, -0.044938, -0.092062, 0.138470
29.660488, -0.037034, -0.037402, 0.075132
29.680489, 0.007358, -0.042436, -0.005440
29.700489, 0.004119, -0.067177, 0.048661
29.720490, 0.012186, -0.074558, 0.035409
29.740490, 0.001137, -0.049435, 0.028812
29.760490, -0.017006, -0.043553, 0.027665
29.780491, -0.019516, -0.028864, 0.045201
29.800491, -0.013155, -0.020303, 0.034895
29.820492, -0.008181, -0.026429, 0.022500
29.840492, -0.008995, -0.023264, 0.027510
29.860493, -0.016869, -0.013682, 0.019180
29.880493, -0.012110, -0.004455, 0.005706
29.900494, -0.024790, -0.000449, 0.019040
29.920494, -0.029773, 0.016152, 0.004037
29.940495, -0.012579, 0.013177, 0.012822
29.960495, 0.000258, -0.006288, 0.003573
29.980495, 0.001041, 0.002163, -0.009587
30.000496, 0.009194, 0.003257, -0.001900
30.020496, 0.011094, -0.000453, -0.001531
30.040497, 0.016903, 0.003799, -0.009542
30.060497, 0.020027, 0.003856, -0.017024
30.080498, 0.011834, 0.009089, -0.009046
30.100498, 0.018111, 0.006673, -0.010336
30.120499, 0.017607, 0.007997, -0.016618
30.140499, 0.025004, -0.001957, -0.007861
30.160500, 0.012462, 0.010552, -0.004537
30.180500, 0.018837, 0.014366, -0.025574
30.200500, 0.018812, 0.011072, -0.014264
30.220501, 0.021274, 0.021219, -0.025804
30.240501, 0.031787, 0.019593, -0.031623
30.260502, 0.034138, 0.030432, -0.030997
30.280502, 0.028876, 0.032692, -0.035780
30.300503, 0.027788, 0.060618, -0.052338
30.320503, 0.031671, 0.012692, -0.034402
30.340504, 0.028197, 0.036930, -0.049480
30.360504, 0.036388, 0.041445, -0.039867
30.380505, 0.013184, 0.060235, -0.054127
30.400505, 0.019039, 0.071310, -0.059767
30.420506, 0.041826, 0.041520, -0.038306
30.440506, 0.018027, 0.064056, -0.042332
30.460506, -0.005276, 0.044443, -0.011106
30.480507, -0.008174, 0.037242, -0.021882
30.500507, -0.007984, 0.033168, -0.023313
30.520508, 0.009375, 0.008431, -0.000510
30.540508, -0.005882, -0.007092, 0.007700
30.560509, -0.013547, -0.009853, 0.019865
30.580509, -0.022892, -0.013225, 0.026509
30.600510, -0.031295, -0.014959, 0.020802
30.620510, -0.032244, -0.044712, 0.032937
30.640511, -0.036959, -0.031822, 0.036526
30.660511, -0.058626, -0.011853, 0.026021
30.680511, -0.082969, -0.004488, 0.068052
30.700512, -0.014410, -0.047024, 0.050012
30.720512, -0.003194, -0.051628, 0.043842
30.740513, 0.002208, -0.048904, 0.041035
30.760513, 0.006929, -0.047285, 0.037293
30.780514, -0.005355, -0.057037, 0.042504
30.800514, -0.004952, -0.040363, 0.029838
30.820515, -0.018465, -0.044794, 0.037496
30.840515, -0.024842, -0.027601, 0.026849
30.860516, -0.023833, -0.021526, 0.023275
30.880516, -0.010267, -0.019278, 0.024049
30.900517, -0.011144, -0.024561, 0.023554
30.920517, -0.013415, -0.018809, 0.015806
30.940517, -0.012562, -0.018232, 0.015253
30.960518, -0.017532, -0.020594, 0.013562
30.980518, -0.018866, -0.013665, 0.017983
31.000519, -0.014431, -0.007134, 0.018507
31.020519, -0.015189, -0.003807, 0.016973
31.040520, -0.005036, -0.007638, 0.004921
31.060520, -0.016410, 0.000785, 0.002958
31.080521, -0.010024, 0.003444, 0.005308
31.100521, -0.007662, 0.005876, 0.006827
31.120522, 0.002960, 0.001656, -0.003502
31.140522, 0.011749, -0.002495, -0.001127
31.160522, 0.016365, -0.002491, -0.007532
31.180523, 0.017149, 0.003315, -0.010071
31.200523, 0.022213, 0.002379, -0.021725
31.220524, 0.020781, 0.004601, -0.003422
31.240524, 0.021610, 0.001465, -0.009597
31.260525, 0.032726, 0.005140, -0.012450
31.280525, 0.037394, 0.011479, -0.027426
31.300526, 0.040923, 0.022867, -0.029777
31.320526, 0.038232, 0.026483, -0.045012
31.340527, 0.043278, 0.028355, -0.037852
31.360527, 0.036117, 0.034297, -0.054819
31.380527, 0.037476, 0.033858, -0.058483
31.400528, 0.039409, 0.043217, -0.043674
31.420528, 0.027697, 0.054791, -0.064033
31.440529, 0.022175, 0.022819, -0.031094
31.460529, 0.019913, 0.045374, -0.046636
31.480530, 0.017122, 0.061004, -0.040281
31.500530, 0.019024, 0.070926, -0.029997
31.520531, 0.015770, 0.009037, -0.020224
31.540531, 0.010825, 0.036708, -0.025891
31.560532, -0.002024, 0.030347, -0.022068
31.580532, -0.003344, 0.048982, -0.024693
31.600533, -0.016598, 0.044362, -0.011277
31.620533, -0.017085, 0.025171, -0.003338
31.640533, -0.026105, 0.011836, 0.005153
31.660534, -0.023874, 0.013957, 0.003048
31.680534, -0.031325, 0.009464, 0.007480
31.700535, -0.031033, -0.001271, 0.014367
31.720535, -0.027023, -0.014201, 0.017346
31.740536, -0.027110, -0.018414, 0.025235
31.760536, -0.025284, -0.031850, 0.029441
31.780537, -0.030940, -0.025476, 0.028839
31.800537, -0.014062, -0.036270, 0.042399
31.820538, -0.031560, -0.027871, 0.026851
31.840538, -0.038157, -0.023606, 0.018801
31.860538, -0.039316, -0.037017, 0.048924
31.880539, -0.024694, -0.045778, 0.035503
31.900539, -0.017591, -0.042863, 0.051030
31.920540, -0.011934, -0.036982, 0.035482
31.940540, -0.023845, -0.022457, 0.044207
31.960541, -0.025839, -0.020948, 0.018740
31.980541, -0.018566, -0.035974, 0.041476
32.000542, -0.013906, -0.045226, 0.027019
32.020542, -0.022580, -0.025703, 0.046401
32.040543, -0.022913, -0.000930, 0.021611
32.060543, -0.031849, -0.026899, 0.037577
32.080544, -0.031409, 0.010174, 0.022328
32.100544, -0.012610, -0.009991, 0.016942
32.120544, -0.018357, -0.038359, 0.041492
32.140545, -0.000380, 0.000513, 0.001617
32.160545, -0.010189, -0.041172, 0.022136
32.180546, -0.009020, -0.031879, 0.027600
32.200546, -0.012985, -0.032706, 0.037720
32.220547, -0.012375, -0.027421, 0.024109
32.240547, -0.017683, -0.007905, 0.023285
32.260548, -0.003005, -0.005186, 0.000636
32.280548, 0.000903, 0.003934, -0.007753
32.300549, 0.011938, 0.006850, -0.019666
32.320549, 0.017960, 0.012053, -0.013776
32.340549, 0.025114, 0.021346, -0.026211
32.360550, 0.026995, 0.038404, -0.034365
32.380550, 0.036980, 0.032739, -0.028704
32.400551, 0.041898, 0.040631, -0.036705
32.420551, 0.043857, 0.063083, -0.064349
32.440552, 0.047847, 0.067778, -0.076629
32.460552, 0.055865, 0.069175, -0.076175
32.480553, 0.075996, 0.036633, -0.092630
32.500553, 0.084156, 0.075256, -0.094515
32.520554, 0.065474, 0.094978, -0.049963
32.540554, 0.054675, 0.080355, -0.100844
32.560555, 0.058484, 0.077346, -0.066435
32.580555, -0.006990, 0.173911, -0.026097
32.600555, 0.003581, 0.108641, -0.100873
32.620556, 0.001489, 0.204836, -0.110019
32.640556, -0.037270, 0.142489, -0.108031
32.660557, -0.077525, 0.170225, -0.085363
32.680557, -0.069698, 0.206561, -0.098588
32.700558, 0.021134, 0.058010, -0.040256
32.720558, -0.021943, 0.106527, 0.009845
32.740559, -0.077545, 0.123141, -0.018005
32.760559, -0.079905, 0.006000, 0.000374
32.780560, -0.130731, 0.044411, 0.106060
32.800560, -0.093708, 0.000659, 0.094119
32.820560, -0.103590, -0.084764, 0.091677
32.840561, -0.084582, -0.096399, 0.145223
32.860561, -0.069058, -0.107990, 0.090008
32.880562, -0.033265, -0.120749, 0.077732
32.900562, -0.035343, -0.065542, 0.063510
32.920563, -0.057541, -0.065533, 0.084585
32.940563, -0.052619, -0.051459, 0.080853
32.960564, -0.024592, -0.107895, 0.109859
32.980564, 0.007109, -0.085298, 0.060786
33.000565, 0.000865, -0.069976, 0.065341
33.020565, -0.004574, -0.037558, 0.025696
33.040565, -0.024532, -0.049247, 0.043506
33.060566, -0.031215, -0.032758, 0.038114
33.080566, -0.031779, -0.026741, 0.042260
33.100567, -0.021551, -0.008705, 0.020755
33.120567, -0.016025, -0.007642, -0.006567
33.140568, -0.013653, -0.011538, 0.021760
33.160568, -0.008702, -0.003217, 0.022759
33.180569, -0.003184, -0.010978, 0.017689
33.200569, -0.000788, -0.003792, 0.006321
33.220570, 0.002004, -0.002433, -0.001486
33.240570, -0.004386, 0.001262, 0.014663
33.260571, -0.001214, 0.005726, -0.000861
33.280571, 0.000002, 0.003721, 0.001219
33.300571, 0.007177, 0.002499, -0.003484
33.320572, 0.008062, -0.006749, -0.000115
33.340572, 0.004888, -0.006244, 0.004103
33.360573, 0.006995, -0.001852, 0.000603
33.380573, 0.012730, -0.008895, -0.003398
33.400574, 0.016618, -0.017721, 0.007914
33.420574, 0.015446, -0.004998, -0.000476
33.440575, 0.014070, -0.004080, -0.005508
33.460575, 0.017878, -0.004275, -0.005799
33.480576, 0.019795, 0.014240, -0.012871
33.500576, 0.028542, 0.016895, -0.029048
33.520576, 0.030091, 0.024911, -0.036653
33.540577, 0.043744, 0.028997, -0.046201
33.560577, 0.042971, 0.042732, -0.039188
33.580578, 0.042307, 0.028126, -0.050928
33.600578, 0.036618, 0.057398, -0.056150
33.620579, 0.044604, 0.025011, -0.030521
33.640579, 0.037878, 0.043928, -0.054312
33.660580, 0.017157, 0.039450, -0.046527
33.680580, 0.021145, 0.043698, -0.058925
33.700581, 0.021027, 0.057497, -0.054567
33.720581, 0.021392, 0.043146, -0.026861
33.740582, 0.011739, 0.059884, -0.039958
33.760582, -0.010448, 0.038263, -0.025187
33.780582, -0.013231, 0.052683, -0.012666
33.800583, -0.013060, 0.025425, -0.000635
33.820583, -0.022467, 0.011781, -0.001032
33.840584, -0.025987, -0.002794, 0.001150
33.860584, -0.027225, -0.017937, 0.012431
33.880585, -0.039006, -0.005972, 0.004589
33.900585, -0.025052, -0.045516, 0.036548
33.920586, -0.023614, -0.028857, 0.046123
33.940586, -0.028553, -0.035751, 0.019174
33.960587, -0.048695, -0.039492, 0.053455
33.980587, -0.026290, -0.021267, -0.027501
34.000587, -0.034090, -0.044052, 0.053824
34.020588, -0.038767, -0.042019, 0.064357
34.040588, -0.053102, -0.023111, 0.061558
34.060589, 0.025337, -0.078227, 0.089773
34.080589, 0.019696, -0.046549, 0.056356
34.100590, -0.013322, -0.051810, 0.047111
34.120590, -0.021875, -0.044457, 0.039379
34.140591, -0.034046, -0.028987, 0.045928
34.160591, -0.018103, -0.048193, 0.062649
34.180592, -0.023025, -0.017517, 0.022158
34.200592, -0.019776, -0.002952, 0.008200
34.220592, -0.011536, 0.000343, 0.004582
34.240593, -0.001414, 0.011506, -0.007431
34.260593, 0.008043, 0.018063, -0.009591
34.280594, 0.013818, 0.016448, -0.029127
34.300594, 0.019890, 0.028306, -0.033224
34.320595, 0.023476, 0.039103, -0.032204
34.340595, 0.037680, 0.019389, -0.039601
34.360596, 0.039291, 0.027910, -0.047280
34.380596, 0.043983, 0.024735, -0.029592
34.400597, 0.041660, 0.028880, -0.044398
34.420597, 0.042838, 0.030439, -0.041749
34.440598, 0.035539, 0.022115, -0.049046
34.460598, 0.033403, 0.038113, -0.036468
34.480598, 0.023352, 0.020663, -0.040590
34.500599, 0.018343, 0.030691, -0.060204
34.520599, 0.014371, 0.027324, -0.031759
34.540600, 0.021537, 0.029776, -0.032437
34.560600, 0.027670, 0.019815, -0.022081
34.580601, 0.010713, 0.037032, -0.018595
34.600601, 0.003141, 0.014285, -0.010552
34.620602, -0.005954, 0.027585, -0.010065
34.640602, -0.011445, 0.020963, -0.002864
34.660603, -0.004950, 0.020470, -0.015715
34.680603, -0.010754, 0.011902, -0.004650
34.700603, -0.018705, 0.011624, -0.004700
34.720604, -0.019588, 0.014054, 0.007089
34.740604, -0.017254, 0.006150, 0.002809
34.760605, -0.009550, -0.016621, 0.015536
34.780605, -0.010360, -0.013868, 0.007825
34.800606, -0.003943, -0.011832, 0.026856
34.820606, -0.010909, -0.018910, 0.021237
34.840607, -0.012970, -0.018528, 0.017993
34.860607, -0.011634, -0.022068, 0.019021
34.880608, -0.010846, -0.021657, 0.019046
34.900608, -0.012352, -0.025716, 0.016213
34.920609, -0.007097, -0.023008, 0.018887
34.940609, -0.003416, -0.023164, 0.022934
34.960609, -0.006184, -0.021964, 0.017681
34.980610, -0.003366, -0.018466, 0.021296
35.000610, 0.001743, -0.018920, 0.022673
35.020611, -0.007303, -0.020355, 0.022381
35.040611, -0.005185, -0.022623, 0.019490
35.060612, -0.004609, -0.026052, 0.023348
35.080612, -0.004704, -0.030896, 0.012797
35.100613, -0.012907, -0.023121, 0.021986
35.120613, -0.010180, -0.026808, 0.020804
35.140614, -0.009676, -0.032785, 0.022545
35.160614, -0.016381, -0.017236, 0.021295
35.180614, -0.009198, -0.015837, 0.019239
35.200615, -0.003851, -0.016440, 0.013143
35.220615, -0.005621, -0.022958, 0.012535
35.240616, -0.002859, -0.019484, 0.022856
35.260616, 0.007336, -0.014773, 0.002625
35.280617, 0.006914, -0.007885, -0.006429
35.300617, 0.001929, -0.002198, 0.000155
35.320618, 0.009156, 0.000431, -0.005628
35.340618, 0.008774, -0.000123, -0.000026
35.360619, 0.014750, 0.001861, -0.008099
35.380619, 0.013455, 0.008507, -0.009943
35.400620, 0.013157, 0.011974, -0.017236
35.420620, 0.016947, 0.014414, -0.015527
35.440620, 0.018188, 0.016886, -0.019209
35.460621, 0.023550, 0.022380, -0.018108
35.480621, 0.027331, 0.031217, -0.026904
35.500622, 0.026615, 0.025718, -0.022127
35.520622, 0.030006, 0.038313, -0.046858
35.540623, 0.029214, 0.045667, -0.051668
35.560623, 0.035379, 0.035873, -0.052228
35.580624, 0.027113, 0.077628, -0.068066
35.600624, 0.035946, 0.077083, -0.068953
35.620625, 0.023327, 0.029281, -0.028122
35.640625, 0.028782, 0.057019, -0.039392
35.660625, 0.037401, 0.048653, -0.059966
35.680626, -0.002184, 0.101876, -0.036362
35.700626, -0.039143, 0.062038, -0.093877
35.720627, 0.037144, 0.058605, -0.066065
35.740627, 0.001800, -0.017688, 0.005988
35.760628, 0.002371, -0.002918, 0.005611
35.780628, -0.011378, -0.017203, 0.028271
35.800629, -0.024206, -0.015704, 0.030382
35.820629, -0.038169, -0.019811, 0.036860
35.840630, -0.057167, -0.029397, 0.025921
35.860630, -0.085959, -0.030858, 0.049278
35.880630, -0.043344, -0.102294, 0.082004
35.900631, -0.035893, -0.046598, 0.018535
35.920631, -0.040314, -0.068115, 0.085130
35.940632, -0.052139, -0.071690, 0.108216
35.960632, -0.037151, -0.046848, 0.057289
35.980633, -0.038513, -0.046262, 0.061775
36.000633, -0.050477, -0.037736, 0.068667
36.020634, -0.044702, -0.049697, 0.097100
36.040634, -0.049556, -0.018971, 0.054414
36.060635, -0.072316, -0.028969, 0.073953
36.080635, -0.034585, -0.021842, 0.047153
36.100636, -0.049176, -0.034703, 0.040458
36.120636, -0.062990, -0.028431, 0.051878
36.140636, -0.016058, -0.007772, 0.046684
36.160637, -0.004923, 0.001348, 0.009036
36.180637, 0.007203, 0.000678, -0.006266
36.200638, 0.021815, -0.000329, -0.014131
36.220638, 0.032482, 0.006091, -0.027697
36.240639, 0.037838, 0.020254, -0.038690
36.260639, 0.044590, 0.022178, -0.033257
36.280640, 0.033073, 0.040797, -0.039156
36.300640, 0.035773, 0.046345, -0.045200
36.320641, 0.049056, 0.039503, -0.062112
36.340641, 0.041359, 0.069592, -0.076439
36.360641, 0.059488, 0.039440, -0.055697
36.380642, 0.062968, 0.029458, -0.030670
36.400642, 0.061017, 0.049756, -0.067667
36.420643, 0.056602, 0.063748, -0.045913
36.440643, 0.033056, 0.066817, -0.085410
36.460644, 0.019839, 0.088237, -0.081482
36.480644, 0.040583, 0.087855, -0.056119
36.500645, -0.034993, 0.116311, -0.119861
36.520645, -0.007084, 0.145625, -0.099750
36.540646, -0.007024, 0.172337, -0.103559
36.560646, 0.022325, 0.132429, -0.116701
36.580647, 0.005080, 0.099409, -0.085243
36.600647, -0.031008, 0.111530, -0.058778
36.620647, -0.050765, 0.026462, -0.033770
36.640648, -0.033650, 0.024772, 0.025229
36.660648, -0.041018, -0.005791, 0.041729
36.680649, -0.057224, -0.004293, 0.067488
36.700649, -0.030665, -0.037301, 0.110547
36.720650, -0.061532, -0.054939, 0.117101
36.740650, -0.081577, -0.073561, 0.105710
36.760651, -0.105714, -0.069336, 0.113771
36.780651, -0.113193, -0.064464, 0.127638
36.800652, -0.113140, -0.051837, 0.136565
36.820652, -0.005337, -0.137012, 0.146493
36.840652, 0.019716, -0.118157, 0.063381
36.860653, -0.014559, -0.115192, 0.081683
36.880653, -0.022163, -0.087748, 0.064421
36.900654, -0.024332, -0.059599, 0.041509
36.920654, -0.047041, 0.008215, 0.011593
36.940655, -0.045299, 0.023267, 0.047299
36.960655, 0.010902, 0.019960, 0.031673
36.980656, 0.002420, -0.002859, -0.017687
37.000656, 0.011190, 0.007009, -0.036168
37.020657, 0.013531, 0.023055, -0.036344
37.040657, 0.026971, 0.029927, -0.051737
37.060658, 0.024340, 0.018198, -0.050782
37.080658, 0.049415, 0.024653, -0.049101
37.100658, 0.051475, 0.019621, -0.043655
37.120659, 0.038332, 0.034177, -0.045128
37.140659, 0.038146, 0.030274, -0.048613
37.160660, 0.031009, 0.016719, -0.043437
37.180660, 0.032353, 0.005351, -0.023759
37.200661, 0.021947, -0.006050, -0.014636
37.220661, 0.016188, -0.006613, -0.009990
37.240662, 0.009532, -0.013330, -0.005160
37.260662, -0.006624, -0.014407, 0.002922
37.280663, -0.009241, -0.016873, 0.004949
37.300663, -0.014451, -0.015060, 0.016274
37.320663, -0.012661, -0.016802, 0.024182
37.340664, -0.011370, -0.013458, 0.013206
37.360664, -0.006240, -0.017690, 0.024162
37.380665, -0.011406, -0.014596, 0.020037
37.400665, -0.010009, -0.011630, 0.020854
37.420666, 0.003065, -0.018424, 0.018105
37.440666, 0.005657, -0.016767, 0.028048
37.460667, 0.001187, -0.017060, 0.005853
37.480667, -0.000385, -0.006310, 0.009844
37.500668, 0.000870, -0.007578, 0.012923
37.520668, 0.006326, -0.007539, -0.001998
37.540668, 0.007755, -0.003243, -0.004742
37.560669, 0.009939, 0.003491, -0.010533
37.580669, 0.017802, 0.005583, -0.018226
37.600670, 0.024261, 0.006310, -0.015929
37.620670, 0.022299, 0.013359, -0.027642
37.640671, 0.019144, 0.010222, -0.022976
37.660671, 0.019025, 0.016462, -0.021088
37.680672, 0.016266, 0.012243, -0.026011
37.700672, 0.021230, 0.008025, -0.018371
37.720673, 0.019432, 0.014131, -0.025675
37.740673, 0.013416, 0.012702, -0.016317
37.760674, 0.012612, 0.015790, -0.012604
37.780674, 0.005096, 0.014186, -0.015027
37.800674, 0.010673, 0.008841, -0.013601
37.820675, 0.009352, 0.009989, -0.014068
37.840675, 0.008179, 0.004352, -0.001652
37.860676, 0.006651, -0.002937, -0.000817
37.880676, 0.002804, -0.007321, 0.004723
37.900677, -0.000820, -0.012180, 0.008165
37.920677, -0.005031, -0.014996, 0.011940
37.940678, -0.011888, -0.014388, 0.014559
37.960678, -0.011630, -0.012713, 0.014468
37.980679, -0.013608, -0.014248, 0.016624
38.000679, -0.011402, -0.011390, 0.013432
38.020679, -0.013121, -0.005983, 0.018191
38.040680, -0.009404, -0.014145, 0.020469
38.060680, -0.005506, -0.018781, 0.021669
38.080681, -0.002779, -0.012101, 0.018097
38.100681, -0.007708, -0.018314, 0.016443
38.120682, -0.004443, -0.021702, 0.018785
38.140682, -0.011236, -0.023833, 0.012976
38.160683, -0.011066, -0.012380, 0.007236
38.180683, -0.008897, -0.012448, 0.011948
38.200684, -0.009161, -0.009388, 0.009261
38.220684, -0.012259, -0.005138, 0.009645
38.240685, -0.012717, -0.008700, 0.007951
38.260685, -0.006491, -0.010328, 0.013089
38.280685, -0.003013, -0.013389, 0.005617
38.300686, -0.007254, -0.008465, 0.012605
38.320686, -0.003465, -0.010005, 0.011435
38.340687, -0.000846, -0.010703, 0.008600
38.360687, -0.009776, -0.015934, 0.011640
38.380688, -0.003319, -0.017358, 0.011785
38.400688, 0.002861, -0.010528, 0.008941
38.420689, -0.002483, -0.013827, 0.017852
38.440689, 0.001191, -0.002987, 0.013875
38.460690, 0.002430, -0.005501, 0.001846
38.480690, 0.002017, -0.002920, -0.004787
38.500690, 0.004019, 0.002191, -0.005884
38.520691, 0.005560, 0.008899, -0.012464
38.540691, 0.015340, 0.015245, -0.020019
38.560692, 0.016784, 0.019414, -0.026664
38.580692, 0.021866, 0.028853, -0.023193
38.600693, 0.020555, 0.027553, -0.024283
38.620693, 0.026286, 0.025157, -0.024390
38.640694, 0.021440, 0.027629, -0.028350
38.660694, 0.018118, 0.033645, -0.038585
38.680695, 0.029406, 0.037616, -0.040040
38.700695, 0.028399, 0.029476, -0.029305
38.720695, 0.024840, 0.032770, -0.041239
38.740696, 0.025584, 0.033168, -0.027522
38.760696, 0.017288, 0.035304, -0.045843
38.780697, 0.011677, 0.071183, -0.046905
38.800697, 0.022540, 0.027497, -0.036339
38.820698, 0.011117, 0.034095, -0.022730
38.840698, 0.006410, 0.018958, -0.007331
38.860699, -0.002581, 0.031803, -0.019455
38.880699, 0.003864, 0.005255, -0.000717
38.900700, -0.005637, 0.014039, -0.005229
38.920700, -0.008592, 0.009779, -0.005493
38.940701, -0.005546, -0.003541, 0.004871
38.960701, -0.007141, -0.013267, 0.015443
38.980701, -0.011448, -0.019456, 0.016490
39.000702, -0.016300, -0.025503, 0.020802
39.020702, -0.015868, -0.031469, 0.027280
39.040703, -0.021780, -0.031084, 0.025081
39.060703, -0.023919, -0.029936, 0.031302
39.080704, -0.030608, -0.030521, 0.036511
39.100704, -0.038062, -0.032425, 0.037833
39.120705, -0.038179, -0.044632, 0.056351
39.140705, -0.048320, -0.032172, 0.066813
39.160706, -0.051039, -0.048513, 0.092213
39.180706, -0.045451, -0.006549, 0.075495
39.200706, -0.040308, -0.005448, 0.062976
39.220707, -0.032995, -0.035558, 0.017168
39.240707, -0.024563, -0.053919, 0.024027
39.260708, -0.021723, -0.035382, 0.019553
39.280708, -0.012819, -0.020581, 0.008622
39.300709, -0.014745, -0.005145, 0.000941
39.320709, -0.010634, 0.000147, -0.002201
39.340710, 0.001326, 0.000424, -0.010710
39.360710, 0.010993, 0.004551, -0.011355
39.380711, 0.012655, 0.003140, -0.011219
39.400711, 0.012620, 0.009457, -0.010819
39.420712, 0.014514, 0.022836, -0.027400
39.440712, 0.023444, 0.007027, -0.019863
39.460712, 0.029160, 0.009709, -0.012900
39.480713, 0.029242, 0.011509, -0.018337
39.500713, 0.028713, 0.010438, -0.022125
39.520714, 0.029543, 0.017955, -0.027113
39.540714, 0.023822, 0.033644, -0.023855
39.560715, 0.029636, 0.023394, -0.034524
39.580715, 0.033973, 0.042299, -0.034648
39.600716, 0.018136, 0.061899, -0.047028
39.620716, 0.012502, 0.066275, -0.040835
39.640717, 0.032334, 0.066955, -0.066197
39.660717, 0.031051, 0.074822, -0.080117
39.680717, 0.033827, 0.016817, -0.043885
39.700718, 0.036650, 0.046625, -0.038348
39.720718, 0.027810, 0.091047, -0.044250
39.740719, 0.019168, 0.049229, -0.088549
39.760719, 0.016485, 0.043751, -0.000531
39.780720, 0.015190, 0.056257, -0.032706
39.800720, 0.011122, 0.032873, -0.030402
39.820721, 0.010120, 0.048505, -0.022407
39.840721, -0.012909, 0.044206, -0.031462
39.860722, -0.008538, 0.045232, -0.023883
39.880722, -0.020919, 0.035561, -0.011431
39.900723, -0.037063, 0.040979, -0.012857
39.920723, -0.037779, 0.034257, 0.005598
39.940723, -0.032218, 0.003960, 0.015040
39.960724, -0.028243, -0.006676, 0.016752
39.980724, -0.031780, -0.014926, 0.024231
40.000725, -0.042406, -0.018819, 0.024675
40.020725, -0.051552, -0.028784, 0.041611
40.040726, -0.044663, -0.018190, 0.077886
40.060726, -0.034992, -0.059976, 0.074913
40.080727, -0.044571, -0.046615, 0.063364
40.100727, -0.058582, -0.052894, 0.060162
40.120728, -0.036037, -0.094500, 0.083098
40.140728, -0.016128, -0.074171, 0.046190
40.160728, -0.015846, -0.086917, 0.080250
40.180729, -0.032561, -0.048353, 0.041709
40.200729, -0.045584, -0.048784, 0.076533
40.220730, -0.005538, -0.048199, 0.043261
40.240730, -0.033633, -0.046481, 0.041649
40.260731, -0.033635, -0.022679, 0.041987
40.280731, -0.046288, 0.027647, 0.015778
40.300732, -0.034487, -0.008059, 0.073334
40.320732, -0.027063, 0.015353, 0.007621
40.340733, -0.023173, -0.023564, 0.015416
40.360733, -0.025113, -0.018182, 0.014368
40.380733, -0.022841, 0.005736, 0.007100
40.400734, -0.019824, 0.002598, 0.007466
40.420734, -0.010217, -0.006740, 0.009912
40.440735, -0.002690, -0.002965, -0.000045
40.460735, -0.005269, 0.003621, -0.005039
40.480736, 0.004394, 0.014305, -0.016157
40.500736, 0.013511, 0.018267, -0.023961
40.520737, 0.024894, 0.020501, -0.028169
40.540737, 0.025633, 0.034569, -0.028790
40.560738, 0.028758, 0.029365, -0.044723
40.580738, 0.042279, 0.034532, -0.050412
40.600739, 0.039678, 0.037651, -0.050212
40.620739, 0.041532, 0.039665, -0.048899
40.640739, 0.034355, 0.043781, -0.059348
40.660740, 0.045274, 0.058993, -0.073536
40.680740, 0.051577, 0.054521, -0.063772
40.700741, 0.037345, 0.042521, -0.038166
40.720741, 0.028668, 0.046493, -0.059199
40.740742, 0.028869, 0.078375, -0.059632
40.760742, 0.005815, 0.084868, -0.082605
40.780743, 0.009549, 0.058265, -0.080730
40.800743, 0.018682, 0.036277, -0.008015
40.820744, 0.013849, 0.050390, -0.029771
40.840744, 0.022506, 0.021034, -0.026971
40.860744, -0.006091, 0.052186, -0.023083
40.880745, -0.020620, 0.044638, -0.013646
40.900745, -0.032538, 0.020655, 0.008775
40.920746, -0.033819, 0.039891, 0.022244
40.940746, -0.046047, 0.051956, 0.033471
40.960747, -0.062472, 0.035766, -0.001757
40.980747, -0.070971, 0.007289, 0.013051
41.000748, -0.062473, -0.014621, 0.080243
41.020748, -0.075413, 0.019098, -0.003719
41.040749, -0.014233, -0.035354, 0.016063
41.060749, 0.011312, -0.018785, 0.013489
41.080750, 0.008399, -0.015109, 0.009922
41.100750, 0.005802, -0.010355, 0.001174
41.120750, 0.009259, -0.022072, 0.003726
41.140751, 0.011441, -0.021518, 0.006863
41.160751, 0.010722, -0.022218, -0.002419
41.180752, 0.007197, -0.019065, -0.001308
41.200752, 0.008155, -0.018421, 0.001736
41.220753, 0.003239, -0.028188, 0.018305
41.240753, 0.005550, -0.033095, 0.016015
41.260754, 0.004676, -0.032378, 0.027123
41.280754, -0.011446, -0.029201, 0.019702
41.300755, -0.021615, -0.020914, 0.019658
41.320755, -0.023140, -0.026692, 0.023602
41.340755, -0.018252, -0.043952, 0.041061
41.360756, -0.018933, -0.040143, 0.034748
41.380756, -0.015340, -0.029907, 0.037897
41.400757, -0.021270, -0.033695, 0.058427
41.420757, -0.022965, -0.023149, 0.054799
41.440758, -0.022684, -0.019197, 0.032316
41.460758, -0.029470, -0.033358, 0.043056
41.480759, -0.030421, -0.018690, 0.006566
41.500759, -0.020338, -0.044630, 0.033179
41.520760, -0.025580, -0.036937, 0.030674
41.540760, -0.017438, -0.020339, 0.021087
41.560760, -0.002228, -0.030192, 0.022843
41.580761, -0.006460, -0.030077, 0.021059
41.600761, -0.002109, -0.019397, 0.010135
41.620762, -0.011213, -0.018070, 0.009405
41.640762, -0.006692, -0.005812, 0.001899
41.660763, -0.004513, 0.000274, 0.005327
41.680763, 0.004973, 0.006782, -0.006432
41.700764, 0.014030, 0.003813, -0.004453
41.720764, 0.018153, 0.006835, -0.021684
41.740765, 0.018861, 0.007937, -0.022521
41.760765, 0.023767, 0.008827, -0.020188
41.780766, 0.025733, 0.017226, -0.025470
41.800766, 0.031007, 0.021024, -0.030958
41.820766, 0.030333, 0.028994, -0.030536
41.840767, 0.036619, 0.035044, -0.032649
41.860767, 0.040995, 0.044132, -0.040443
41.880768, 0.042849, 0.053899, -0.060582
41.900768, 0.044630, 0.060713, -0.057214
41.920769, 0.036418, 0.027226, -0.055389
41.940769, 0.032789, 0.061973, -0.070798
41.960770, 0.031011, 0.069731, -0.047693
41.980770, 0.020243, 0.072249, -0.059246
42.000771, 0.040425, 0.081146, -0.073960
42.020771, 0.010185, 0.068539, -0.018776
42.040771, 0.053534, 0.029889, -0.028640
42.060772, 0.019861, 0.037612, -0.016574
42.080772, -0.012648, 0.054401, -0.011084
42.100773, -0.039942, -0.000936, 0.001595
42.120773, -0.055316, 0.005164, 0.006282
42.140774, -0.068518, 0.020009, 0.020668
42.160774, -0.016593, -0.003853, 0.026169
42.180775, -0.043877, 0.011188, 0.010999
42.200775, -0.056979, 0.012154, 0.017690
42.220776, -0.055326, -0.031609, 0.049469
42.240776, -0.084407, 0.021671, -0.014318
42.260777, -0.019002, -0.060368, 0.036773
42.280777, -0.023025, -0.025169, 0.039134
