t, ur1, ur2, ur3
0.000000, 0.920111, -2.445024, 2.343961
0.020000, 0.408448, 0.109864, 1.320479
0.040000, 0.920177, 0.620506, 1.321811
0.060000, 0.408714, 0.620972, 2.853461
0.080000, 0.409113, -0.401101, 2.344427
0.100000, 0.408803, 0.110019, 1.831554
0.120000, 0.920422, -0.400834, 1.321700
0.140000, 0.408714, 0.109864, 1.321900
0.160000, 0.919911, 0.110485, 2.342652
0.180000, 0.408781, 0.620861, 1.320834
0.200000, 0.919534, 0.109642, -0.721968
0.220000, 0.408337, 0.109930, -0.211270
0.240000, 0.408692, 0.620883, -0.211403
0.260000, 0.408514, 0.620595, -0.211980
0.280000, 0.408670, 0.110418, -0.211381
0.300000, 0.408470, 0.109730, -0.211426
0.320000, 0.408181, 1.131714, -0.722900
0.340000, 0.409002, 0.109109, -0.211470
0.360000, 0.409158, 0.621105, -0.211825
0.380000, 0.408093, 0.620506, -0.211847
0.400000, 0.408625, 0.108976, -0.211603
0.420000, 0.408714, 0.620439, -0.211825
0.440000, 0.408647, 0.109686, -0.723166
0.460000, 0.409091, 0.620928, -0.211936
0.480000, 0.408559, 0.109753, -0.211536
0.500000, 0.408692, 0.109420, -0.211315
0.520000, 0.920089, 0.620861, -0.722390
0.540000, 0.408226, 0.109642, 2.854903
0.560000, 0.919667, 0.109664, -0.211958
0.580000, 0.919379, 0.109642, -1.233687
0.600000, 0.408559, 0.621083, -0.722434
0.620000, 0.408470, 0.109131, -0.212114
0.640000, 0.919334, 0.109664, -1.233620
0.660000, 0.408647, 0.109375, -1.233132
0.680000, 0.408758, 0.620506, 0.299228
0.700000, 0.408869, -0.401744, -0.211670
0.720000, 0.408781, 0.108710, -0.722567
0.740000, 0.408670, 0.109508, -0.211825
0.760000, 0.919822, 0.108976, -0.210871
0.780000, 0.408914, 0.109864, -1.234131
0.800000, 0.409247, 0.109819, -0.722212
0.820000, 0.408914, 0.110130, -0.723055
0.840000, 0.409269, 0.109775, -0.211292
0.860000, 0.409202, 0.110241, 0.298939
0.880000, 0.919978, 0.620306, -0.722412
0.900000, 0.919046, 0.110330, -0.211248
0.920000, 0.408181, 0.620750, -0.211603
0.940000, 0.408647, 0.110041, -0.722567
0.960000, 0.408781, 0.109442, -0.722612
0.980000, 0.409247, 0.109309, -0.212136
1.000000, 0.409047, 0.109619, -0.722656
1.020000, 0.919711, 0.620928, -0.722789
1.040000, 0.408492, 0.109420, -1.233886
1.060000, 0.409180, 0.109908, -0.211781
1.080000, 0.409291, 0.620728, -0.211004
1.100000, 0.408781, 0.620772, -0.211670
1.120000, 0.408581, 0.620395, 0.299250
1.140000, 0.409091, 0.109353, -0.722412
1.159999, 0.408781, 0.621039, -1.233376
1.179999, 0.408559, 0.109642, -0.211492
1.199999, 0.408359, 0.109619, -0.723078
1.219999, 0.408670, 0.109864, -1.233731
1.239999, 0.408692, 0.109908, -0.211581
1.259999, 0.408914, 0.110063, -0.211514
1.279999, 0.919556, 0.109131, -0.212091
1.299999, 0.408825, 0.620928, -0.722323
1.319999, 0.408914, 1.131381, -0.211670
1.339999, 0.408670, 0.621438, -0.210937
1.359999, 0.408736, 0.109908, -0.211470
1.379999, 0.408492, 0.109042, -0.211426
1.399999, 0.408581, 1.131936, -2.255327
1.419999, 0.408536, 0.620373, -0.211736
1.439999, 0.408647, -0.401478, -1.233354
1.459999, 0.408581, 0.109109, -1.744695
1.479999, 0.408736, 0.620772, 0.298717
1.499999, 0.408980, 0.109686, -0.211337
1.519999, 0.919822, 0.109553, 0.299383
1.539999, 0.408625, 0.620484, -0.722501
1.559999, 0.408559, 0.620928, 0.299494
1.579999, 0.408914, 0.109619, 0.299139
1.599999, 0.408736, 0.109131, -0.722656
1.619999, 0.408980, 0.109331, 0.299627
1.639999, 0.409113, 0.109176, 0.810303
1.659999, 0.408891, 0.109553, 0.298939
1.679999, 0.408470, 0.620573, -0.722301
1.699999, 0.408670, 0.109575, -1.233487
1.719999, 0.408891, 0.620528, -0.722989
1.739999, 0.409380, 0.109642, -0.212047
1.759999, 0.919379, 0.620794, 0.299228
1.779999, 0.409113, 0.620772, -0.211536
1.799999, 0.408980, 0.109553, -1.744496
1.819999, 0.408403, 0.109997, -0.210849
1.839999, 0.408270, 0.108599, 0.296432
1.859999, 0.410046, 0.111417, 0.301714
1.879999, 0.408625, 0.618353, -0.723788
1.899999, 0.408692, 0.110862, -1.234042
1.919999, 0.409091, -0.401544, -0.722567
1.939999, 0.408891, 0.621260, -0.210959
1.959999, 0.408670, 0.108954, -1.234486
1.979999, 0.408536, -0.402299, 0.300404
1.999999, 0.920244, 0.111040, -1.234264
2.019999, 0.408004, 0.107933, 0.811302
2.039999, 0.408781, 0.110396, 1.831976
2.059999, 0.408825, -0.912220, -0.211581
2.079999, 0.409113, 0.621482, -0.211270
2.099999, 0.405984, 0.118985, -0.210671
2.119999, 0.407072, 0.126864, -0.724010
2.139999, 0.406916, 0.113392, -0.721036
2.159999, 0.407959, -0.398748, -0.720126
2.179999, 0.408048, 0.108465, -1.231534
2.199999, 0.407626, -0.407071, -0.719660
2.219999, 0.412664, 0.122048, -0.223676
2.239999, 0.417858, 0.178663, 0.263652
2.259999, 0.414640, 0.248394, -1.307413
2.279999, 0.400525, 0.776503, 0.242635
2.299999, 0.913697, 0.743368, -0.265710
2.319999, 0.408603, 0.760013, 0.233025
2.339998, 0.930209, -0.164187, -0.324989
2.359998, 0.420033, 0.433509, 0.177964
2.379998, 0.368722, 1.021517, -1.419622
2.399998, 0.775965, 0.515291, -1.023598
2.419998, 0.710584, 0.600048, -1.135829
2.439998, 0.096676, 0.734761, -1.268790
2.459998, 0.010965, 0.880438, -1.407786
2.479998, -0.556814, 0.505608, -1.021837
2.499998, -0.084710, 2.169342, -1.136533
2.519998, -0.617624, 0.740014, -1.734317
2.539998, 0.414680, 0.821331, -0.797433
2.559998, -0.044629, 0.860413, -1.380970
2.579998, 0.024436, 0.886912, -1.443355
2.599998, 0.100293, 0.906242, -0.980440
2.619998, 0.169448, 0.916274, -1.513375
2.639998, 0.238646, 1.427349, -1.514441
2.659998, 0.310753, 1.421068, -2.019745
2.679998, 0.370164, 1.389798, -1.981484
2.699998, 0.411888, 1.347186, -1.408245
2.719998, 0.436145, 1.842271, -1.368076
2.739998, 0.435612, 0.826501, -1.338780
2.759998, 0.938110, 1.859804, -0.803625
2.779998, 0.952624, 1.846377, -1.798944
2.799998, 0.479311, 1.286732, -0.741040
2.819998, 0.523831, 1.225567, -1.216517
2.839998, 0.557920, 1.154615, -1.170666
2.859998, 0.583464, 1.080223, -2.654999
2.879998, 0.605569, 1.006829, -0.567622
2.899998, 0.621104, 0.423848, -1.035531
2.919998, 0.615667, 0.351364, -0.972502
2.939998, 1.110641, 0.794439, 0.113898
2.959998, 0.590500, 0.726039, -1.366285
2.979998, 0.591765, 0.651292, -0.812820
2.999998, 0.601263, 0.572972, -0.274825
3.019998, 1.113970, 0.489214, -0.241890
3.039998, 0.580113, 0.417219, -0.707402
3.059998, 0.529135, 0.874087, -0.652740
3.079998, 0.467016, 0.316728, -0.080456
3.099998, 0.412775, 0.782362, -1.049186
3.119998, 0.371229, 0.736533, -1.006620
3.139998, 0.346240, 0.180882, -0.976770
3.159998, 0.345596, 0.643143, -0.963121
3.179998, 0.365415, -0.428376, -1.475794
3.199998, 0.390471, 0.028924, 0.063180
3.219998, 0.407449, -0.024806, -0.935756
3.239998, 0.925570, 0.447908, -0.908991
3.259998, 0.926591, 0.433505, -0.889439
3.279998, 0.415461, 12.188520, -0.873726
3.299998, 0.413064, -0.061913, 0.165291
3.319998, 0.406783, 0.468925, -0.321438
3.339998, 0.393112, -0.526737, 1.244245
3.359998, 0.888352, 0.530468, -0.256434
3.379997, 0.877544, 0.571658, -0.234373
3.399997, 0.364327, 0.092686, -0.724920
3.419997, 0.370364, -0.401789, 0.833207
3.439997, 0.376578, 0.120938, 0.350716
3.459997, 0.377732, 0.135874, -0.643759
3.479997, 0.885978, 0.155360, -0.616505
3.499997, 0.370652, 0.172471, -1.615330
3.519997, 0.369232, -0.323823, -0.576890
3.539997, 0.375357, 0.193643, -0.566770
3.559997, 0.388696, 0.191735, -0.564173
3.579997, 0.410556, 0.183745, -0.061332
3.599997, 0.435701, 0.682780, 0.947369
3.619997, 0.455853, 0.153562, -0.594600
3.639997, 0.472431, 0.648026, 0.413812
3.659997, 0.488765, 0.121515, 0.394792
3.679997, 1.014344, 0.613027, -0.133460
3.699997, 0.514177, 0.082588, -0.147509
3.719997, 0.517683, 0.067452, -0.159737
3.739997, 0.513688, 0.569483, 0.341861
3.759997, 0.503191, 0.053936, -0.177669
3.779997, 0.486923, 0.565422, -0.697067
3.799997, 0.466994, 0.567863, 0.316872
3.819997, 0.959327, 0.569417, -0.709429
3.839997, 0.436456, 0.059573, -0.205078
3.859997, 0.943480, 0.574721, -0.216219
3.879997, 0.434392, 0.064989, 0.283315
3.899997, 0.435723, 0.061083, -0.230356
3.919997, 0.942526, 0.056666, -0.225940
3.939997, 0.936001, 0.064034, 0.280896
3.959997, 0.418723, 0.077128, 0.783960
3.979997, 0.411177, 0.598468, -0.752084
3.999997, 0.404852, -0.416858, 0.274837
4.019997, 0.401679, -0.414705, -0.739501
4.039997, 0.401324, 0.097280, -0.732488
4.059997, 0.400347, 0.099632, -0.725896
4.079997, 0.398683, -0.403742, -0.211004
4.099997, 0.395176, 0.116633, -0.720414
4.119997, 0.389295, 0.125177, 0.816162
4.139997, 0.383125, 0.646139, -0.203059
4.159997, 0.377776, 0.655172, -0.200440
4.179997, 0.375202, 0.660432, 0.311878
4.199997, 0.374536, 0.659211, -0.707209
4.219997, 0.374514, 0.145772, -0.196267
4.239997, 0.885622, 0.655372, -0.198265
4.259997, 0.374292, 0.142022, -0.711182
4.279997, 0.884135, 0.648958, -0.712403
4.299997, 0.371695, 0.644741, -0.201816
4.319997, 0.882848, 0.130392, -0.202881
4.339997, 0.371917, 0.637107, 0.820024
4.359997, 0.373648, 0.632224, -0.199241
4.379997, 0.377998, 0.118319, 0.310214
4.399997, 0.382681, 0.117542, -0.714333
4.419997, 0.899671, 0.117498, -0.205522
4.439997, 0.392668, -2.439342, -0.206099
4.459997, 2.427281, 0.096303, -3.783680
4.479997, 1.383226, -0.445088, -0.722700
4.499997, -0.169829, -1.491806, -1.253639
4.519997, 0.335387, 3.607527, -2.809390
4.539997, 1.369333, 6.669195, -4.860737
4.559997, 1.888731, 6.150019, -7.924480
4.579997, -0.169407, 10.227268, -6.391721
4.599997, 1.853488, 10.735435, -7.398935
4.619997, 0.806725, 7.152350, -7.878939
4.639997, -1.250814, 14.817368, -8.870385
4.659997, -1.754987, 17.377487, -8.843420
4.679996, 2.869912, 16.877003, -8.297013
4.699996, -7.829220, 27.626974, -6.216260
4.719996, -31.282448, 24.592310, -5.145751
4.739996, -44.501987, 1.112628, -6.139515
4.759996, -18.373343, 16.979580, -42.943535
4.779996, -45.962322, 18.503656, -7.737856
4.799996, -51.117981, 15.389962, 13.132355
4.819996, -48.003582, 9.299006, -9.883813
4.839996, -33.643532, 11.394939, 20.770916
4.859996, -48.940865, 9.401584, 29.956776
4.879996, -57.561317, -6.340975, 26.926422
4.899996, -64.655090, -10.857016, 25.910707
4.919996, -50.338566, 28.003662, 19.211775
4.939996, -60.572384, 2.430771, 51.874077
4.959996, -64.137001, -3.186539, 49.853573
4.979996, -62.054188, 1.972538, 71.853363
4.999996, -82.450508, 1.525269, 54.006477
5.019996, -64.522934, -5.076585, 61.200840
5.039996, -73.734138, -6.624169, 53.011581
5.059996, -71.216545, -7.671953, 51.475342
5.079996, -65.148880, -8.241685, 46.328205
5.099996, -63.187939, -8.318785, 44.237705
5.119996, -62.271660, -5.855755, 43.157413
5.139996, -55.738773, -10.558108, 39.519108
5.159996, -54.310188, -2.480577, 28.728033
5.179996, -49.812214, -4.617258, 34.799286
5.199996, -45.299179, 1.945647, 27.594339
5.219996, -44.335709, 3.936461, 20.412649
5.239996, -36.216743, 8.482840, 20.895584
5.259996, -32.695122, 3.832130, 21.386751
5.279996, -32.726681, 26.286638, 8.100919
5.299996, -42.458790, 30.348135, 5.558903
5.319996, -28.168718, 25.189459, -2.091022
5.339996, -20.525583, 13.389223, 14.264458
5.359996, -27.181601, 37.397129, -2.585119
5.379996, -22.574699, 33.845688, -5.101135
5.399996, -21.550709, 29.244602, 1.563215
5.419996, -21.021301, 38.967457, -11.181449
5.439996, -17.924524, 33.379311, -6.038640
5.459996, -24.535942, 42.615036, -12.645742
5.479996, -29.598057, 51.348881, -15.161714
5.499996, -38.742146, 45.749725, -17.687117
5.519996, -36.649021, 44.732082, -6.433799
5.539996, -47.328625, 62.632721, -7.459877
5.559996, -33.968533, 37.643764, -7.433911
5.579996, -41.566437, 48.947002, -7.402131
5.599996, -39.475628, 52.084438, -5.333728
5.619996, -40.965431, 47.542896, -5.816684
5.639996, -41.946060, 49.632553, -2.719218
5.659996, -42.420204, 44.051914, -0.642405
5.679996, -41.868561, 43.076859, -2.648488
5.699996, -38.773468, 38.012596, -1.595534
5.719995, -36.200871, 37.545620, -2.084016
5.739995, -36.705666, 38.602032, 5.087647
5.759995, -37.200428, 32.503834, 4.603426
5.779995, -36.662544, 32.537678, 6.166956
5.799995, -37.150162, 29.499664, 6.185510
5.819995, -37.128078, 29.527361, 5.182213
5.839995, -36.603554, 27.504038, 8.256619
5.859995, -40.677097, 25.987375, 7.243658
5.879995, -40.152119, 25.486597, 7.247963
5.899995, -41.676678, 21.400160, 12.862077
5.919995, -41.670372, 22.423504, 9.789068
5.939995, -44.732185, 19.872356, 10.290822
5.959995, -43.209435, 19.861637, 12.825436
5.979995, -46.797401, 16.269913, 15.866796
5.999995, -45.274963, 15.747563, 16.863113
6.019995, -44.774929, 17.262390, 12.235841
6.039995, -44.284828, 13.658465, 18.847353
6.059995, -46.362541, 14.134387, 19.836325
6.079995, -44.343353, 15.644142, 21.344843
6.099995, -46.918446, 14.093373, 21.322538
6.119995, -41.830276, 13.052181, 19.259869
6.139995, -44.413017, 13.535226, 19.744089
6.159995, -42.403160, 13.502247, 17.163197
6.179995, -41.419891, 12.443966, 17.132105
6.199995, -35.842854, 9.847577, 18.632566
6.219995, -39.462402, 10.835750, 14.517151
6.239995, -36.948860, 11.312824, 14.999541
6.259995, -34.434044, 9.743157, 16.499010
6.279995, -31.395901, 10.229021, 11.365145
6.299995, -33.974945, 9.696884, 12.370406
6.319995, -28.890636, 9.672206, 13.371250
6.339995, -34.017757, 11.697464, 11.314122
6.359995, -27.897383, 9.637318, 9.263020
6.379995, -24.846523, 13.189720, 7.208066
6.399995, -25.375618, 17.768829, 5.676128
6.419995, -22.325979, 23.368628, 2.103008
6.439995, -19.784964, 23.859529, 5.183574
6.459995, -17.742559, 22.318691, 2.655385
6.479995, -16.715151, 23.348032, 0.129560
6.499995, -17.734726, 24.376858, -4.446136
6.519995, -15.177731, 27.959482, -11.068796
6.539995, -11.097175, 20.285294, -9.018614
6.559995, -13.147023, 27.434736, -10.035682
6.579995, -10.592491, 27.442549, -12.581426
6.599995, -10.066214, 31.031382, -10.522256
6.619995, -10.551211, 29.007837, -14.589429
6.639995, -13.585182, 30.058594, -12.519018
6.659995, -14.065586, 32.636780, -11.479868
6.679995, -15.050207, 30.104223, -10.440007
6.699995, -15.520647, 31.661835, -13.485252
6.719995, -15.484227, 27.599987, -7.845982
6.739995, -13.919776, 26.099081, -5.276847
6.759995, -17.963957, 26.664701, -5.248439
6.779994, -18.433552, 22.632040, -5.219388
6.799994, -18.911648, 22.670124, -3.158875
6.819994, -19.396048, 20.653858, -2.633952
6.839994, -21.409876, 18.129471, 1.986641
6.859994, -19.854723, 18.156214, 2.000002
6.879994, -20.852839, 16.653753, 5.593129
6.899994, -23.892868, 13.615566, 3.568315
6.919994, -18.765772, 15.681405, 7.667025
6.939994, -24.371075, 10.588820, 8.190306
6.959994, -26.910593, 10.094810, 9.228191
6.979994, -25.366482, 10.102912, 13.315804
6.999994, -26.376183, 7.556802, 12.806261
7.019994, -27.898966, 7.057467, 10.257355
7.039994, -29.437052, 4.501414, 11.782313
7.059994, -29.958092, 2.957692, 11.764736
7.079994, -27.422756, 3.963419, 13.271152
7.099994, -32.045303, 2.922404, 19.886770
7.119994, -29.499014, 3.422738, 17.316132
7.139994, -27.974644, 0.857531, 22.408939
7.159994, -31.562124, -0.687646, 21.884304
7.179994, -29.014128, -0.185381, 22.382063
7.199994, -33.627731, -3.266479, 22.362577
7.219994, -32.119072, -2.267033, 21.829685
7.239994, -31.127960, -7.414237, 21.794333
7.259994, -29.119413, -7.964594, 19.714640
7.279994, -28.657385, -8.006273, 21.202362
7.299994, -28.702415, -7.532549, 20.137428
7.319994, -28.751640, -8.085015, 19.582678
7.339994, -26.240507, -7.105143, 18.005842
7.359994, -26.788933, -8.166509, 16.943794
7.379994, -21.718052, -8.715357, 18.948496
7.399994, -21.242577, -7.727296, 17.893232
7.419994, -18.713877, -6.213046, 14.807968
7.439994, -18.739265, -5.724763, 12.237867
7.459994, -16.212997, -5.241829, 10.691504
7.479994, -13.688515, -8.339750, 9.143930
7.499994, -13.208233, -0.698092, 9.130748
7.519994, -7.613294, 0.303186, 2.483231
7.539994, -12.231689, 7.947840, 11.685668
7.559994, -1.004172, 4.858730, -0.571135
7.579994, -4.077126, 4.845214, 3.025754
7.599994, -2.049514, 23.742725, -7.180346
7.619994, 7.150259, 7.384810, -4.083668
7.639994, 2.557097, 17.091349, -15.797049
7.659994, 6.140005, 14.544500, -14.742719
7.679994, 7.155142, 22.196539, -20.343515
7.699994, 6.643667, 26.792608, -17.765326
7.719994, 9.215266, 40.593491, -27.440355
7.739994, 4.655372, 29.875544, -20.743935
7.759994, 5.719389, 40.630329, -28.866076
7.779994, 6.788035, 34.017399, -24.731812
7.799994, 3.257259, 38.652905, -27.241148
7.819993, 1.262472, 36.650665, -26.689924
7.839993, 2.344611, 37.721798, -23.585178
7.859993, -0.144573, 34.211590, -20.988136
7.879993, -0.074730, 35.314922, -21.963579
7.899993, -1.540133, 27.731483, -16.809307
7.919993, -9.142254, 32.922741, -9.105108
7.939993, -22.351143, 34.031528, -14.174547
7.959993, -36.577320, 38.697994, -16.691572
7.979993, -25.771318, 17.266296, -8.515691
7.999993, -24.708288, 31.081070, -8.030604
8.019994, -31.835997, 29.591055, 7.801960
8.039994, -29.754534, 20.964832, 14.979393
8.059995, -32.245804, 14.918428, 17.068535
8.079995, -27.080978, 0.188288, 32.441498
8.099996, -37.767525, 10.490673, 53.433765
8.119996, -59.143829, -16.476196, 37.675255
8.139997, -56.499203, -32.733593, 25.982763
8.159997, -36.069382, 9.162481, 30.512451
8.179997, -51.446499, -19.504641, 42.201881
8.199998, -45.859859, -24.653154, 25.845852
8.219998, -46.937271, -14.486802, 41.625912
8.239999, -59.787666, -21.706980, 45.130615
8.259999, -57.272137, -4.381394, 24.132290
8.280000, -49.159950, -15.721786, 38.357780
8.300000, -55.889938, -8.691628, 40.313766
8.320001, -58.513813, -6.224616, 40.761612
8.340001, -53.462009, -6.813079, 37.637444
8.360002, -53.525547, -6.374975, 36.046612
8.380002, -55.139614, -4.924243, 33.430099
8.400002, -50.123550, -6.547285, 33.871883
8.420003, -44.594803, -4.580061, 32.269550
8.440003, -45.187416, -3.105304, 29.659718
8.460004, -40.151421, -4.182716, 26.543808
8.480004, -34.596321, -2.191613, 23.942232
8.500005, -31.589935, 9.013223, 12.663964
8.520005, -16.836170, -2.281075, 12.630985
8.540006, -35.301167, 16.574509, 3.409839
8.560006, -21.056078, 6.815167, 11.560054
8.580007, -15.478384, 16.473330, 6.419974
8.600007, 0.340177, 0.614787, -3.794182
8.620008, -8.892021, 36.372540, -4.298566
8.640008, 9.975657, 15.909544, 15.131577
8.660008, 12.038134, 32.788677, -12.904561
8.680009, 12.590688, 23.630516, -33.247574
8.700009, 5.929101, 22.589302, -45.985111
8.720010, -3.347372, 41.412304, -20.990704
8.740010, -6.967964, 25.497620, -11.839267
8.760011, -14.048646, 28.086279, -26.117466
8.780011, -26.230379, 47.547607, -7.712371
8.800012, -28.711552, 49.106529, -13.846914
8.820012, -18.380148, 41.477177, -1.549232
8.840013, -45.368713, 72.186256, -8.150829
8.860013, -50.369850, 40.068676, -9.100374
8.880013, -41.083080, 38.600330, -15.194293
8.900014, -37.987301, 57.554516, -10.608344
8.920014, -39.513844, 53.499393, -5.495318
8.940015, -40.005123, 55.067501, -5.967599
8.960015, -39.465332, 53.580490, -4.897977
8.980016, -37.898727, 52.617527, -6.887349
9.000016, -33.779331, 50.124878, -5.301836
9.020017, -34.263844, 51.202686, -5.248528
9.040017, -33.732216, 48.177834, -4.686297
9.060018, -31.160894, 45.138618, -6.178465
9.080018, -31.655357, 45.680141, -6.654386
9.100019, -29.084925, 43.155956, -10.198078
9.120019, -29.581553, 40.630501, -5.059773
9.140019, -29.569744, 40.147263, -8.106594
9.160020, -29.036232, 38.134083, -5.532055
9.180020, -29.016014, 36.112198, -13.698115
9.200021, -28.493355, 32.544960, -2.965683
9.220021, -28.994265, 33.066551, -3.483649
9.240022, -29.989117, 32.587971, -1.424756
9.260022, -38.135448, 23.925238, -0.901452
9.280023, -36.574059, 34.170460, -0.387182
9.300023, -39.106133, 33.161140, 9.307910
9.320024, -37.538086, 20.918180, 2.675152
9.340024, -40.063633, 22.475880, 14.944328
9.360024, -48.230736, 18.405733, 13.399895
9.380025, -44.637730, 27.626635, 15.949933
9.400025, -53.307697, 11.282190, 19.002817
9.420026, -43.081936, 15.367828, 18.991056
9.440026, -47.181534, 7.692891, 28.673874
9.460027, -48.727764, 7.696997, 28.151546
9.480027, -52.827869, 5.656758, 31.206097
9.500028, -51.817528, 6.671873, 28.120409
9.520028, -56.433815, 3.581265, 33.203808
9.540029, -50.322876, 7.124491, 31.637653
9.560029, -53.415291, 3.511844, 33.142155
9.580029, -51.411140, 3.469366, 28.512817
9.600030, -47.376167, 3.418787, 28.473312
9.620030, -44.888538, 2.843951, 26.381214
9.640031, -44.445374, 1.758883, 25.827660
9.660031, -42.471203, 2.719890, 23.737291
9.680032, -38.962269, 2.659258, 20.114082
9.700032, -38.008938, 5.150595, 21.086403
9.720033, -37.044315, 6.119836, 17.466742
9.740033, -33.509167, 5.565506, 18.455620
9.760034, -34.056084, 7.571834, 14.339249
9.780034, -27.952955, 4.986897, 13.803961
9.800035, -27.469355, 10.581303, 12.248010
9.820035, -28.010525, 14.134316, 5.590884
9.840035, -22.927326, 20.232473, 0.471588
9.860036, -31.136631, 14.050780, 7.613279
9.880036, -20.942560, 23.211588, 4.029773
9.900037, -16.858585, 26.265133, -3.115725
9.920037, -16.863689, 19.109638, -1.556533
9.940038, -14.324938, 18.083538, -1.542596
9.960038, -13.311099, 26.270193, -9.200001
9.980039, -12.804462, 25.763029, -7.657110
10.000039, -8.714252, 27.287283, -13.270281
10.020040, -8.706485, 27.799646, -14.790767
10.040040, -8.194455, 28.307302, -13.249241
10.060040, -10.224275, 28.827206, -12.212366
10.080041, -11.216397, 36.008408, -12.698340
10.100041, -11.171988, 32.977188, -10.621216
10.120042, -13.671292, 36.085773, -12.621552
10.140042, -19.233429, 37.153130, -12.579317
10.160043, -18.159725, 32.076145, -8.460999
10.180043, -19.130253, 37.220020, -12.012293
10.200044, -22.150475, 39.301399, -11.982975
10.220044, -21.599297, 38.822571, -8.889160
10.240045, -25.131248, 37.330387, -8.855471
10.260045, -23.551640, 33.804890, -5.746864
10.280046, -26.066244, 35.387363, -7.762468
10.300046, -23.991341, 32.362617, -6.207538
10.320046, -23.975050, 30.852634, -7.730954
10.340047, -23.967371, 31.890602, -2.101748
10.360047, -23.447752, 29.864840, -2.603658
10.380048, -23.429197, 24.786503, 0.486651
10.400048, -25.454390, 24.303774, -1.022961
10.420049, -26.454723, 22.800930, 1.042512
10.440049, -28.993776, 20.776833, 3.612147
10.460050, -25.906475, 21.821285, 7.198228
10.480050, -26.391117, 19.295012, 6.190237
10.500051, -28.412525, 14.722617, 9.277660
10.520051, -30.439871, 13.722715, 9.800875
10.540051, -28.382875, 8.632371, 11.848693
10.560052, -28.883364, 10.182164, 8.780745
10.580052, -27.863367, 8.146020, 13.373086
10.600053, -31.443079, 4.569548, 18.472900
10.620053, -30.927376, 2.022872, 16.424677
10.640054, -32.966518, 5.093140, 21.013491
10.660054, -36.545986, 0.999812, 19.977852
10.680055, -34.500961, 7.117278, 22.516111
10.700055, -39.617893, 6.071692, 24.542519
10.720056, -35.533211, -0.080695, 21.978580
10.740056, -36.572796, 1.430592, 22.980597
10.760056, -36.605217, -0.640063, 23.463398
10.780057, -36.645035, 0.855600, 22.408783
10.800057, -37.196301, 1.326594, 22.883457
10.820058, -36.720802, -1.776842, 22.847504
10.840058, -37.785320, -2.331904, 22.804514
10.860059, -36.803604, -5.434852, 21.228373
10.880059, -33.274784, -5.985054, 23.731077
10.900060, -33.837322, -5.515635, 22.655508
10.920060, -34.393364, -6.059113, 23.122574
10.940061, -31.368313, -8.650797, 22.566181
10.960061, -31.404179, -8.688037, 23.545876
10.980062, -28.881937, -8.206834, 21.972729
11.000062, -28.908436, -1.588081, 20.407812
11.020062, -26.380413, -5.189919, 20.895296
11.040063, -23.338776, -5.732775, 16.788685
11.060063, -20.306446, -2.697406, 11.152466
11.080064, -17.282352, 1.869945, 10.113294
11.100064, -19.883036, -9.921146, 8.054734
11.120065, -15.323807, -3.306332, 4.974268
11.140065, -5.658255, -2.824552, -3.743648
11.160066, 4.002192, 5.318738, 7.989885
11.180066, 2.939451, 23.174082, -2.231262
11.200067, 0.898812, 35.942692, -4.220534
11.220067, 5.524599, 18.551956, 4.030172
11.240067, 21.408352, 7.827530, -31.146490
11.260068, 10.167452, 29.803392, -12.703777
11.280068, 5.021668, 41.546951, -43.853714
11.300069, 31.591143, 28.244562, -7.538353
11.320069, 18.317804, 56.859947, -38.665520
11.340070, -3.071265, 41.093445, -52.348087
11.360070, 6.672319, 45.694733, -39.030052
11.380071, 2.605057, 52.322380, -34.965187
11.400071, 9.319109, 55.939640, -26.251543
11.420072, -3.362915, 63.678967, -18.016739
11.440072, -24.180449, 53.586658, -14.846035
11.460073, -6.649674, 53.215157, -15.770247
11.480073, -43.813744, 49.759987, -15.704177
11.500073, -37.572109, 41.677998, -21.274969
11.520074, -35.452007, 28.452551, -14.646850
11.540074, -39.512611, 37.703171, -24.900776
11.560075, -36.443008, 27.020460, -5.525419
11.580075, -37.487885, 28.572174, -2.004031
11.600076, -36.460320, 16.845592, 13.816849
11.620076, -36.440655, 6.663573, 20.966219
11.640077, -36.924389, 6.723539, 20.464914
11.660077, -37.414803, 8.818640, 23.537235
11.680078, -39.450157, 7.828071, 24.567974
11.700078, -44.050644, 4.760788, 23.044935
11.720078, -45.596375, 3.710031, 22.014757
11.740079, -47.159138, 2.641097, 20.965441
11.760079, -41.072212, 2.581663, 21.436302
11.780080, -41.644386, 9.669391, 21.389786
11.800080, -40.176243, 4.492981, 22.377026
11.820081, -38.704781, 9.539049, 19.792849
11.840081, -38.254669, 8.964568, 16.694822
11.860082, -35.252346, 9.406955, 15.130127
11.880082, -32.252365, 12.402020, 14.071923
11.900083, -31.291613, 19.491896, 7.906764
11.920083, -33.902950, 18.410711, 1.750127
11.940084, -28.846872, 23.969408, 4.784664
11.960084, -28.894522, 21.366434, 4.752528
11.980084, -25.851339, 23.392019, 2.698595
12.000085, -23.311434, 22.361746, 2.182971
12.020085, -23.317404, 22.362457, 2.700970
12.040086, -20.762238, 20.330635, 1.179596
12.060086, -21.266701, 20.857977, 2.213065
12.080087, -20.745993, 23.432545, -2.380319
12.100087, -17.156404, 20.893776, -0.332734
12.120088, -21.232899, 21.925751, -1.349358
12.140088, -18.156706, 24.997391, -2.882939
12.160089, -20.700163, 21.417789, -3.906054
12.180089, -18.138020, 22.433874, -3.392815
12.200089, -21.713881, 24.469559, -3.397077
12.220090, -17.619299, 24.979568, -4.924254
12.240090, -17.610422, 28.046925, -3.384449
12.260091, -18.622906, 27.035936, -7.964384
12.280091, -18.101511, 28.580635, -5.392540
12.300092, -18.607126, 27.054424, -5.382909
12.320092, -18.080761, 28.095039, -5.365198
12.340093, -15.506554, 28.626732, -6.367086
12.360093, -15.487068, 26.605690, -5.833906
12.380094, -18.535975, 23.558336, -6.837170
12.400094, -16.479990, 24.596771, -5.807385
12.420094, -15.956908, 22.568766, -5.291805
12.440095, -15.939242, 23.613731, -2.724456
12.460095, -15.408282, 24.148842, -3.733346
12.480096, -15.898473, 21.105766, -3.205570
12.500096, -15.372573, 22.653522, -3.191944
12.520097, -15.869333, 21.131332, -4.201455
12.540097, -18.925142, 18.076250, -2.144227
12.560098, -16.361256, 19.106279, -0.601680
12.580098, -15.844788, 19.112406, -0.088008
12.600099, -14.301331, 16.056679, -0.589407
12.620099, -17.871477, 16.066622, -1.090296
12.640100, -15.821861, 14.031165, -0.062930
12.660100, -17.862068, 13.526416, 6.580691
12.680100, -17.848440, 9.452939, 5.049985
12.700101, -17.316116, 11.009035, 7.103640
12.720101, -21.900423, 8.472935, 7.104794
12.740102, -20.352438, 5.933005, 10.685171
12.760102, -20.339390, 5.433493, 9.658683
12.780103, -23.397083, 2.885519, 13.743100
12.800103, -24.415218, 3.401277, 14.246429
12.820104, -29.012463, 2.888049, 12.702041
12.840104, -26.461582, 0.833229, 15.237654
12.860105, -26.982433, 0.304566, 19.809448
12.880105, -28.525269, -1.241221, 16.213419
12.900105, -29.054209, -0.238113, 18.235210
12.920106, -26.015022, -1.801077, 20.249994
12.940106, -28.594444, -5.403715, 18.182501
12.960107, -28.627468, -5.431700, 16.110554
12.980107, -26.118465, -4.959641, 16.065346
13.000108, -23.103815, -8.067771, 17.041889
13.020108, -20.596344, -8.107785, 18.023064
13.040109, -21.658419, -7.624319, 17.989775
13.060109, -18.109922, -9.182279, 17.966694
13.080110, -18.645655, -7.668683, 14.879098
13.100110, -15.601808, -7.686527, 15.374104
13.120111, -16.135963, -6.684217, 12.293084
13.140111, -13.093582, -5.684682, 12.282099
13.160111, -13.116730, -5.715509, 9.203164
13.180112, -11.097064, -5.236636, 8.680726
13.200112, -11.124095, 2.911892, 5.603512
13.220113, -6.541275, -7.837885, 5.605465
13.240113, -4.514907, 2.369657, 2.546127
13.260114, -1.469129, 5.935987, -2.048699
13.280114, -7.611407, 17.165384, -6.117848
13.300115, 4.135242, -4.833132, 3.097528
13.320115, 0.051912, 20.707928, -13.747600
13.340116, -4.537433, 18.164610, -12.189795
13.360116, -2.491990, 21.727633, -13.193736
13.380116, 9.271814, 17.121464, -17.266047
13.400117, 5.707117, 24.285976, -19.284880
13.420117, 5.716593, 27.374016, -21.295670
13.440118, 8.802086, 25.864365, -22.795305
13.460118, 7.805325, 31.000355, -26.335768
13.480119, 9.875424, 33.577984, -19.150833
13.500119, 5.828980, 37.188194, -23.193327
13.520120, 4.867629, 35.189640, -23.135557
13.540120, 2.370266, 34.211143, -23.087975
13.560121, 4.470760, 34.264744, -15.890756
13.580121, 1.473353, 31.268473, -15.838224
13.600121, 0.525762, 33.394821, -13.223083
13.620122, -3.490844, 30.406408, -9.590617
13.640122, -5.465957, 37.628712, -6.981167
13.660123, -5.385240, 29.517307, -9.480738
13.680123, -6.841787, 22.431671, -8.911849
13.700124, -4.241226, 8.693514, -0.196097
13.720124, -18.003889, 20.004850, -12.956896
13.740125, -12.871356, 40.496540, -9.383597
13.760125, -38.399200, 16.484812, 1.346982
13.780126, -14.340110, -1.393829, 6.470228
13.800126, -30.150093, -13.632611, 3.372940
13.820127, -22.993076, -15.620873, 23.784224
13.840127, -32.721992, 6.900553, 28.329315
13.860127, -42.915195, -2.763201, 4.302588
13.880128, -34.211651, -7.380732, 2.228749
13.900128, -43.476341, -15.150146, 9.783919
13.920129, -59.410618, -2.996475, 17.839701
13.940129, -45.702946, -8.214698, 25.887249
13.960130, -55.474983, -4.221395, 45.714531
13.980130, -67.261848, 3.909889, 56.393623
14.000131, -50.895203, -16.542215, 53.312199
14.020131, -58.045406, -4.792348, 47.682133
14.040132, -52.982338, -4.815917, 42.035572
14.060132, -48.974796, -4.879412, 36.377113
14.080132, -43.968342, -5.984743, 27.647270
14.100133, -50.728680, 0.046479, 20.948803
14.120133, -36.037933, -2.624878, 27.013266
14.140134, -33.600380, 0.846441, 20.305834
14.160134, -26.538431, 8.442936, 21.295315
14.180135, -20.987234, 9.925550, 10.035329
14.200135, -19.515484, 11.925929, 9.524420
14.220136, -12.931630, 35.378464, -2.748640
14.240136, 6.427304, 25.089766, 15.634351
14.260137, -5.361057, 28.115797, -16.534473
14.280137, 3.309376, 11.768801, -23.641632
14.300138, -3.397352, 29.103807, -10.371068
14.320138, 0.143078, 44.414940, -24.687685
14.340138, -0.335806, 31.637939, -35.889057
14.360139, -7.480571, 70.948372, -22.083006
14.380139, 4.807103, 27.992691, -38.423759
14.400140, -0.253602, 63.781685, -31.226187
14.420140, -0.222642, 54.112671, -25.583355
14.440141, -7.302092, 66.443298, -33.172558
14.460141, -40.950367, 65.988388, -56.101574
14.480142, -35.779396, 82.348106, -34.123646
14.500142, -42.877632, 81.824913, -10.139725
14.520143, -39.159321, 62.485645, -16.721836
14.540143, -46.181126, 86.096550, -20.744978
14.560143, -51.196301, 84.141899, -7.923171
14.580144, -38.823936, 86.812180, -7.329625
14.600144, -41.773552, 61.912621, -5.168765
14.620145, -43.233273, 61.012424, -9.157219
14.640145, -42.181892, 51.902496, -7.580394
14.660146, -38.593124, 48.397770, -7.038626
14.680146, -36.540459, 46.934013, -5.477082
14.700147, -36.013271, 35.241035, -2.381968
14.720147, -36.507744, 36.822903, 0.195179
14.740148, -36.488880, 34.820839, -2.856047
14.760148, -35.958740, 32.799694, 9.421539
14.780149, -36.953239, 24.647991, 8.413948
14.800149, -35.385979, 29.284054, 9.971275
14.820149, -41.489742, 29.822887, 2.325467
14.840150, -49.650852, 31.864763, 5.397755
14.860150, -47.605900, 15.992245, 0.779625
14.880151, -50.175709, 28.732365, 3.292134
14.900151, -54.299877, 27.157505, 2.209263
14.920152, -57.398354, 37.842278, 1.131884
14.940152, -52.327805, 21.940331, 18.447756
14.960153, -47.247425, 32.629070, 12.269708
14.980153, -57.990810, 19.338266, 33.203453
15.000154, -50.840164, 24.971128, 22.976269
15.020154, -58.495148, 14.260667, 35.749767
15.040154, -44.701714, 17.851292, 21.945335
15.060155, -56.981575, 11.207953, 32.150208
15.080155, -52.418732, 8.634147, 32.126286
15.100156, -63.683544, 8.614151, 31.073402
15.120156, -53.489704, 10.625838, 28.479527
15.140157, -60.683086, 8.015167, 31.492109
15.160157, -52.046097, 6.421998, 32.467468
15.180158, -55.674900, 11.477633, 30.886711
15.200158, -54.703884, 12.448160, 27.271175
15.220159, -51.696033, 7.782160, 27.738617
15.240159, -51.248344, 12.827674, 23.094212
15.260159, -47.228130, 13.787749, 26.626324
15.280160, -40.639950, 9.134176, 19.950140
15.300160, -44.777321, 10.119852, 13.285584
15.320161, -38.704861, 10.074244, 17.847338
15.340161, -35.690132, 19.228971, 9.631902
15.360162, -30.107357, 13.061509, 16.258368
15.380162, -29.115122, 28.874123, 3.480636
15.400163, -26.071165, 13.007247, 5.025779
15.420163, -26.105497, 31.362846, 1.446300
15.440164, -19.493603, 24.687571, 2.466231
15.460164, -28.709044, 30.285728, -3.139205
15.480165, -18.497574, 33.843956, -5.680876
15.500165, -15.436394, 33.829887, -9.250268
15.520165, -15.942276, 37.420700, -13.312514
15.540166, -14.908585, 53.794235, -21.971619
15.560166, -6.718223, 27.224409, -7.120912
15.580167, -18.959734, 48.703140, -22.925957
15.600167, -18.413727, 45.163506, -15.740323
15.620168, -17.350664, 44.678951, -20.317505
15.640168, -24.444927, 51.372608, -27.436693
15.660169, -29.502604, 59.586651, -21.793362
15.680169, -25.367874, 37.624367, -11.052217
15.700170, -33.996849, 58.094353, -13.079218
15.720170, -29.849470, 47.925938, -11.013513
15.740170, -37.952126, 47.487679, -11.485238
15.760171, -35.847336, 54.207718, -7.879539
15.780171, -35.790142, 50.694740, -6.827649
15.800172, -36.763237, 54.318417, -5.258693
15.820172, -36.730232, 51.789486, -5.230928
15.840173, -37.214722, 50.790352, -4.179816
15.860173, -37.197964, 46.221447, -4.149878
15.880174, -35.653500, 48.807953, -2.081109
15.900174, -34.112682, 42.193222, -4.099498
15.920175, -35.132481, 41.699703, -3.566208
15.940175, -34.117542, 40.681126, -3.052547
15.960176, -33.098457, 38.640602, -4.070292
15.980176, -34.122913, 35.066330, -2.531663
16.000175, -28.506027, 35.574963, -3.046244
16.020176, -31.575928, 34.556694, -4.071757
16.040176, -28.516657, 34.560646, -3.048597
16.060177, -29.030128, 32.511868, 0.532014
16.080177, -31.578369, 32.005920, 0.546861
16.100178, -30.032860, 28.435862, -0.465524
16.120178, -32.071579, 29.975962, -2.510978
16.140179, -29.520676, 29.462357, -2.519967
16.160179, -32.081699, 25.361317, 2.064607
16.180180, -32.595173, 25.865801, 4.096257
16.200180, -37.188332, 21.782602, 4.599187
16.220181, -34.626534, 22.807077, 7.652222
16.240181, -34.113750, 20.250399, 13.257747
16.260181, -36.146854, 17.197542, 12.743054
16.280182, -37.670799, 14.142998, 10.697777
16.300182, -34.611107, 13.633165, 15.281463
16.320183, -34.622227, 12.094769, 14.239039
16.340183, -34.632545, 12.090286, 16.779556
16.360184, -36.689133, 9.016789, 19.831110
16.380184, -36.700539, 3.895308, 17.262180
16.400185, -36.203445, 3.880172, 16.220144
16.420185, -36.741997, 2.833831, 20.782923
16.440186, -36.772202, 2.806977, 18.191223
16.460186, -36.802494, 3.288091, 18.669031
16.480186, -36.836319, 3.253136, 21.186760
16.500187, -37.379063, 4.234318, 20.640354
16.520187, -36.384388, 2.664851, 19.589668
16.540188, -33.856499, 2.635112, 21.093082
16.560188, -34.395561, 2.609967, 21.578014
16.580189, -36.977955, 2.587618, 20.541061
16.600189, -31.888144, 0.011014, 17.455956
16.620190, -31.405066, -1.039122, 17.943989
16.640190, -26.329258, 1.490765, 15.364051
16.660191, -26.361860, -1.084418, 14.326421
16.680191, -23.834227, -1.617620, 11.250360
16.700191, -21.314482, 3.974478, 11.744525
16.720192, -18.786804, 5.482259, 6.623421
16.740192, -15.231594, 3.924721, 3.558890
16.760193, -12.700931, 6.964550, 2.024555
16.780193, -10.173518, 13.584236, 3.049324
16.800194, -12.233865, 17.655931, -2.043395
16.820194, -7.127430, 21.217606, -5.597873
16.840195, -0.997159, 13.532881, -7.112257
16.860195, -5.097200, 21.700579, -12.712389
16.880196, -4.593782, 21.701599, -9.629315
16.900196, -2.030850, 30.396496, -18.298061
16.920197, -2.010299, 23.247053, -14.181952
16.940197, -4.031895, 30.921745, -17.734011
16.960197, -2.983624, 35.538055, -18.220585
16.980198, -1.419794, 32.997471, -19.214949
17.000198, -3.937574, 37.105793, -17.649343
17.020199, -3.376209, 35.609962, -19.140490
17.040199, -10.474511, 34.634956, -19.607689
17.060200, -9.399808, 34.689240, -13.439023
17.080200, -10.361459, 30.662725, -14.428239
17.100201, -11.315076, 32.268871, -12.342758
17.120201, -14.834666, 34.376930, -8.733030
17.140202, -16.818178, 31.370872, -7.673074
17.160202, -19.824675, 24.779022, -4.572778
17.180202, -18.757893, 21.761742, -7.110133
17.200203, -19.752079, 23.846762, -7.106271
17.220203, -19.736145, 19.279366, -4.545725
17.240204, -19.723429, 15.726635, -2.494267
17.260204, -20.734926, 12.172756, 5.172626
17.280205, -23.279549, 15.265961, 7.221753
17.300205, -27.341995, 8.145532, 10.811119
17.320206, -23.734430, 10.221846, 10.822371
17.340206, -33.421310, 4.113180, 19.002308
17.360207, -29.313633, 5.155526, 10.830538
17.380207, -33.389194, 2.095933, 16.952175
17.400208, -30.842508, 3.110204, 19.483843
17.420208, -31.367821, -1.503376, 23.043892
17.440208, -37.001976, 0.528896, 26.605433
17.460209, -38.547165, 1.028419, 25.057522
17.480209, -38.559479, 2.026667, 26.569723
17.500210, -37.044476, 3.014995, 26.542759
17.520210, -37.065228, -1.615807, 24.481287
17.540211, -37.099716, -2.677262, 22.412291
17.560211, -36.135357, -2.729527, 25.433878
17.580212, -37.219494, -2.271805, 19.764174
17.600212, -36.769207, -1.814238, 21.759800
17.620213, -31.724669, -2.901304, 20.678459
17.640213, -28.719637, -2.447731, 20.114548
17.660213, -29.286240, -2.494470, 22.626257
17.680214, -28.821527, -0.481463, 17.484564
17.700214, -26.300718, -0.510270, 14.903244
17.720215, -24.295055, 0.466839, 10.270422
17.740215, -23.312187, 2.467840, 9.726090
17.760216, -17.224649, -0.644761, 9.694110
17.780216, -20.330349, 10.563637, 6.094324
17.800217, -13.203217, 4.406190, 9.150677
17.820217, -13.738183, 8.468103, 4.551079
17.840218, -12.220238, 7.948750, 3.032346
17.860218, -9.170810, 10.998700, 3.550079
17.880219, -3.559304, 24.784023, -5.128211
17.900219, 13.301903, 8.936101, -15.836198
17.920219, -17.384953, 40.090317, -10.188373
17.940220, -9.735237, 41.090538, -24.992983
17.960220, 4.080735, 18.065184, -26.509275
17.980221, -4.110526, 30.806585, -22.433746
18.000221, -1.577389, 31.312111, -18.361534
18.020222, -3.100294, 40.533924, -19.883463
18.040222, -2.548161, 38.532417, -15.759919
18.060223, -4.019401, 40.622742, -17.243120
18.080223, -3.947605, 43.229156, -23.319185
18.100224, -10.020584, 43.780533, -20.206272
18.120224, -8.435793, 40.748001, -17.105278
18.140224, -12.469188, 44.372791, -18.598700
18.160225, -10.363056, 37.794880, -12.931744
18.180225, -13.875877, 40.424126, -13.393239
18.200226, -16.878323, 42.033585, -13.855111
18.220226, -19.888369, 35.447063, -8.192105
18.240227, -18.302746, 32.934460, -13.272219
18.260227, -20.823587, 32.968258, -10.700630
18.280228, -17.741335, 32.994312, -7.121363
18.300228, -23.856848, 29.446821, -5.066654
18.320229, -18.717989, 22.840967, -4.023176
18.340229, -20.232018, 21.346453, -3.498230
18.360229, -20.221010, 20.870909, -5.534962
18.380230, -21.751040, 18.330765, -0.424555
18.400230, -22.262836, 10.677015, -1.961553
18.420231, -23.284208, 14.262642, 7.225392
18.440231, -22.770582, 14.271120, 7.720888
18.460232, -26.329554, 11.221447, 11.303995
18.480232, -23.754492, 13.280063, 9.263700
18.500233, -31.405039, 7.666459, 13.352579
18.520233, -32.426834, 6.131525, 16.413115
18.540234, -30.378506, 4.593162, 15.884352
18.560234, -35.491089, 4.077937, 19.444450
18.580235, -35.502251, 3.556675, 19.933510
18.600235, -34.495193, 4.051527, 18.376514
18.620235, -34.519539, 3.508671, 20.900038
18.640236, -35.067345, 3.976491, 21.377823
18.660236, -36.637688, 0.360204, 20.837542
18.680237, -37.186401, -0.190708, 20.802387
18.700237, -34.682571, 0.271675, 19.733015
18.720238, -35.753036, 2.268027, 20.708088
18.740238, -32.739094, 0.169253, 18.619272
18.760239, -31.771118, 2.158392, 18.065388
18.780239, -28.762360, 1.593764, 15.978303
18.800240, -28.309608, 2.564670, 16.450384
18.820240, -23.247961, 3.030582, 11.817807
18.840240, -23.801424, 4.017023, 11.791375
18.860241, -20.772358, 7.050505, 8.704384
18.880241, -20.296793, 11.105006, 6.129701
18.900242, -17.770279, 4.938715, 5.607973
18.920242, -14.732103, 11.551276, 0.491340
18.940243, -15.785635, 16.633209, 2.009485
18.960243, -13.769675, 16.605356, 1.492573
18.980244, -6.113758, 17.613098, 2.012038
19.000244, -7.137950, 16.589911, -0.524596
19.020245, -6.111872, 21.716536, -11.225369
19.040245, -4.069580, 19.671085, -9.158099
19.060246, 1.543580, 23.745277, -14.764646
19.080246, -7.145718, 36.005722, -17.298094
19.100246, -3.568802, 37.016685, -18.298594
19.120247, -2.020219, 28.823811, -15.719194
19.140247, -2.505373, 43.138630, -26.935915
19.160248, -1.968309, 34.471237, -22.306755
19.180248, -1.940612, 42.674091, -25.342823
19.200249, -3.434555, 39.651951, -22.756044
19.220249, -6.453722, 42.253616, -20.163372
19.240250, -5.372449, 42.307724, -13.481213
19.260250, -10.918851, 43.393341, -16.497330
19.280251, -16.965166, 39.890221, -17.459768
19.300251, -13.827363, 40.464386, -13.845302
19.320251, -19.384884, 36.948391, -16.370516
19.340252, -19.330755, 33.433861, -13.785491
19.360252, -20.319815, 34.498482, -11.223091
19.380253, -20.292583, 27.381931, -9.171644
19.400253, -20.775583, 21.286175, -5.074621
19.420254, -18.715881, 22.857391, -5.585541
19.440254, -20.747309, 18.806374, -0.473625
19.460255, -25.330685, 14.755330, 9.245325
19.480255, -23.771538, 23.479809, 3.634185
19.500256, -25.778885, 8.188698, 16.939348
19.520256, -29.833076, 8.732974, 14.405622
19.540257, -32.356369, 4.165822, 16.462673
19.560257, -31.317730, 3.163335, 15.947003
19.580257, -30.806578, 2.657120, 23.086969
19.600258, -37.454594, 4.699090, 22.565136
19.620258, -36.949467, -1.442433, 19.490324
19.640259, -37.487263, 1.582439, 19.966932
19.660259, -40.083473, 1.015703, 20.940296
19.680260, -37.576878, -0.070886, 20.378426
19.700260, -36.608547, 0.889778, 21.347906
19.720261, -37.177414, -1.209351, 8.010695
19.740261, -33.673737, -1.277063, 17.146730
19.760262, -35.298378, 0.175600, 21.154425
19.780262, -31.787008, -0.898926, 21.102427
19.800262, -28.772413, -0.435678, 21.572887
19.820263, -29.830029, 3.105950, 16.940065
19.840263, -28.847626, 3.582737, 16.912279
19.860264, -25.309261, 3.029716, 11.261635
19.880264, -22.790104, 5.034168, 13.790223
19.900265, -19.251272, 4.998548, 8.659154
19.920265, -18.260571, 14.171667, 7.625774
19.940266, -13.182866, 17.210260, -1.067008
19.960266, -13.722071, 16.671337, 10.189506
19.980267, -7.096914, 5.408400, -5.628811
20.000267, -18.867632, 14.083560, -1.526239
20.020267, -3.573374, 12.012794, -6.656065
20.040268, -6.156192, 38.044846, -15.866247
20.060268, -8.220288, 51.803024, -21.988396
20.080269, 20.392372, -1.394881, -40.355740
20.100269, -37.909439, 36.370831, -9.700733
20.120270, -10.377520, 53.188686, -22.534815
20.140270, -3.181544, 54.217468, -25.091389
20.160271, -1.091303, 44.026909, -24.020081
20.180271, -2.576879, 53.777100, -24.474295
20.200272, -4.071977, 60.461121, -28.507778
20.220272, -3.003220, 45.680038, -24.869654
20.240273, -5.506253, 52.881279, -27.878769
20.260273, -7.996668, 53.466549, -26.288074
20.280273, -10.481769, 59.674801, -23.164719
20.300274, -17.041533, 61.788582, -12.881054
20.320274, -17.451361, 58.286858, -18.429543
20.340275, -13.254501, 58.883507, -15.284738
20.360275, -22.358910, 44.157841, -14.701268
20.380276, -26.368835, 42.210045, -12.084739
20.400276, -16.605255, 53.026306, -10.526834
20.420277, -29.837626, 35.721329, -10.488995
20.440277, -27.742746, 43.442448, -7.385581
20.460278, -33.841148, 36.837303, -4.825146
20.480278, -38.920708, 12.849971, -6.866894
20.500278, -23.578123, 18.495815, -8.934242
20.520279, -27.180960, 19.528908, 4.811200
20.540279, -31.805569, 23.118362, 8.878129
20.560280, -36.392494, 11.395864, 10.928477
20.580280, -26.659586, -3.405683, 15.527654
20.600281, -40.960758, 1.714822, 21.636219
20.620281, -34.830540, 12.973921, 6.790951
20.640282, -48.124077, 6.310847, 28.217705
20.660282, -47.118923, -1.905282, 27.157831
20.680283, -53.250374, 1.648708, 26.614532
20.700283, -53.782009, 0.591304, 22.475786
20.720284, -50.249947, 4.621592, 30.071758
20.740284, -52.861382, 3.022385, 34.093662
20.760284, -54.954231, 1.943775, 35.584339
20.780285, -52.958656, 5.976993, 31.454935
20.800285, -52.511143, 4.379063, 30.385180
20.820286, -45.939507, 6.350048, 32.890217
20.840286, -44.995289, 8.327391, 25.691082
20.860287, -49.163174, 14.388963, 15.436978
20.880287, -41.080727, 6.627959, 22.543232
20.900288, -35.544655, 11.139273, 12.270691
20.920288, -34.600140, 20.274441, 10.700470
20.940289, -30.584654, 11.525821, 11.691616
20.960289, -28.089155, 25.275768, 2.472068
20.980289, -21.494247, 12.456424, 10.633823
21.000290, -23.569696, 21.631956, 5.020830
21.020290, -15.921391, 33.897377, -5.189109
21.040291, -16.446693, 18.552156, -6.710173
21.060291, -14.420657, 29.775541, -12.322489
21.080292, -11.882759, 27.720238, -13.863670
21.100292, -12.406751, 37.926067, -11.821623
21.120293, -13.938967, 44.556908, -22.034426
21.140293, -9.837083, 36.365768, -24.059784
21.160294, -14.436082, 48.094215, -20.994497
21.180294, -11.358768, 47.588089, -25.073368
21.200294, -14.897843, 47.109062, -16.354885
21.220295, -16.892807, 54.310349, -18.871279
21.240295, -20.914774, 50.783344, -13.200927
21.260296, -32.084179, 62.069935, -13.154475
21.280296, -27.397892, 47.307846, -15.657053
21.300297, -29.359167, 52.997440, -11.009495
21.320297, -32.355255, 52.054543, -11.989212
21.340298, -32.797108, 53.664978, -10.919812
21.360298, -32.230373, 50.149155, -8.838161
21.380299, -32.696327, 42.531212, -7.784973
21.400299, -31.636583, 46.157463, -7.248730
21.420300, -31.610128, 39.567253, -5.688695
21.440300, -32.099876, 36.546440, -7.198484
21.460300, -28.517189, 37.087097, -5.142222
21.480301, -28.517302, 34.544312, -2.576560
21.500301, -29.018034, 32.507473, -3.582298
21.520302, -29.013174, 32.007496, -3.057363
21.540302, -29.009245, 28.435972, -3.563145
21.560303, -24.922543, 33.554413, -3.562457
21.580303, -29.005672, 29.475540, -0.999436
21.600304, -30.530775, 27.952818, -2.010423
21.620304, -27.969584, 28.978584, -2.521232
21.640305, -29.498749, 24.886816, 2.586024
21.660305, -28.470228, 23.867977, 4.631012
21.680305, -31.528812, 21.832783, 6.676167
21.700306, -31.518402, 22.867777, 8.723064
21.720306, -34.059708, 20.321396, 8.212299
21.740307, -34.557289, 14.709878, 9.745835
21.760307, -33.021866, 16.245855, 10.752728
21.780308, -32.513676, 17.273333, 11.245982
21.800308, -37.117580, 12.673889, 14.299538
21.820309, -35.592377, 12.155490, 14.794834
21.840309, -38.670513, 11.629990, 14.261254
21.860310, -36.133160, 9.564328, 14.746386
21.880310, -37.179413, 9.024246, 17.779669
21.900311, -36.697254, 8.486273, 16.725870
21.920311, -36.724884, 4.881571, 18.741047
21.940311, -36.758530, 5.358790, 18.706936
21.960312, -36.789066, 4.820051, 18.674202
21.980312, -34.267616, 4.786450, 21.193863
22.000313, -36.347038, 4.239844, 16.051165
22.020313, -36.895287, 5.222568, 17.042133
22.040314, -31.831350, 3.643236, 16.488735
22.060314, -31.361921, 5.136635, 15.943349
22.080315, -31.910669, 4.593990, 14.893923
22.100315, -28.872639, 6.612069, 11.802382
22.120316, -26.347633, 8.118729, 11.267339
22.140316, -23.310280, 6.045555, 7.162570
22.160316, -23.340729, 6.528422, 10.726658
22.180317, -16.725780, 9.060250, 5.606131
22.200317, -17.258162, 14.664544, 3.055449
22.220318, -12.683664, 6.466259, 4.083347
22.240318, -13.730127, 22.285646, -0.513366
22.260319, -6.591876, 28.401669, -7.656311
22.280319, -8.133446, 23.269712, 2.080371
22.300320, -6.598534, 39.612003, -9.636284
22.320320, 0.067669, 41.152924, -16.740036
22.340321, -5.534572, 44.221100, -30.480328
22.360321, -5.535237, 28.374327, -21.245134
22.380322, -5.545224, 40.633373, -24.305737
22.400322, -5.027181, 39.630314, -26.853045
22.420322, -3.978809, 40.164795, -24.792444
22.440323, -1.904081, 38.652550, -22.737425
22.460323, -4.929264, 39.708679, -21.181795
22.480324, -8.960617, 36.693787, -18.595171
22.500324, -11.961708, 35.732914, -19.587404
22.520325, -13.940039, 30.687338, -17.005253
22.540325, -13.371172, 29.213015, -9.324779
22.560326, -17.908785, 25.188431, -3.686252
22.580326, -18.353945, 25.771034, -4.169319
22.600327, -22.387829, 23.776674, -6.708737
22.620327, -24.394178, 21.258301, -4.652297
22.640327, -25.395489, 21.281204, -1.074139
22.660328, -26.402836, 19.252533, 5.055311
22.680328, -26.386324, 19.784981, 9.146964
22.700329, -28.917898, 17.257420, 9.165162
22.720329, -28.897791, 14.216902, 10.206043
22.740330, -28.890911, 11.165942, 13.791814
22.760330, -28.890223, 11.686715, 11.242830
22.780331, -28.894905, 10.157396, 13.802001
22.800331, -25.845865, 10.656731, 12.264559
22.820332, -26.374828, 8.595552, 9.707108
22.840332, -28.446749, 7.036427, 10.208729
22.860332, -25.925318, 9.047283, 9.164075
22.880333, -26.470615, 6.968804, 11.181110
22.900333, -26.502840, 7.446146, 10.645667
22.920334, -23.465950, 7.927660, 9.597895
22.940334, -23.492493, 6.876569, 9.574192
22.960335, -23.521523, 8.381032, 7.504126
22.980335, -23.553436, 8.861946, 7.989745
23.000336, -23.583664, 7.296163, 7.448775
23.020336, -20.545675, 8.286577, 7.931399
23.040337, -24.148357, 8.257525, 7.391850
23.060337, -21.102203, 8.236465, 7.370877
23.080338, -21.117628, 8.729674, 6.326467
23.100338, -20.619802, 8.206260, 7.333370
23.120338, -19.099293, 7.683510, 6.806516
23.140339, -18.597916, 6.652616, 7.309956
23.160339, -17.583191, 7.159408, 4.237036
23.180340, -18.615627, 6.639433, 4.229024
23.200340, -18.628965, 7.650331, 4.731732
23.220341, -15.572979, 9.682614, 4.211647
23.240341, -12.515660, 9.673315, 2.164617
23.260342, -14.054379, 15.288583, -0.893878
23.280342, -9.978395, 15.787741, -1.397607
23.300343, -8.966475, 12.706853, 1.167700
23.320343, -8.970071, 12.705411, -0.860565
23.340343, -8.461138, 16.287630, -0.848403
23.360344, -3.854526, 16.809048, -4.917862
23.380344, -5.379929, 16.308004, -8.983926
23.400345, -5.374935, 14.269829, -12.031024
23.420345, -4.360863, 21.418411, -12.540124
23.440346, -3.344561, 18.342245, -12.540279
23.460346, -2.319992, 24.465853, -11.511870
23.480347, -2.817706, 22.428637, -14.564994
23.500347, -1.775538, 23.463593, -13.522715
23.520348, -3.288678, 23.479017, -11.464221
23.540348, -2.236256, 25.039068, -10.931729
23.560349, -3.219790, 24.565212, -10.905231
23.580349, -4.202935, 23.583170, -10.872984
23.600349, -3.145597, 22.086342, -9.824557
23.620350, -2.091045, 21.100796, -7.755744
23.640350, -5.125815, 18.585684, -7.218858
23.660351, -6.121821, 19.640102, -9.242619
23.680351, -5.074947, 17.110987, -7.184281
23.700352, -7.613057, 17.122683, -6.665727
23.720352, -10.666713, 16.622040, -7.175914
23.740353, -10.146738, 11.515183, -8.208795
23.760353, -9.635663, 14.070292, -1.069434
23.780354, -10.140524, 14.080102, -1.585880
23.800354, -12.678722, 10.522594, -2.086790
23.820354, -13.182373, 8.997659, 4.042748
23.840355, -15.727983, 10.032070, 8.128719
23.860355, -14.687857, 5.963033, 14.775792
23.880356, -18.745909, 1.906047, 10.195613
23.900356, -18.722805, 3.466348, 8.160146
23.920357, -23.833900, 3.467169, 10.700685
23.940357, -21.802549, 4.473806, 13.230782
23.960358, -21.304834, 0.872889, 14.739883
23.980358, -23.874048, -0.170534, 14.721374
24.000359, -23.897839, 0.829900, 12.651218
24.020359, -24.439697, 1.314987, 13.641809
24.040359, -21.921173, 0.770799, 14.118240
24.060360, -20.426786, 0.215704, 15.616279
24.080360, -20.976278, -0.837872, 12.011621
24.100361, -18.464157, -0.366235, 13.514132
24.120361, -18.513004, -0.410821, 12.453453
24.140362, -18.553329, 0.578205, 12.934079
24.160362, -18.584778, 0.554015, 12.907470
24.180363, -16.050674, -3.043873, 12.374689
24.200363, -16.073069, -3.064203, 8.774072
24.220364, -13.032661, -3.086263, 9.770966
24.240364, -12.550104, -3.107435, 7.702519
24.260365, -10.530438, -5.171876, 6.663058
24.280365, -12.087255, -0.588146, 3.578930
24.300365, -8.025209, 2.455235, 2.539181
24.320366, -0.387390, -4.731464, 7.122445
24.340366, -8.068974, 13.648219, -2.587627
24.360367, -1.955992, 1.873940, -3.093376
24.380367, -2.490925, 20.234249, -2.586362
24.400368, 19.478752, 14.593881, -12.792018
24.420368, 23.556557, 23.778833, -8.665733
24.440369, 27.119600, 9.474397, -17.287064
24.460369, 11.788918, 43.232594, -19.760624
24.480370, 23.563457, 6.460688, -50.356564
24.500370, 9.760752, 36.074944, -28.871645
24.520370, 24.034452, 19.675703, -28.395147
24.540371, 11.292956, 40.636013, -36.037483
24.560371, 11.331062, 30.953371, -31.416712
24.580372, 5.248129, 45.795643, -30.890646
24.600372, -1.839343, 37.151066, -19.621649
24.620373, -11.458134, 52.036034, -13.954782
24.640373, -26.156971, 32.192905, -8.786561
24.660374, -2.523534, 51.697807, -17.932693
24.680374, -14.701106, 43.587624, -16.878883
24.700375, -18.225357, 44.153137, -18.355839
24.720375, -18.198103, 39.589848, -15.267982
24.740376, -17.675533, 35.024048, -12.700356
24.760376, -16.132530, 35.574253, -13.202043
24.780376, -16.637259, 34.078224, -13.190413
24.800377, -18.169453, 26.952639, -6.544706
24.820377, -19.188694, 24.928205, -4.501982
24.840378, -15.598774, 30.577187, -5.009594
24.860378, -20.694778, 20.893080, -4.997987
24.880379, -19.663284, 21.420801, -5.496967
24.900379, -18.645840, 13.761576, 1.647298
24.920380, -18.647881, 9.685459, 1.637800
24.940380, -25.802811, 7.660112, 2.652404
24.960381, -31.431715, 20.953224, -1.972206
24.980381, -16.622124, 28.081804, 4.633764
25.000381, -25.307581, 8.123471, 11.266710
25.020382, -29.392220, 4.026182, 15.367041
25.040382, -40.628628, 4.550417, 13.822175
25.060383, -25.304363, 19.376595, 5.102761
25.080383, -33.506866, 5.548211, 20.394716
25.100384, -33.529591, 1.934232, 20.372501
25.120384, -35.593712, 0.882831, 21.364840
25.140385, -33.576176, 1.887138, 22.351303
25.160385, -33.095150, -3.240469, 23.846283
25.180386, -33.639690, -8.880538, 26.363548
25.200386, -36.743771, -8.906615, 21.207867
25.220387, -36.284008, -8.439339, 25.234270
25.240387, -31.231092, -7.989406, 26.696854
25.260387, -34.348156, -10.605803, 26.130585
25.280388, -29.291367, -8.108385, 22.506659
25.300388, -28.839682, -8.682200, 23.987995
25.320389, -29.411966, -6.696468, 20.880737
25.340389, -25.379457, -8.285554, 16.245495
25.360390, -21.345154, -8.340416, 14.675319
25.380390, -17.827938, 0.810377, 10.041809
25.400391, -15.329822, 4.341896, 6.953065
25.420391, -8.741706, 12.975666, 8.983694
25.440392, -2.652847, 24.681313, -16.562126
25.460392, -14.448111, 29.738478, 2.364453
25.480392, -11.931074, 34.274002, -15.504933
25.500393, 13.616145, 47.526749, -0.147191
25.520393, -1.717673, 45.974728, -44.050991
25.540394, -3.776931, 31.145241, -36.340466
25.560394, 1.777128, 38.251251, -31.257280
25.580395, 6.852580, 49.475986, -34.848930
25.600395, 7.878437, 51.526142, -36.872383
25.620396, 6.881764, 57.161827, -36.322868
25.640396, 9.998116, 44.934959, -28.606163
25.660397, 5.994328, 54.220997, -35.170319
25.680397, 2.000814, 54.833118, -30.493401
25.700397, -7.094473, 58.493168, -21.220388
25.720398, 22.152718, 33.027390, -19.608688
25.740398, -2.764287, 49.496201, -23.604065
25.760399, -18.498312, 56.789433, -23.503263
25.780399, -34.734993, 43.092194, -6.056135
25.800400, -22.349768, 61.048733, -18.275209
25.820400, -37.052265, 31.979710, -5.978525
25.840401, -16.526691, 24.877495, -8.502309
25.860401, -25.686872, 29.039595, -13.108054
25.880402, -25.171824, 31.159214, -7.487205
25.900402, -34.884048, 27.122063, -2.888294
25.920403, -43.049423, 28.185492, 0.696400
25.940403, -50.185829, 41.990345, 1.709817
25.960403, -57.306183, 37.895229, 0.682240
25.980404, -41.438210, 28.155176, -1.883078
26.000404, -46.050079, 23.007662, 22.104174
26.020405, -45.049789, 15.348077, 22.607592
26.040405, -45.556095, 5.174656, 27.734926
26.060406, -44.028606, 2.159783, 30.293293
26.080406, -46.080261, 10.379729, 27.226343
26.100407, -46.595467, 10.397439, 27.736658
26.120407, -50.688759, 6.801105, 28.242762
26.140408, -48.144917, 3.189235, 24.141411
26.160408, -47.156742, 7.743869, 25.641119
26.180408, -49.247082, 6.159955, 27.138258
26.200409, -47.251709, 4.575141, 26.593048
26.220409, -49.854099, 5.546568, 22.979155
26.240410, -46.842056, 7.531701, 23.442158
26.260410, -52.523151, 7.463324, 23.388849
26.280411, -46.956398, 8.931788, 23.336563
26.300411, -44.967457, 9.892586, 24.302120
26.320412, -47.065323, 10.862825, 20.683586
26.340412, -44.049747, 9.791362, 20.642750
26.360413, -47.167919, 11.274452, 21.108397
26.380413, -39.030579, 7.660207, 20.557905
26.400414, -39.577095, 10.184679, 16.948256
26.420414, -37.567795, 7.605124, 17.434319
26.440414, -36.581688, 7.069015, 14.853487
26.460415, -34.058571, 7.560426, 15.849538
26.480415, -34.088486, 7.031286, 15.825347
26.500416, -29.509106, 9.574821, 12.234871
26.520416, -26.458069, 10.578662, 12.733850
26.540417, -24.939802, 10.567476, 8.646504
26.560417, -22.911325, 15.663347, 7.626950
26.580418, -19.859798, 17.691019, 0.992018
26.600418, -17.317019, 14.096565, 5.605398
26.620419, -18.865013, 21.233784, 2.040711
26.640419, -13.249623, 19.695210, -1.515520
26.660419, -12.741567, 14.577968, 2.078041
26.680420, -12.742743, 26.844254, -10.683024
26.700420, -8.652267, 28.891123, -17.822741
26.720421, -12.243186, 23.250559, -8.619992
26.740421, -8.156771, 26.815956, -14.743806
26.760422, -11.715066, 35.517105, -14.216396
26.780422, -7.605926, 28.377234, -10.106545
26.800423, -10.630398, 35.559296, -15.184328
26.820423, -10.588630, 30.993164, -13.615749
26.840424, -13.107208, 37.145718, -14.100237
26.860424, -16.644264, 40.238480, -14.583370
26.880424, -15.575397, 40.269905, -13.018852
26.900425, -19.097874, 40.823902, -10.424738
26.920425, -18.526810, 40.879673, -12.934562
26.940426, -19.491167, 37.871334, -10.334766
26.960426, -20.465248, 37.920982, -11.320720
26.980427, -23.495956, 35.405937, -8.738912
27.000427, -24.488832, 34.922314, -9.743595
27.020428, -23.444178, 31.882170, -8.707952
27.040428, -23.429886, 32.927223, -6.663241
27.060429, -23.927246, 31.936121, -2.058938
27.080429, -25.947821, 24.308811, -3.060759
27.100430, -25.926338, 23.834133, -6.115369
27.120430, -25.405809, 23.343231, -3.051482
27.140430, -25.917505, 19.771021, -2.034547
27.160431, -25.405941, 20.796118, 7.666225
27.180431, -27.950809, 16.212343, 10.732954
27.200432, -29.456692, 12.665078, 10.240998
27.220432, -28.410595, 11.157464, 11.271105
27.240433, -28.397678, 9.130552, 16.380934
27.260433, -31.963985, 7.612618, 15.874631
27.280434, -31.446829, 7.113194, 19.453772
27.300434, -33.995945, 2.516747, 18.940434
27.320435, -35.015923, 2.515105, 17.404772
27.340435, -34.008263, 4.541895, 17.383266
27.360435, -37.097073, 2.976889, 19.911848
27.380436, -30.993891, 3.450657, 19.881821
27.400436, -34.084877, 3.422760, 21.390118
27.420437, -33.600609, 2.885453, 20.348621
27.440437, -33.628952, 3.881548, 20.839184
27.460438, -31.612215, 3.856469, 17.240408
27.480438, -34.199326, 3.313303, 17.217348
27.500439, -31.688204, 3.266519, 18.204782
27.520439, -31.222527, -0.362173, 17.144955
27.540440, -29.224787, -0.410333, 15.572846
27.560440, -28.758898, 1.082112, 15.531744
27.580441, -29.306280, 0.539811, 13.965373
27.600441, -26.272310, 0.515398, 14.956064
27.620441, -26.296879, 0.493960, 13.392578
27.640442, -26.315365, -0.543604, 12.860175
27.660442, -21.227219, -0.053635, 12.327040
27.680443, -21.756092, -0.068748, 11.795947
27.700443, -18.710793, 1.451949, 12.296968
27.720444, -17.192957, -0.092162, 9.226068
27.740444, -15.677642, -1.129870, 8.710221
27.760445, -12.118859, 0.902080, 7.685363
27.780445, -13.669295, -1.154815, 4.619279
27.800446, -10.106872, -0.655458, 3.598283
27.820446, -11.149884, 7.502945, 1.033586
27.840446, -7.585485, 12.594488, 0.011336
27.860447, -6.054235, 21.774149, -5.597052
27.880447, -4.521742, 6.934345, 0.045425
27.900448, -6.051816, 16.126196, -8.107242
27.920448, -7.073234, 20.734449, -12.178921
27.940449, -6.056077, 24.302355, -14.215242
27.960449, -1.457611, 14.581541, -9.604548
27.980450, -2.468709, 24.809235, -14.187057
28.000450, 2.664269, 21.761854, -15.693605
28.020451, -0.887169, 27.400070, -13.615638
28.040451, 0.674653, 25.378857, -14.600770
28.060452, 0.201162, 28.987108, -17.624620
28.080452, 0.235584, 29.534092, -15.541315
28.100452, -1.257205, 26.508883, -15.497771
28.120453, -1.718989, 29.626860, -13.410505
28.140453, -1.154339, 26.620581, -12.345311
28.160454, -0.069493, 24.644421, -11.782969
28.180454, 2.034541, 22.157383, -12.757970
28.200455, 2.084520, 17.112963, -8.118912
28.220455, -6.046497, 13.597878, -5.527039
28.240456, -6.509923, 20.810343, -6.518540
28.260456, -15.657853, 24.940479, -5.480944
28.280457, -28.376217, 8.107115, 7.832298
28.300457, -26.778009, 12.741268, -0.836692
28.320457, -37.967644, 4.603082, 7.837314
28.340458, -14.432700, 5.650366, 0.656785
28.360458, -28.735268, 9.255966, 15.959343
28.380459, -29.251781, -0.932956, 19.536087
28.400459, -35.876228, -1.413382, 27.712555
28.420460, -40.967060, -0.877827, 37.927601
28.440460, -34.291145, -13.120249, 28.734884
28.460461, -41.428200, -9.528708, 25.665598
28.480461, -41.459915, -12.109140, 29.714422
28.500462, -39.466427, -12.674922, 30.680174
28.520462, -39.011967, -10.692053, 33.691113
28.540462, -45.202812, -10.242476, 34.151943
28.560463, -42.192303, -10.815470, 32.060303
28.580463, -39.186672, -7.819449, 30.472378
28.600464, -35.681396, -8.407713, 26.838913
28.620464, -36.786270, -6.955161, 26.781521
28.640465, -36.363636, -3.974587, 23.145544
28.660465, -35.424278, -0.992382, 18.997276
28.680466, -28.346672, -2.091077, 23.028231
28.700466, -26.364811, -2.147049, 15.831894
28.720467, -26.929062, 3.437171, 14.783178
28.740467, -17.784306, 8.504700, 6.064097
28.760468, -15.792227, 7.945044, 2.975531
28.780468, -14.826270, 11.468962, 2.959951
28.800468, -9.766774, 12.958577, -0.633498
28.820469, -8.781854, 22.633734, -1.660043
28.840469, -5.739283, 7.276884, -0.119938
28.860470, -3.706312, 22.083885, -12.883965
28.880470, -0.658149, 10.317579, -8.792834
28.900471, -5.280584, 35.850788, -25.147448
28.920471, -0.688909, 28.675337, -35.873413
28.940472, 10.015450, 3.068961, -25.665936
28.960472, 0.264786, 39.832031, -17.518341
28.980473, -8.932835, 47.004887, -29.266243
29.000473, 13.095105, 39.356205, -4.178322
29.020473, 7.554806, 43.997879, -23.524784
29.040474, -0.013337, 54.813564, -26.989334
29.060474, -1.481802, 49.242397, -25.376358
29.080475, -2.941789, 54.417717, -28.872334
29.100475, -6.444823, 44.262867, -34.929920
29.120476, -8.431953, 55.043377, -24.662458
29.140476, -8.382973, 55.592869, -20.033741
29.160477, -15.958196, 59.757294, -17.410543
29.180477, -34.752968, 65.480461, -11.191310
29.200478, -48.422932, 41.569584, -10.596189
29.220478, -43.694321, 50.350628, -19.741278
29.240479, -42.598557, 33.546093, -7.486739
29.260479, -24.184496, 37.151436, -11.102115
29.280479, -14.985455, 23.924261, -0.391798
29.300480, -26.236298, 18.380987, 26.715933
29.320480, -11.902525, 4.176719, 29.326654
29.340481, -33.292412, 14.023768, 4.370589
29.360481, -37.840763, 20.246181, 1.873271
29.380482, -24.035379, 2.351911, 5.949377
29.400482, -36.310780, 13.045760, 8.480795
29.420483, -46.540802, 22.212843, 5.390475
29.440483, -35.817326, 0.705044, -0.772443
29.460484, -42.500729, 19.033346, 21.655861
29.480484, -48.159630, -3.500382, 19.050245
29.500484, -41.522232, 50.651768, 4.719009
29.520485, -44.607258, -8.158970, 50.166653
29.540485, -55.330105, -10.719994, 26.171324
29.560486, -48.667286, -5.565333, 26.671614
29.580486, -55.349857, 2.610648, 37.846771
29.600487, -53.337524, -5.588481, 41.890221
29.620487, -61.014370, 6.140491, 34.192112
29.640488, -55.931240, 3.023606, 43.859211
29.660488, -65.670784, 1.940136, 38.195992
29.680489, -60.593067, 0.869116, 37.137310
29.700489, -60.140053, 0.295200, 38.099781
29.720490, -57.660610, 0.748495, 33.953423
29.740490, -54.676476, -0.845241, 31.337997
29.760490, -49.146309, 1.129362, 30.250467
29.780491, -46.171803, 1.053128, 31.211941
29.800491, -44.208344, -1.058940, 24.524303
29.820492, -40.704685, -1.635219, 22.949999
29.840492, -39.246586, 2.898664, 17.279276
29.860493, -35.735207, -1.250602, 20.811028
29.880493, -32.212631, 10.451138, 15.152438
29.900494, -24.585699, 14.501956, 8.484915
29.920494, -21.558586, 5.264387, 18.188101
29.940495, -22.100445, 18.527300, 1.329297
29.960495, -16.497250, 5.740219, 11.051021
29.980495, -17.539661, 23.103085, -0.174911
30.000496, -12.944125, 14.415535, -0.156179
30.020496, -13.469137, 27.168926, -7.811820
30.040497, -22.678610, 30.216906, -12.913527
30.060497, -22.175413, 43.467407, -14.957950
30.080498, -14.501553, 54.677631, -6.783477
30.100498, -10.374058, 41.397282, -24.620594
30.120499, -13.398562, 50.112965, -27.624516
30.140499, -9.315155, 40.406178, -21.472261
30.160500, -16.467243, 50.635380, -26.565290
30.180500, -13.382916, 53.218006, -24.498110
30.200500, -16.407833, 51.214214, -25.997356
30.220501, -19.917036, 52.302849, -13.171298
30.240501, -6.548466, 68.218842, -17.206902
30.260502, -27.392477, 59.102562, -17.122168
30.280502, -51.306202, 53.047554, -14.470162
30.300503, -45.070366, 58.223232, -27.713827
30.320503, -38.857338, 60.827023, -14.433166
30.340504, -37.786606, 53.719131, -11.363708
30.360504, -36.718803, 50.717445, -4.181059
30.380505, -39.749435, 44.653404, -8.244659
30.400505, -36.657127, 43.694748, -5.158867
30.420506, -36.643612, 37.610580, 0.473956
30.440506, -36.620354, 37.664574, -1.543934
30.460506, -37.105129, 36.180752, -2.535879
30.480507, -37.090729, 31.605478, 3.613811
30.500507, -36.573971, 33.149067, 7.197229
30.520508, -37.068089, 30.103884, 7.725127
30.540508, -39.607510, 27.053263, 7.743702
30.560509, -40.106487, 30.125834, 5.710332
30.580509, -37.042236, 28.080894, 8.263189
30.600510, -37.044411, 23.983604, 6.730940
30.620510, -36.542965, 27.042942, 8.263944
30.640511, -37.065647, 23.967049, 6.216314
30.660511, -36.571152, 24.971439, 7.231939
30.680511, -37.101292, 22.905062, 7.220532
30.700512, -34.566124, 24.413675, 6.184622
30.720512, -36.119576, 23.877588, 7.702467
30.740513, -37.164654, 24.362518, 7.172639
30.760513, -36.669846, 23.828096, 6.644741
30.780514, -36.177525, 24.822300, 8.152977
30.800514, -37.726685, 22.756811, 10.178191
30.820515, -37.228924, 21.720528, 10.161657
30.840515, -36.728016, 21.713959, 9.125037
30.860516, -37.252426, 18.641167, 11.659584
30.880516, -35.736614, 16.076321, 13.170571
30.900517, -36.770958, 16.071283, 13.659741
30.920517, -37.293087, 12.489507, 13.127183
30.940517, -37.307178, 12.986023, 12.589609
30.960518, -36.817963, 13.985847, 15.621073
30.980518, -36.838848, 10.386616, 15.079282
31.000519, -36.859154, 9.857076, 16.074955
31.020519, -36.884853, 7.283202, 13.999950
31.040520, -36.913528, 7.257946, 13.963620
31.060520, -34.905704, 7.732691, 18.009525
31.080521, -36.977180, 5.660826, 17.465921
31.100521, -36.484879, 5.127647, 14.377443
31.120522, -31.908361, 4.594878, 17.415453
31.140522, -31.933086, 5.600061, 15.348694
31.160522, -28.887997, 4.052155, 15.847319
31.180523, -28.906084, 5.058515, 10.727857
31.200523, -26.887672, 10.150479, 14.295572
31.220524, -17.715351, 8.594273, 11.734937
31.240524, -19.775599, 18.793264, 3.063882
31.260525, -15.194753, 24.906420, -1.002203
31.280525, -22.886557, 11.067233, 0.035615
31.300526, -9.119077, 14.607041, 7.193907
31.320526, -9.133103, 35.549576, -6.602402
31.340527, -7.087016, 40.672676, -15.244095
31.360527, -2.991680, 18.686647, -20.301060
31.380527, -15.780730, 30.428186, -18.233856
31.400528, -5.583574, 23.262877, -15.691719
31.420528, -2.514450, 31.441587, -21.829115
31.440529, -1.480825, 28.897404, -16.712515
31.460529, -2.489549, 32.998627, -20.277691
31.480530, -3.995387, 38.645180, -23.320250
31.500530, -3.444631, 40.205853, -20.739697
31.520531, -3.901754, 42.286617, -19.168875
31.540531, -6.898062, 39.784000, -19.117609
31.560532, -7.341181, 37.794857, -14.977375
31.580532, -14.940195, 38.869225, -15.954051
31.600533, -12.319205, 37.901119, -12.335213
31.620533, -15.328629, 37.434143, -14.347898
31.640533, -19.366463, 35.948723, -10.736540
31.660534, -18.304121, 31.395529, -10.715212
31.680534, -20.315086, 32.974052, -12.740192
31.700535, -18.250191, 30.963579, -7.624515
31.720535, -21.300463, 27.924299, -2.508382
31.740536, -20.250483, 24.385000, -4.024751
31.760536, -22.780546, 23.400312, -5.545349
31.780537, -22.768429, 22.407236, -3.495056
31.800537, -25.830063, 16.797876, 9.785606
31.820538, -29.388714, 11.198344, 5.188294
31.840538, -27.832186, 15.825041, 9.277039
31.860538, -29.349543, 9.709184, 14.378014
31.880539, -28.313299, 5.642333, 17.444031
31.900539, -34.430256, 12.305539, 20.000910
31.920540, -36.970661, 9.766909, 17.960743
31.940540, -34.408638, 6.189738, 20.512163
31.960541, -36.967621, 5.153861, 17.431692
31.980541, -36.477364, 4.621192, 21.495537
32.000542, -37.534336, 4.077071, 20.441345
32.020542, -36.545628, 3.020521, 18.364687
32.040543, -37.612366, 1.949457, 18.322275
32.060543, -33.581059, 2.402052, 21.850016
32.080544, -31.081863, 2.856113, 17.712534
32.100544, -33.696838, 3.315211, 15.628995
32.120544, -28.142405, 3.250717, 15.580059
32.140545, -30.765026, 4.717629, 11.951611
32.160545, -28.782711, 3.631318, 13.948195
32.180546, -28.835464, 7.665467, 11.343862
32.200546, -25.300316, 6.093381, 10.792217
32.220547, -23.801159, 11.171475, 8.715836
32.240547, -19.743950, 11.140471, 5.113776
32.260548, -16.195864, 9.577529, 3.566213
32.280548, -19.295483, 16.707203, 3.042377
32.300549, -13.705338, 10.548257, 7.629569
32.320549, -14.233856, 12.575468, 5.072052
32.340549, -12.196669, 26.371639, -3.096439
32.360550, -6.074498, 17.670734, -5.639952
32.380550, -1.489725, 14.580476, -9.717200
32.400551, -8.159878, 40.110756, -15.338017
32.420551, -3.071576, 5.342840, -24.015463
32.440552, -5.663382, 37.495090, -16.878212
32.460552, -6.204928, 28.778069, -14.862629
32.480553, 1.480418, 37.470123, -28.636501
32.500553, 3.022920, 29.296824, -9.200999
32.520554, -1.559545, 51.795792, -26.033199
32.540554, -1.514959, 32.409897, -14.737037
32.560555, -3.004241, 50.822559, -25.935238
32.580555, -5.502902, 57.509975, -43.261169
32.600555, -10.579042, 47.814571, -20.740894
32.620556, -10.036497, 57.030769, -22.753693
32.640556, -10.984965, 58.107647, -25.765858
32.660557, -12.959312, 60.198860, -25.712305
32.680557, -16.477571, 58.203457, -22.085421
32.700558, -19.988527, 56.227291, -22.539238
32.720558, -18.895714, 53.242012, -21.972435
32.740559, -21.905638, 50.244411, -16.315144
32.760559, -16.752598, 48.254868, -15.778103
32.780560, -19.778845, 45.752426, -14.220221
32.800560, -19.227400, 42.749218, -13.167998
32.820560, -20.725782, 35.655056, -10.588377
32.840561, -22.227837, 28.043165, -8.524746
32.860561, -24.758223, 29.621483, -1.878905
32.880562, -22.183250, 11.258422, -6.483830
32.900562, -16.040117, 29.173309, -3.937398
32.920563, -25.750101, 22.542328, 0.655076
32.940563, -29.315632, 23.567451, -0.865854
32.960564, -25.219185, 30.712189, 4.240647
32.980564, -29.295214, 18.436604, 3.729394
33.000565, -34.906643, 17.411085, 11.402378
33.020565, -33.374660, 18.943195, 9.856225
33.040565, -34.904911, 14.347842, 15.466755
33.060566, -35.416828, 8.728779, 13.412723
33.080566, -35.428524, 9.748510, 15.437793
33.100567, -35.959942, 8.203567, 20.007612
33.120567, -40.069515, 7.676557, 20.494297
33.140568, -41.623768, 6.121493, 17.401575
33.160568, -44.714386, 3.022541, 19.405855
33.180569, -39.131786, 1.441777, 19.861181
33.200569, -41.223591, 3.944887, 21.846153
33.220570, -41.784779, 3.381791, 23.837162
33.240570, -39.777977, 2.662188, 25.851606
33.260571, -37.290955, -8.418270, 33.079700
33.280571, -32.348263, -3.483945, 11.256391
33.300571, -22.379398, -23.603107, -1.488806
33.320572, -8.686222, -24.367188, 63.940327
33.340572, -22.393314, -2.587402, 34.479095
33.360573, -15.677909, -16.466160, 31.742975
33.380573, 10.451194, -53.315277, 59.664589
33.400574, -5.201960, -38.023361, 62.055477
33.420574, -5.520885, -40.561714, 59.843967
33.440575, -1.806238, -41.577049, 59.581505
33.460575, -1.726830, -43.643600, 59.743515
33.480576, -1.700442, -41.129826, 60.341808
33.500576, -1.708143, -38.616486, 60.871727
33.520576, -1.714957, -38.648266, 59.818108
33.540577, -2.200465, -41.180626, 60.234348
33.560577, -1.700509, -44.217571, 60.611710
33.580578, -1.779406, -41.135551, 59.917828
33.600578, -1.913676, -41.626053, 59.660007
33.620579, 0.512113, -41.083508, 59.900436
33.640579, 0.410112, -37.962261, 59.686161
33.660580, 0.307557, -38.417610, 56.972240
33.680580, -0.304099, -38.369339, 59.387505
33.700581, 0.142660, -40.894154, 59.813091
33.720581, 0.132962, -40.839382, 58.774471
33.740582, 0.810010, -37.533066, 56.361496
33.760582, 0.568905, -40.251392, 56.551113
33.780582, 0.650288, -40.074532, 56.608150
33.800583, 0.316012, -34.168636, 56.340328
33.820583, 0.424405, -37.405193, 58.618107
33.840584, 0.434281, -37.222187, 54.958336
33.860584, 0.405607, -37.175625, 57.522671
33.880585, 0.399925, -34.579269, 55.473763
33.900585, 0.394222, -34.617687, 54.472721
33.920586, 0.390072, -34.181358, 55.519547
33.940586, 0.401546, -34.687576, 54.488480
33.960587, 0.410134, -37.218704, 54.992313
33.980587, 0.408425, -37.222454, 53.968327
34.000587, 0.412287, -33.630516, 56.012291
34.020588, 0.413130, -34.650932, 55.503212
34.040588, -0.099986, -34.647205, 55.496864
34.060589, 0.409424, -34.634731, 54.982059
34.080589, 0.408936, -34.115181, 54.966347
34.100590, 0.410134, -34.626633, 52.416023
34.120590, 0.407582, -34.125633, 55.992161
34.140591, 0.920399, -34.123169, 56.000660
34.160591, 0.406938, -34.638950, 52.929623
34.180592, 0.408337, -34.637352, 55.997707
34.200592, 0.408470, -34.638794, 49.354282
34.220592, 0.409113, -34.638039, 50.376450
34.240593, 0.408847, -34.637684, 50.378136
34.260593, 0.409358, -34.638393, 52.931641
34.280594, 0.409047, -33.103149, 49.866531
34.300594, 0.407604, -34.127209, 50.887722
34.320595, 0.408647, -32.083328, 50.377846
34.340595, 0.919756, -34.128452, 50.377003
34.360596, 0.409136, -29.018133, 49.356033
34.380596, 0.409358, -31.572132, 49.866112
34.400597, 0.408536, -31.571577, 49.865955
34.420597, 0.409824, -31.061701, 49.866043
34.440598, 0.410023, -31.572842, 47.311363
34.460598, 0.408448, -30.549915, 50.377914
34.480598, 0.407582, -32.083107, 49.866890
34.500599, 0.409402, -32.084240, 49.866379
34.520599, 0.408891, -32.082596, 49.355148
34.540600, 0.407760, -29.017689, 47.310696
34.560600, 0.409735, -29.018288, 47.311562
34.580601, 0.920777, -29.016802, 49.865891
34.600601, 0.407871, -29.017267, 47.311718
34.620602, 0.409846, -29.529207, 47.820995
34.640602, 0.919401, -28.504284, 46.799801
34.660603, 0.917692, -29.016357, 47.310940
34.680603, 0.920843, -29.529009, 46.800797
34.700603, 0.407826, -29.015825, 44.245541
34.720604, 0.408425, -26.974621, 47.311275
34.740604, 0.409025, -29.527853, 43.734730
34.760605, 0.408803, -29.528875, 44.755795
34.780605, 0.408692, -29.017134, 44.756149
34.800606, 0.409047, -26.973244, 47.311497
34.820606, 0.408359, -29.527920, 44.244808
34.840607, 0.408736, -25.951715, 43.734596
34.860607, 0.409025, -26.461792, 41.179207
34.880608, 0.409025, -26.462257, 42.712120
34.900608, 0.408359, -26.461903, 44.755814
34.920609, 0.408492, -25.950916, 44.245228
34.940609, 0.408958, -26.462257, 42.201180
34.960609, 0.407737, -26.974154, 41.178829
34.980610, 0.408403, -26.462746, 41.690170
35.000610, 0.408226, -26.462524, 41.690281
35.020611, 0.408825, -26.462214, 42.201111
35.040611, 0.408536, -23.907858, 41.690102
35.060612, 0.408736, -23.396717, 41.690212
35.080612, 0.408536, -26.462658, 39.646252
35.100613, 0.919467, -25.951271, 41.179226
35.120613, 0.408803, -23.907793, 42.712143
35.140614, 0.919600, -26.461260, 42.200645
35.160614, 0.408381, -23.907526, 39.134800
35.180614, 0.920555, -24.418489, 39.646164
35.200615, 0.408137, -25.951849, 39.135998
35.220615, 0.407493, -23.907837, 39.646450
35.240616, 0.409535, -23.395985, 38.114120
35.260616, 0.408803, -23.395807, 39.645962
35.280617, 0.408514, -23.908014, 39.646961
35.300617, 0.919645, -23.395630, 39.645584
35.320618, 0.408403, -23.396540, 39.135422
35.340618, 0.408536, -23.907436, 39.134556
35.360619, 0.409091, -23.906483, 39.135399
35.380619, 0.409180, -21.352228, 37.601936
35.400620, 0.408448, -20.841309, 35.558437
35.420620, 0.919756, -23.395164, 37.091305
35.440620, 0.408004, -21.351673, 37.091171
35.460621, 0.408958, -20.841486, 36.579941
35.480621, 0.408536, -20.841486, 37.091702
35.500622, 0.919312, -20.841707, 36.579720
35.520622, 0.919578, -20.841730, 37.090927
35.540623, 0.919467, -20.840553, 36.069092
35.560623, 0.919489, -20.842062, 37.091393
35.580624, 0.919312, -21.352406, 38.113499
35.600624, 0.408403, -18.797363, 37.090771
