t_uk, uk1, uk2, uk3
0.000000, -0.001723, 0.000099, -0.000892
0.020000, -0.001369, 0.000092, -0.001561
0.040000, -0.002567, -0.000234, -0.001665
0.060000, -0.001791, -0.001059, -0.000855
0.080000, -0.002860, -0.001545, -0.002022
0.100000, -0.002133, -0.000202, -0.002112
0.120000, -0.001375, -0.000670, -0.001311
0.140000, -0.000829, -0.000844, -0.001373
0.160000, -0.001040, -0.000698, -0.000953
0.180000, -0.002137, -0.000489, -0.000107
0.200000, -0.001303, -0.000663, -0.001826
0.220000, -0.002343, 0.000727, -0.002071
0.240000, -0.000522, -0.000513, -0.001042
0.260000, -0.002221, -0.000374, -0.001157
0.280000, -0.000914, -0.001491, -0.001143
0.300000, -0.000815, -0.000892, -0.001181
0.320000, -0.002237, 0.000114, -0.001080
0.340000, -0.000640, 0.001461, -0.001608
0.360000, -0.001996, -0.000386, -0.000929
0.380000, -0.001837, -0.000396, -0.001000
0.400000, -0.000898, 0.000351, -0.001898
0.420000, -0.000527, -0.000154, -0.001843
0.440000, -0.002317, -0.000792, -0.000565
0.460000, -0.002837, -0.000752, -0.000678
0.480000, -0.002084, -0.001817, -0.001246
0.500000, -0.001251, 0.000658, -0.000412
0.520000, -0.001310, -0.000010, -0.002200
0.540000, -0.002823, 0.000294, -0.001158
0.560000, -0.001491, 0.000307, -0.002746
0.580000, -0.001619, -0.002397, -0.001316
0.600000, -0.002075, 0.000058, -0.001816
0.620000, -0.001876, 0.000102, -0.000675
0.640000, -0.002303, -0.000430, -0.001830
0.660000, -0.001633, -0.000460, -0.001475
0.680000, -0.001754, 0.000153, -0.001075
0.700000, -0.002132, -0.000365, -0.000792
0.720000, -0.001610, -0.001867, -0.001705
0.740000, -0.001632, -0.001097, -0.001395
0.760000, -0.001625, 0.000486, -0.001677
0.780000, -0.001630, -0.000136, -0.001078
0.800000, -0.002370, -0.000028, -0.001796
0.820000, -0.002702, 0.000196, -0.001434
0.840000, -0.002998, 0.000118, -0.002113
0.860000, -0.000925, -0.000073, -0.002423
0.880000, -0.000525, 0.000395, -0.001091
0.900000, -0.001714, -0.000276, -0.001160
0.920000, -0.001491, -0.000768, -0.001799
0.940000, -0.001936, -0.000463, -0.002304
0.960000, -0.001832, 0.000083, -0.002182
0.980000, -0.001996, -0.000109, -0.002335
1.000000, -0.001537, -0.000137, -0.001531
1.020000, -0.001441, 0.000219, -0.001805
1.040000, -0.001810, -0.000998, -0.002257
1.060000, -0.001346, -0.000791, -0.000449
1.080000, -0.001771, -0.001060, -0.002515
1.100000, -0.000687, -0.001135, -0.002321
1.120000, -0.001007, -0.000496, -0.001159
1.140000, -0.001442, -0.000481, -0.000732
1.159999, -0.001771, 0.000104, -0.001899
1.179999, -0.001314, -0.000722, -0.000793
1.199999, -0.001387, -0.001800, -0.001069
1.219999, -0.001325, -0.000780, -0.000826
1.239999, -0.001710, -0.000461, -0.000341
1.259999, -0.001507, 0.000071, -0.001701
1.279999, -0.000877, -0.000859, -0.001579
1.299999, -0.002347, 0.000103, -0.000493
1.319999, -0.001118, -0.000978, -0.000121
1.339999, -0.001879, 0.000618, -0.002128
1.359999, -0.002286, -0.000707, -0.002375
1.379999, -0.002469, -0.001549, -0.000626
1.399999, -0.002305, -0.001077, -0.001019
1.419999, -0.001526, -0.000794, -0.001724
1.439999, -0.001377, 0.000171, -0.000838
1.459999, -0.002846, 0.000195, -0.001888
1.479999, -0.001766, 0.000270, -0.001897
1.499999, -0.002355, -0.000109, -0.002056
1.519999, -0.003000, -0.000350, -0.000753
1.539999, -0.000762, -0.000160, -0.002219
1.559999, -0.001630, -0.000722, -0.001707
1.579999, -0.000058, -0.000324, -0.001776
1.599999, -0.000885, -0.000397, -0.000613
1.619999, -0.001493, 0.000008, -0.002096
1.639999, -0.001312, -0.001738, -0.001075
1.659999, -0.001881, -0.000826, -0.001242
1.679999, -0.001457, 0.000062, -0.002374
1.699999, -0.002107, -0.000686, -0.001621
1.719999, -0.001080, -0.000310, -0.001549
1.739999, -0.002057, 0.000248, 0.000064
1.759999, -0.002499, -0.000722, -0.001025
1.779999, -0.001805, -0.001224, -0.001659
1.799999, -0.001714, -0.000969, -0.000858
1.819999, -0.001150, -0.000960, -0.001382
1.839999, -0.001395, -0.000194, -0.001710
1.859999, -0.002076, -0.001149, -0.001208
1.879999, -0.002459, 0.000509, -0.001598
1.899999, -0.001146, -0.000447, -0.002160
1.919999, -0.002341, -0.000373, -0.001340
1.939999, -0.001631, -0.000911, -0.001425
1.959999, -0.001495, -0.000677, -0.000945
1.979999, -0.000858, -0.000846, -0.001303
1.999999, -0.001723, -0.000372, -0.001451
2.019999, -0.001306, -0.000039, -0.002160
2.039999, -0.002500, -0.001790, -0.001429
2.059999, -0.001631, -0.000825, -0.001561
2.079999, -0.002292, 0.000341, -0.002007
2.099999, -0.000069, -0.000395, -0.001864
2.119999, -0.001031, -0.000954, -0.001952
2.139999, -0.001704, -0.000868, -0.001683
2.159999, -0.001471, -0.000206, -0.001351
2.179999, -0.001467, 0.000317, -0.002063
2.199999, -0.000931, 0.000346, -0.002208
2.219999, -0.000776, -0.000619, -0.000234
2.239999, -0.002063, -0.000986, -0.001964
2.259999, -0.000843, 0.000386, -0.000862
2.279999, -0.002260, -0.001290, -0.001279
2.299999, -0.001902, -0.000501, -0.002397
2.319999, -0.001118, -0.000387, -0.001138
2.339998, -0.001958, 0.000666, -0.001214
2.359998, -0.001875, -0.000054, -0.002103
2.379998, -0.001706, -0.000746, -0.002122
2.399998, -0.001274, -0.000771, -0.000865
2.419998, -0.002668, -0.000416, -0.001113
2.439998, -0.002482, -0.001412, -0.002087
2.459998, -0.000825, -0.000334, -0.000950
2.479998, -0.000613, -0.000142, -0.001243
2.499998, -0.002505, -0.001447, -0.001934
2.519998, -0.001606, -0.001091, -0.000575
2.539998, -0.001518, -0.000789, -0.000943
2.559998, -0.001939, 0.000439, -0.001244
2.579998, -0.001723, -0.000387, -0.001258
2.599998, -0.001267, 0.000149, -0.000934
2.619998, -0.002656, 0.000030, -0.001616
2.639998, -0.001542, 0.000011, -0.002709
2.659998, -0.000600, -0.000680, -0.001244
2.679998, -0.002263, 0.000137, -0.001504
2.699998, -0.001487, -0.000861, -0.000869
2.719998, -0.002197, -0.001957, -0.001051
2.739998, -0.001186, -0.000016, -0.000928
2.759998, -0.001752, -0.000260, -0.001330
2.779998, -0.002764, 0.000113, -0.001599
2.799998, -0.002726, -0.000846, -0.001888
2.819998, -0.001478, -0.000542, -0.001676
2.839998, -0.001944, 0.000125, -0.000855
2.859998, -0.001402, -0.000975, -0.000448
2.879998, -0.002411, -0.000935, -0.000999
2.899998, -0.001995, -0.000607, -0.001404
2.919998, -0.002868, -0.000897, -0.001844
2.939998, -0.002004, -0.002037, -0.001321
2.959998, -0.001334, -0.001164, -0.001141
2.979998, -0.001805, -0.001147, -0.001139
2.999998, -0.000767, -0.000356, -0.001599
3.019998, -0.001657, -0.000805, -0.003058
3.039998, -0.001294, -0.000241, -0.001281
3.059998, -0.001639, -0.001215, -0.000430
3.079998, -0.002509, 0.000332, -0.001865
3.099998, -0.001351, -0.000089, -0.001247
3.119998, -0.001214, -0.000823, -0.001239
3.139998, -0.002143, -0.001375, -0.001186
3.159998, -0.001822, -0.000662, -0.000963
3.179998, -0.003282, -0.000083, -0.000108
3.199998, -0.000734, -0.000483, -0.000924
3.219998, -0.001971, 0.000226, -0.001970
3.239998, -0.001302, -0.001050, -0.001309
3.259998, -0.001164, 0.000083, -0.002140
3.279998, -0.002504, -0.000138, 0.000259
3.299998, -0.002076, -0.000197, -0.001204
3.319998, -0.002458, -0.000643, -0.001618
3.339998, -0.001345, -0.000257, -0.001217
3.359998, -0.002258, -0.001024, -0.002598
3.379997, -0.002362, -0.001134, -0.002013
3.399997, -0.000885, -0.000530, -0.001189
3.419997, -0.001160, -0.000762, -0.000779
3.439997, -0.000571, -0.000147, -0.000274
3.459997, -0.001424, -0.000461, -0.001329
3.479997, -0.000609, -0.001977, -0.000782
3.499997, -0.001288, -0.000936, -0.002289
3.519997, -0.001824, -0.000617, -0.000351
3.539997, -0.001297, -0.000884, -0.002018
3.559997, -0.001340, -0.001456, -0.001800
3.579997, -0.001701, -0.000828, -0.000378
3.599997, -0.001835, 0.000516, -0.002290
3.619997, -0.001501, 0.000743, -0.001347
3.639997, -0.000992, -0.000578, -0.001671
3.659997, -0.001788, -0.000585, -0.001570
3.679997, -0.001411, -0.000990, -0.001910
3.699997, -0.002016, -0.000738, -0.000650
3.719997, -0.001902, -0.000070, -0.001347
3.739997, -0.002122, -0.000527, -0.000943
3.759997, -0.001682, 0.000272, -0.001053
3.779997, -0.002657, -0.000193, -0.000975
3.799997, -0.002696, -0.000170, -0.000883
3.819997, -0.001168, 0.000384, -0.001135
3.839997, -0.001642, -0.001489, -0.000996
3.859997, -0.001990, -0.001168, -0.002471
3.879997, -0.000985, -0.000646, -0.001498
3.899997, -0.001724, -0.001372, -0.001222
3.919997, -0.002267, -0.000708, -0.001010
3.939997, -0.002441, -0.000720, -0.000065
3.959997, -0.000937, -0.000765, -0.001469
3.979997, -0.002566, -0.000801, -0.001655
3.999997, -0.000777, -0.000391, -0.001279
4.019997, -0.001596, 0.000182, -0.000962
4.039997, -0.002176, -0.000129, -0.000736
4.059997, -0.001659, -0.001468, -0.001760
4.079997, -0.001310, -0.001225, -0.002125
4.099997, -0.001449, -0.000764, -0.000982
4.119997, -0.002810, -0.000020, -0.000944
4.139997, -0.001289, -0.000500, -0.001182
4.159997, -0.002125, -0.000640, -0.001226
4.179997, -0.000914, -0.000082, -0.001003
4.199997, -0.001776, -0.001236, -0.001462
4.219997, -0.001896, 0.000377, -0.001926
4.239997, -0.001611, -0.001092, -0.001853
4.259997, -0.001730, -0.000012, -0.001136
4.279997, -0.001261, -0.000213, -0.001774
4.299997, -0.001203, 0.000254, -0.001471
4.319997, -0.002429, -0.000522, -0.002099
4.339997, -0.002103, -0.001028, -0.001623
4.359997, -0.001235, -0.000674, -0.000866
4.379997, -0.001162, -0.000272, -0.000798
4.399997, -0.001600, 0.000292, -0.001220
4.419997, -0.001356, 0.000011, -0.001416
4.439997, -0.001814, -0.000100, -0.001741
4.459997, -0.002502, -0.000979, -0.001235
4.479997, -0.001550, -0.001203, -0.000702
4.499997, -0.002213, 0.000341, -0.000928
4.519997, -0.001270, -0.000195, -0.002083
4.539997, -0.002739, -0.000549, -0.002273
4.559997, -0.002459, -0.000495, -0.001510
4.579997, -0.002300, 0.000235, -0.000895
4.599997, -0.001615, -0.001899, -0.002042
4.619997, -0.001716, 0.000499, -0.001055
4.639997, -0.002102, -0.000916, -0.000875
4.659997, -0.001656, -0.000893, -0.001856
4.679996, -0.000549, -0.000841, -0.001433
4.699996, -0.002482, -0.000838, -0.001024
4.719996, -0.000770, 0.000373, -0.001473
4.739996, -0.001478, -0.001603, -0.001959
4.759996, -0.002431, 0.000786, -0.001122
4.779996, -0.002042, -0.000941, -0.002522
4.799996, -0.002440, -0.000654, -0.001709
4.819996, -0.001306, -0.000523, -0.002161
4.839996, -0.000756, -0.001155, -0.001540
4.859996, -0.002149, 0.000832, -0.001840
4.879996, -0.001513, 0.000060, -0.000843
4.899996, -0.002038, -0.000244, -0.002105
4.919996, -0.001819, 0.000337, -0.002163
4.939996, -0.002864, -0.000594, -0.002248
4.959996, -0.001226, 0.000351, -0.000897
4.979996, -0.001300, -0.001711, -0.001334
4.999996, -0.002172, -0.000320, 0.000051
5.019996, -0.002504, -0.000585, -0.001026
5.039996, -0.002160, -0.000657, -0.001216
5.059996, -0.002815, 0.000614, -0.000965
5.079996, -0.002304, -0.000152, -0.001688
5.099996, -0.001524, -0.001858, -0.001965
5.119996, -0.001785, -0.000759, -0.001820
5.139996, -0.002190, -0.000870, -0.002261
5.159996, -0.001727, 0.000158, -0.001670
5.179996, -0.000612, -0.001753, -0.001027
5.199996, -0.001985, -0.001024, -0.001189
5.219996, -0.001792, -0.000297, -0.002280
5.239996, -0.002363, -0.001134, -0.001268
5.259996, -0.002572, 0.000473, -0.002626
5.279996, -0.001909, 0.000009, -0.002248
5.299996, -0.001957, -0.001104, -0.002191
5.319996, -0.002141, -0.000250, -0.000413
5.339996, -0.000724, -0.000412, -0.001412
5.359996, -0.002341, -0.000481, -0.002025
5.379996, -0.001966, -0.000608, -0.000808
5.399996, -0.001206, 0.000660, -0.001155
5.419996, -0.001644, 0.000104, -0.002520
5.439996, -0.001643, 0.000910, -0.001072
5.459996, -0.001385, 0.000487, -0.001040
5.479996, -0.001496, 0.000231, -0.002615
5.499996, -0.001906, 0.000073, -0.002854
5.519996, -0.001812, -0.000888, -0.002010
5.539996, -0.001700, -0.000806, -0.001401
5.559996, -0.002141, 0.000876, -0.001630
5.579996, -0.001974, -0.000410, -0.001921
5.599996, -0.001293, -0.001106, -0.001888
5.619996, -0.001338, -0.001411, -0.000904
5.639996, -0.001472, -0.001612, -0.001160
5.659996, -0.001893, -0.001274, -0.000418
5.679996, -0.002211, -0.000528, -0.002464
5.699996, -0.001651, -0.000786, -0.002428
5.719995, -0.000951, -0.000442, -0.001108
5.739995, -0.002388, -0.000007, -0.001572
5.759995, -0.002202, -0.001352, -0.000653
5.779995, -0.001746, -0.000763, -0.000650
5.799995, -0.001745, -0.000837, -0.001501
5.819995, -0.001225, -0.001018, -0.001706
5.839995, -0.001854, 0.000096, -0.000547
5.859995, -0.001948, -0.001518, -0.001602
5.879995, -0.000848, 0.000985, -0.001809
5.899995, -0.001655, -0.000667, -0.002069
5.919995, -0.000951, -0.001380, -0.001448
5.939995, -0.002677, -0.000132, -0.001617
5.959995, -0.002035, 0.000502, -0.000959
5.979995, -0.001628, -0.000476, -0.002236
5.999995, -0.001110, 0.000028, -0.003391
6.019995, -0.001386, -0.000990, -0.001607
6.039995, -0.001499, -0.001043, -0.001621
6.059995, -0.001405, -0.000912, -0.002653
6.079995, -0.002639, -0.000005, -0.001442
6.099995, -0.001844, -0.000099, -0.000969
6.119995, -0.001919, 0.000418, -0.002002
6.139995, -0.001969, -0.000044, -0.001299
6.159995, -0.001266, -0.000339, -0.002256
6.179995, -0.001188, -0.001184, -0.001866
6.199995, -0.001785, -0.000149, -0.001140
6.219995, -0.001656, -0.000909, -0.002031
6.239995, -0.001318, -0.000515, -0.002244
6.259995, -0.002071, -0.000567, -0.003147
6.279995, -0.001953, -0.000693, -0.001526
6.299995, -0.001491, 0.000362, -0.000851
6.319995, -0.001060, 0.000707, -0.000280
6.339995, -0.000991, -0.000527, -0.001745
6.359995, -0.002465, -0.000765, -0.001938
6.379995, -0.001437, -0.000138, -0.001957
6.399995, -0.001950, -0.000926, -0.001136
6.419995, -0.002561, -0.000739, -0.001601
6.439995, -0.002097, -0.001925, -0.000841
6.459995, -0.001647, -0.000320, -0.001483
6.479995, -0.001966, -0.000310, -0.002297
6.499995, -0.001807, -0.000067, -0.002479
6.519995, -0.001718, -0.000405, -0.000849
6.539995, -0.001314, 0.000447, -0.000868
6.559995, -0.002197, -0.000491, -0.001037
6.579995, -0.001814, 0.000136, -0.001661
6.599995, -0.000551, 0.000038, -0.001361
6.619995, -0.001639, 0.000000, -0.001201
6.639995, -0.001443, -0.000098, -0.001997
6.659995, -0.001259, -0.000829, -0.000386
6.679995, -0.002281, -0.000993, -0.001783
6.699995, -0.001818, 0.000197, -0.002435
6.719995, -0.001998, -0.000913, -0.001748
6.739995, -0.001489, -0.001022, -0.001381
6.759995, -0.001093, -0.000501, -0.001003
6.779994, -0.001439, 0.000522, -0.001397
6.799994, -0.002242, 0.000070, -0.001934
6.819994, -0.001626, 0.000174, -0.001874
6.839994, -0.001817, -0.001158, -0.000739
6.859994, -0.002378, -0.000871, -0.003008
6.879994, -0.002640, 0.000712, -0.000500
6.899994, -0.002437, -0.001034, -0.000769
6.919994, -0.002343, -0.000492, -0.001354
6.939994, -0.001420, 0.000166, -0.001804
6.959994, -0.002231, -0.000369, -0.001702
6.979994, -0.001262, -0.001223, -0.001933
6.999994, -0.001831, 0.000187, -0.001050
7.019994, -0.001965, -0.000227, -0.001274
7.039994, -0.002248, 0.000469, -0.001431
7.059994, -0.002346, -0.000680, -0.001832
7.079994, -0.002179, -0.000596, -0.001324
7.099994, -0.002666, -0.000278, -0.000429
7.119994, -0.001808, 0.000162, -0.001835
7.139994, -0.001653, -0.000664, -0.001798
7.159994, -0.001794, -0.001487, -0.000940
7.179994, -0.001959, -0.000409, -0.001505
7.199994, -0.001507, -0.000023, -0.001532
7.219994, -0.001276, -0.000852, -0.001197
7.239994, -0.001624, -0.000412, -0.000672
7.259994, -0.001881, -0.000796, -0.001690
7.279994, -0.002237, 0.000852, -0.001032
7.299994, -0.001826, -0.000906, -0.001418
7.319994, -0.001810, -0.000052, -0.001130
7.339994, -0.001602, -0.000267, -0.001971
7.359994, -0.002799, -0.001477, -0.002570
7.379994, -0.001427, -0.000057, -0.001266
7.399994, -0.001648, -0.000044, -0.001453
7.419994, -0.002211, -0.000755, -0.002002
7.439994, -0.001945, -0.000709, -0.001515
7.459994, -0.000994, -0.000040, -0.000630
7.479994, -0.002325, -0.000681, -0.002385
7.499994, -0.003581, 0.000121, -0.001920
7.519994, -0.001168, 0.000700, -0.001333
7.539994, -0.000829, -0.001280, -0.000318
7.559994, -0.000534, -0.001016, -0.001276
7.579994, -0.001768, -0.001422, -0.001732
7.599994, -0.001188, -0.001187, -0.000871
7.619994, -0.001579, -0.000849, -0.001032
7.639994, -0.002002, 0.000043, -0.001058
7.659994, -0.002088, -0.000259, -0.001431
7.679994, -0.001123, -0.000765, -0.002136
7.699994, -0.001861, -0.000582, -0.001541
7.719994, -0.001241, -0.000181, -0.001724
7.739994, -0.002856, -0.000871, -0.002642
7.759994, -0.002476, -0.000882, -0.002013
7.779994, -0.000515, -0.002149, -0.001544
7.799994, -0.002389, -0.000823, -0.001025
7.819993, -0.001149, -0.001226, -0.002680
7.839993, -0.001428, -0.000974, -0.000875
7.859993, -0.002280, -0.001127, -0.001919
7.879993, -0.002407, -0.000661, -0.002219
7.899993, -0.001293, -0.000261, -0.001513
7.919993, -0.001042, -0.000517, -0.001647
7.939993, -0.002364, 0.000202, -0.002358
7.959993, -0.001513, -0.000351, -0.001060
7.979993, -0.000223, -0.000434, -0.001108
7.999993, -0.001863, -0.000558, -0.000989
8.019994, -0.002736, -0.001226, -0.000501
8.039994, -0.000613, -0.000684, -0.001832
8.059995, -0.001335, -0.000108, -0.001389
8.079995, -0.001974, -0.002014, -0.000500
8.099996, -0.001902, -0.000457, -0.001909
8.119996, -0.001447, -0.000724, -0.001373
8.139997, -0.001295, -0.000182, -0.001087
8.159997, -0.001702, -0.000396, -0.001050
8.179997, -0.002053, -0.000868, -0.001477
8.199998, -0.001887, -0.001234, -0.001319
8.219998, -0.002157, 0.000721, -0.001815
8.239999, -0.001749, -0.001063, -0.000906
8.259999, -0.001659, -0.000486, -0.001566
8.280000, -0.001894, 0.001054, -0.001336
8.300000, -0.002050, -0.000136, -0.001428
8.320001, -0.002764, -0.000653, -0.002690
8.340001, -0.001763, 0.000438, -0.001922
8.360002, -0.001882, -0.001337, -0.001350
8.380002, -0.001654, -0.000872, -0.000592
8.400002, -0.002086, 0.000128, -0.000593
8.420003, -0.000264, -0.000668, -0.002301
8.440003, -0.001235, -0.000459, -0.001101
8.460004, -0.001173, -0.000435, -0.001665
8.480004, -0.000563, -0.000738, -0.001368
8.500005, -0.001689, 0.000303, -0.001681
8.520005, -0.001765, -0.001616, -0.000598
8.540006, -0.002176, -0.001284, -0.000811
8.560006, -0.002081, -0.001215, -0.002281
8.580007, -0.001059, -0.000061, -0.001802
8.600007, -0.002023, -0.000192, -0.001801
8.620008, -0.001719, -0.000352, -0.000343
8.640008, -0.002248, -0.001135, -0.001301
8.660008, -0.001536, -0.001112, -0.001181
8.680009, -0.002713, 0.000801, -0.001434
8.700009, -0.001717, -0.001001, -0.001802
8.720010, -0.001386, -0.000835, -0.002017
8.740010, -0.001837, -0.000773, -0.000940
8.760011, -0.002270, -0.000726, -0.001808
8.780011, -0.001562, -0.000539, -0.001911
8.800012, -0.000619, -0.000632, -0.001637
8.820012, -0.003132, -0.001652, -0.001670
8.840013, -0.002247, -0.001072, -0.001301
8.860013, -0.001628, 0.000915, 0.000032
8.880013, -0.001767, -0.000211, -0.000795
8.900014, -0.001739, -0.000561, -0.001661
8.920014, -0.002950, 0.000632, -0.001976
8.940015, -0.001910, -0.001124, -0.001143
8.960015, -0.001538, 0.000120, -0.001098
8.980016, -0.002488, 0.000256, -0.000467
9.000016, -0.002062, -0.000587, -0.001459
9.020017, -0.002429, -0.000295, -0.002242
9.040017, -0.001990, -0.000196, -0.001357
9.060018, -0.001692, -0.000275, -0.001407
9.080018, -0.002353, -0.000394, -0.001138
9.100019, -0.001523, -0.000877, -0.001325
9.120019, -0.001655, 0.000253, -0.001046
9.140019, -0.001786, -0.000481, -0.001958
9.160020, -0.002271, 0.000505, -0.001712
9.180020, -0.001460, -0.000379, -0.001170
9.200021, -0.000996, -0.001670, -0.001449
9.220021, -0.001031, -0.000996, -0.001460
9.240022, -0.001118, -0.000625, -0.002307
9.260022, -0.002539, 0.000429, -0.002150
9.280023, -0.001385, -0.000323, -0.001195
9.300023, -0.001444, 0.000141, -0.001319
9.320024, -0.002338, -0.000630, -0.001041
9.340024, -0.001519, -0.000187, -0.002854
9.360024, -0.002408, -0.000786, -0.001458
9.380025, -0.000954, -0.000824, -0.001461
9.400025, -0.001624, -0.000795, -0.001595
9.420026, -0.001176, 0.000236, -0.000982
9.440026, -0.001971, -0.000150, -0.001976
9.460027, -0.001978, -0.000182, -0.000871
9.480027, -0.001948, -0.000003, -0.001866
9.500028, -0.001934, -0.000456, -0.001740
9.520028, -0.001654, -0.000580, -0.001183
9.540029, -0.001198, -0.000325, -0.001973
9.560029, -0.002367, 0.000061, -0.002015
9.580029, -0.001440, 0.000391, -0.001254
9.600030, -0.001867, -0.000756, -0.002165
9.620030, -0.000908, -0.001876, -0.000846
9.640031, -0.002337, 0.000546, -0.002096
9.660031, -0.001725, -0.000865, -0.001770
9.680032, -0.001277, 0.000214, -0.000679
9.700032, -0.002689, -0.001149, -0.000966
9.720033, -0.000672, -0.000376, -0.002264
9.740033, -0.002668, -0.000168, -0.001368
9.760034, -0.001972, -0.000006, -0.001084
9.780034, -0.001016, -0.000281, -0.001946
9.800035, -0.002223, -0.000837, -0.001792
9.820035, -0.000973, -0.000614, -0.001338
9.840035, -0.002283, -0.001436, -0.001472
9.860036, -0.001471, -0.000642, -0.001741
9.880036, -0.001088, -0.000455, -0.000913
9.900037, -0.001425, -0.000161, -0.000392
9.920037, -0.001268, 0.000432, -0.000372
9.940038, -0.001671, 0.000110, -0.001952
9.960038, -0.001545, -0.000958, -0.000880
9.980039, -0.002023, -0.000329, -0.001705
10.000039, -0.002463, -0.000058, -0.000990
10.020040, -0.001258, -0.000453, -0.001394
10.040040, -0.001958, -0.001028, -0.001969
10.060040, -0.002180, -0.000773, -0.001988
10.080041, -0.001923, -0.001034, -0.001655
10.100041, -0.001885, -0.000179, -0.001631
10.120042, -0.002421, -0.000803, -0.001455
10.140042, -0.002244, 0.000427, -0.000514
10.160043, -0.002255, -0.000518, -0.001614
10.180043, -0.002076, -0.001165, -0.000961
10.200044, -0.001869, 0.000115, -0.001889
10.220044, -0.002047, -0.001390, -0.001755
10.240045, -0.001758, -0.000279, -0.000805
10.260045, -0.001812, 0.000043, -0.000787
10.280046, -0.001154, -0.000519, -0.001990
10.300046, -0.002823, -0.000614, -0.001075
10.320046, -0.001669, -0.001983, -0.002706
10.340047, -0.001213, -0.000757, -0.001267
10.360047, -0.001511, -0.000231, -0.001208
10.380048, -0.002047, -0.000549, -0.001789
10.400048, -0.001336, -0.000752, -0.001998
10.420049, -0.001761, -0.000858, -0.000345
10.440049, -0.002751, -0.000942, -0.001458
10.460050, -0.002204, -0.000399, -0.001194
10.480050, -0.002022, -0.000323, -0.000415
10.500051, -0.001735, -0.000354, -0.000473
10.520051, -0.002338, -0.000324, -0.001720
10.540051, -0.001836, -0.000044, -0.001170
10.560052, -0.001100, 0.000726, -0.001694
10.580052, -0.003025, -0.000845, -0.001129
10.600053, -0.001770, -0.001272, -0.001647
10.620053, -0.001181, -0.001272, -0.001197
10.640054, -0.001259, -0.000893, -0.001466
10.660054, -0.001739, -0.001212, -0.000571
10.680055, -0.002670, 0.000683, -0.000718
10.700055, -0.001363, -0.000199, -0.000338
10.720056, -0.000741, -0.000262, -0.002283
10.740056, -0.002281, -0.001237, -0.001974
10.760056, -0.002424, -0.000535, -0.001323
10.780057, -0.001010, -0.000490, -0.001678
10.800057, -0.001769, -0.000618, -0.000759
10.820058, -0.000873, -0.000235, -0.001416
10.840058, -0.002472, -0.000378, -0.001395
10.860059, -0.002179, 0.000325, -0.001739
10.880059, -0.001975, -0.001076, -0.001268
10.900060, -0.001549, 0.000389, -0.001967
10.920060, -0.001971, 0.000068, -0.001492
10.940061, -0.001911, -0.000325, -0.002064
10.960061, -0.001688, -0.000798, -0.001938
10.980062, -0.001302, 0.000133, -0.000412
11.000062, -0.000349, -0.000288, -0.001055
11.020062, -0.001065, -0.000764, -0.002169
11.040063, -0.002560, 0.000057, -0.002170
11.060063, -0.001096, -0.000650, -0.000512
11.080064, -0.002321, -0.001251, -0.002199
11.100064, -0.001119, -0.000549, -0.000702
11.120065, -0.000957, -0.000766, -0.001227
11.140065, -0.002656, -0.000287, -0.000680
11.160066, -0.001636, -0.000221, -0.002451
11.180066, -0.001750, -0.002067, -0.001250
11.200067, -0.001375, -0.000903, -0.000427
11.220067, -0.002195, -0.000410, -0.003580
11.240067, -0.001754, 0.000108, -0.002520
11.260068, -0.001296, -0.002084, -0.000463
11.280068, -0.001370, -0.000704, -0.001442
11.300069, -0.000944, -0.000797, -0.001133
11.320069, -0.001701, -0.000929, -0.001679
11.340070, -0.002246, 0.000826, -0.001420
11.360070, -0.001449, -0.000981, -0.001607
11.380071, -0.002133, -0.001633, -0.001407
11.400071, -0.001991, 0.000477, -0.001766
11.420072, -0.001908, -0.000678, -0.001108
11.440072, -0.002043, -0.000488, -0.003068
11.460073, -0.001504, -0.001732, -0.002329
11.480073, -0.002157, -0.000603, -0.002390
11.500073, -0.001173, -0.000602, -0.001508
11.520074, -0.001968, -0.000273, -0.001406
11.540074, -0.002212, 0.000571, -0.000722
11.560075, -0.001751, -0.000630, -0.002150
11.580075, -0.001119, -0.000744, -0.001720
11.600076, -0.001186, 0.000544, -0.000854
11.620076, -0.001120, -0.000375, -0.001623
11.640077, -0.002573, 0.000395, -0.001133
11.660077, -0.002391, -0.001694, -0.001292
11.680078, -0.001856, -0.000005, -0.001995
11.700078, -0.001976, -0.000205, -0.003103
11.720078, -0.001987, -0.001228, -0.000782
11.740079, -0.002645, -0.000842, -0.001508
11.760079, -0.003283, 0.000060, -0.001520
11.780080, -0.002399, -0.000353, -0.001597
11.800080, -0.001369, -0.001100, -0.001727
11.820081, -0.002808, -0.000492, -0.002080
11.840081, -0.001725, -0.001810, -0.001222
11.860082, -0.001773, -0.000999, -0.001274
11.880082, -0.002908, -0.001423, -0.002117
11.900083, -0.001916, -0.000317, -0.000593
11.920083, -0.001615, -0.000655, -0.001357
11.940084, -0.001188, -0.001001, -0.000850
11.960084, -0.001563, -0.000824, -0.002057
11.980084, -0.000947, -0.000497, -0.001537
12.000085, -0.001134, -0.000031, -0.001334
12.020085, -0.001654, -0.001758, -0.002354
12.040086, -0.001526, -0.000646, -0.000465
12.060086, -0.002581, -0.000287, -0.000761
12.080087, -0.001954, -0.000485, -0.001624
12.100087, -0.001980, -0.000574, -0.002709
12.120088, -0.002426, -0.000363, -0.002065
12.140088, -0.002363, -0.001449, -0.001065
12.160089, -0.001032, -0.001186, -0.000932
12.180089, -0.002076, -0.000321, -0.000313
12.200089, -0.001517, -0.000071, -0.002663
12.220090, -0.002161, -0.001350, -0.001301
12.240090, -0.002286, -0.000211, -0.001021
12.260091, -0.002154, -0.000467, -0.000667
12.280091, -0.002107, -0.001040, -0.000500
12.300092, -0.001582, -0.001361, -0.001678
12.320092, -0.002086, -0.000289, -0.001510
12.340093, -0.002095, -0.000192, -0.001328
12.360093, -0.001190, -0.000425, -0.001350
12.380094, -0.001013, -0.000872, -0.001607
12.400094, -0.001956, 0.000356, -0.001526
12.420094, -0.002013, -0.000719, -0.000790
12.440095, -0.002104, -0.000930, -0.000571
12.460095, -0.001596, -0.001415, -0.002032
12.480096, -0.001783, -0.001047, -0.001391
12.500096, -0.001274, -0.001055, -0.001435
12.520097, -0.001111, -0.000774, -0.002753
12.540097, -0.002027, -0.000990, -0.001188
12.560098, -0.001579, -0.000038, -0.000644
12.580098, -0.003757, 0.003485, -0.000637
12.600099, -0.004012, -0.001291, -0.001072
12.620099, 0.002296, -0.002008, -0.000427
12.640100, -0.001604, -0.001550, -0.003270
12.660100, -0.005037, 0.001770, -0.000649
12.680100, -0.000348, -0.000615, 0.000491
12.700101, -0.000456, -0.003260, -0.003832
12.720101, -0.005289, 0.001049, -0.001007
12.740102, -0.002546, 0.000317, 0.001038
12.760102, -0.000820, -0.002391, -0.003688
12.780103, 0.002021, 0.001786, -0.001080
12.800103, -0.006395, -0.000480, -0.002092
12.820104, -0.002064, -0.001671, -0.001086
12.840104, 0.001342, -0.001124, 0.000568
12.860105, -0.004124, -0.002422, -0.003721
12.880105, -0.002184, -0.000018, -0.001253
12.900105, -0.002573, -0.001557, -0.000843
12.920106, -0.003210, -0.001709, -0.001243
12.940106, -0.000872, 0.000888, -0.000165
12.960107, -0.000429, 0.001858, -0.002370
12.980107, -0.002644, -0.000588, -0.001827
13.000108, -0.000922, -0.000448, 0.001205
13.020108, -0.002960, -0.003545, -0.004605
13.040109, 0.000898, 0.003420, -0.001169
13.060109, -0.003184, -0.001448, -0.002797
13.080110, -0.002897, -0.000088, 0.001356
13.100110, 0.000601, 0.000860, 0.001047
13.120111, -0.004381, -0.002449, -0.004277
13.140111, 0.000086, 0.002264, 0.000769
13.160111, 0.000978, -0.000061, 0.000249
13.180112, -0.003395, -0.001593, -0.004648
13.200112, 0.000507, -0.000693, -0.001112
13.220113, -0.003120, -0.000479, -0.001859
13.240113, -0.003641, -0.001145, -0.000670
13.260114, -0.000631, -0.000178, -0.001059
13.280114, -0.002733, -0.001063, -0.001925
13.300115, -0.003434, -0.000842, -0.003230
13.320115, -0.000227, -0.002440, -0.001873
13.340116, -0.000481, 0.000948, -0.002619
13.360116, -0.001417, -0.000290, -0.002053
13.380116, -0.001810, -0.002116, 0.000802
13.400117, -0.001647, -0.000155, 0.000432
13.420117, -0.002394, 0.000459, -0.000710
13.440118, -0.002993, -0.000594, -0.003951
13.460118, -0.000165, 0.000002, 0.001705
13.480119, -0.003186, -0.001191, -0.000747
13.500119, 0.000302, -0.000658, -0.000966
13.520120, -0.002134, 0.000517, -0.002578
13.540120, -0.001986, -0.000166, -0.001908
13.560121, -0.002089, -0.000400, -0.001124
13.580121, -0.002089, -0.000640, -0.002170
13.600121, -0.001548, -0.000122, -0.000919
13.620122, -0.002201, -0.000492, -0.002221
13.640122, -0.001434, -0.000011, -0.000880
13.660123, -0.002157, -0.000786, -0.002482
13.680123, -0.003160, 0.001342, -0.001080
13.700124, 0.000877, -0.001131, -0.002713
13.720124, -0.000840, -0.002644, -0.001063
13.740125, -0.000833, -0.001233, 0.001465
13.760125, -0.005261, -0.004816, 0.002148
13.780126, -0.003308, 0.000099, -0.002917
13.800126, -0.000094, 0.003891, -0.006524
13.820127, -0.002399, -0.001658, -0.006211
13.840127, 0.001782, 0.005297, 0.004394
13.860127, -0.008814, -0.005122, -0.003397
13.880128, 0.001843, 0.000246, 0.003198
13.900128, 0.003082, -0.004856, -0.005312
13.920129, 0.001100, 0.002123, -0.002803
13.940129, -0.011284, 0.002780, 0.005873
13.960130, -0.000292, 0.001600, -0.001111
13.980130, 0.004595, -0.003524, -0.010468
14.000131, -0.004860, 0.004578, 0.002398
14.020131, -0.000804, -0.002218, -0.001294
14.040132, -0.000537, -0.000740, -0.004384
14.060132, -0.000676, 0.004766, 0.001247
14.080132, -0.001722, 0.000400, -0.004516
14.100133, 0.001645, 0.005007, -0.002726
14.120133, -0.002830, 0.001012, -0.002594
14.140134, -0.005441, -0.004632, 0.002030
14.160134, 0.002871, -0.006354, 0.002639
14.180135, -0.003606, -0.000240, -0.004091
14.200135, -0.007395, 0.010019, -0.002006
14.220136, -0.004661, -0.004976, -0.002578
14.240136, -0.007700, -0.003269, 0.000425
14.260137, -0.001393, 0.010320, -0.000592
14.280137, 0.007157, -0.006495, -0.001097
14.300138, -0.000126, -0.000328, -0.001997
14.320138, 0.001766, 0.000906, -0.000432
14.340138, 0.000534, -0.003646, 0.000959
14.360139, -0.002846, -0.007662, -0.000365
14.380139, -0.006261, -0.002424, 0.001702
14.400140, -0.003787, 0.004975, -0.004653
14.420140, 0.001783, 0.003393, -0.008419
14.440141, -0.004168, -0.004758, 0.005085
14.460141, -0.000363, -0.001743, 0.002457
14.480142, -0.008193, 0.004390, -0.007634
14.500142, 0.001798, 0.001804, -0.005397
14.520143, -0.005594, -0.010566, 0.003575
14.540143, 0.007064, -0.004729, -0.000805
14.560143, -0.004357, -0.001618, 0.000750
14.580144, -0.000046, -0.000728, -0.005670
14.600144, -0.003525, -0.002935, -0.000544
14.620145, -0.006182, -0.003343, 0.001242
14.640145, 0.002284, 0.001026, 0.000189
14.660146, -0.003919, -0.006144, -0.001856
14.680146, 0.005346, -0.001983, -0.000309
14.700147, -0.003097, 0.000250, -0.001286
14.720147, -0.005213, -0.001784, -0.000316
14.740148, 0.005787, -0.004615, 0.002153
14.760148, 0.003649, -0.005383, -0.003146
14.780149, -0.001382, 0.003992, 0.000448
14.800149, -0.007976, -0.003867, 0.005503
14.820149, 0.006494, -0.008786, 0.002693
14.840150, -0.002708, -0.004402, -0.006255
14.860150, -0.012099, 0.000072, -0.001912
14.880151, -0.001629, -0.001449, 0.005728
14.900151, 0.001126, -0.001308, -0.005829
14.920152, -0.006099, 0.008439, -0.001941
14.940152, -0.003514, 0.004187, 0.004151
14.960153, 0.003293, -0.006137, -0.003409
14.980153, -0.004697, 0.002942, -0.000449
15.000154, -0.011412, 0.006893, -0.001841
15.020154, 0.003725, -0.001653, -0.000590
15.040154, 0.002429, -0.016632, -0.000554
15.060155, -0.005469, -0.003216, 0.003954
15.080155, -0.017729, 0.012168, 0.000073
15.100156, 0.003639, -0.010931, -0.005444
15.120156, 0.009515, -0.007181, 0.005826
15.140157, -0.008284, 0.001259, -0.007255
15.160157, -0.006274, 0.008509, -0.000548
15.180158, 0.004874, 0.000995, -0.002631
15.200158, -0.018100, -0.005619, 0.001600
15.220159, -0.003998, 0.005270, 0.007084
15.240159, -0.001462, -0.002687, -0.006653
15.260159, 0.002395, -0.000453, -0.003953
15.280160, -0.002423, 0.005600, 0.002602
15.300160, -0.005036, -0.001776, -0.001731
15.320161, -0.004332, -0.004114, -0.000185
15.340161, -0.002469, -0.005721, 0.001801
15.360162, -0.000181, 0.006874, 0.000799
15.380162, -0.003305, 0.004021, -0.005750
15.400163, 0.002221, -0.018233, 0.003550
15.420163, 0.002450, -0.004381, 0.007217
15.440164, -0.012881, 0.009740, 0.000497
15.460164, -0.007445, -0.004444, -0.010679
15.480165, 0.014003, -0.011694, 0.001135
15.500165, -0.012150, 0.019549, 0.002392
15.520165, -0.018413, -0.001169, -0.011028
15.540166, 0.018554, -0.011197, 0.014543
15.560166, -0.013550, 0.026741, -0.012124
15.580167, -0.018108, -0.001368, -0.012407
15.600167, 0.019624, 0.006726, 0.018251
15.620168, -0.028612, 0.008498, -0.022103
15.640168, 0.004371, -0.011096, 0.006405
15.660169, 0.007305, 0.003727, 0.009802
15.680169, -0.019026, -0.003854, -0.022413
15.700170, 0.012800, 0.008968, 0.015687
15.720170, -0.013210, 0.004357, -0.009108
15.740170, 0.005889, -0.009961, -0.003964
15.760171, 0.018591, 0.009595, 0.008314
15.780171, -0.023358, -0.005456, -0.019527
15.800172, 0.011387, -0.004957, 0.014094
15.820172, 0.014991, 0.020405, -0.008847
15.840173, -0.005171, -0.006627, -0.023733
15.860173, 0.010206, -0.013695, 0.034193
15.880174, -0.028742, 0.007578, -0.002332
15.900174, 0.005915, 0.007319, -0.017292
15.920175, 0.028176, 0.011151, -0.006041
15.940175, -0.025760, -0.011899, -0.015316
15.960176, 0.011335, 0.000819, 0.027097
15.980176, 0.000728, 0.002433, -0.014408
16.000175, 0.010781, -0.033257, -0.016490
16.020176, 0.023796, 0.016767, 0.023670
16.040176, -0.044468, -0.007008, -0.027086
16.060177, 0.025164, -0.001098, 0.024798
16.080177, -0.014340, -0.001800, -0.021277
16.100178, 0.007928, -0.007631, 0.021324
16.120178, -0.020200, -0.006594, 0.000825
16.140179, 0.012964, -0.012326, 0.025786
16.160179, -0.010853, -0.008048, -0.028268
16.180180, 0.023522, 0.016657, 0.019984
16.200180, -0.066902, -0.034051, -0.037410
16.220181, 0.072770, 0.049215, 0.076081
16.240181, -0.075948, -0.089587, -0.097492
16.260181, 0.102385, 0.110282, 0.105915
16.280182, -0.098308, -0.104181, -0.084155
16.300182, 0.024944, 0.032149, 0.014072
16.320183, 0.065396, 0.063716, 0.064230
16.340183, -0.114848, -0.122581, -0.098717
16.360184, 0.038502, 0.056083, 0.042975
16.380184, 0.037523, 0.050386, 0.027977
16.400185, -0.030398, -0.038549, -0.022286
16.420185, -0.066963, -0.057205, -0.051264
16.440186, 0.013890, -0.000468, -0.020890
16.460186, 0.109818, 0.097339, 0.068554
16.480186, 0.011300, 0.011986, 0.013203
16.500187, -0.020509, -0.006664, 0.008169
16.520187, -0.086475, -0.076343, -0.071324
16.540188, -0.104363, -0.091491, -0.084673
16.560188, -0.042112, -0.029285, -0.010911
16.580189, -0.046214, -0.073970, -0.017096
16.600189, 0.027769, -0.012182, -0.018423
16.620190, 0.071149, 0.043894, 0.028300
16.640190, 0.073014, 0.064555, 0.064306
16.660191, 0.047943, 0.082336, 0.103253
16.680191, 0.070608, 0.125671, 0.091484
16.700191, 0.037036, 0.082498, 0.005349
16.720192, 0.019369, 0.063898, 0.006544
16.740192, 0.041575, 0.082121, 0.047258
16.760193, -0.014604, 0.019078, -0.024573
16.780193, -0.030529, -0.010798, -0.052436
16.800194, -0.027580, -0.023822, -0.037564
16.820194, -0.098074, -0.120991, -0.096868
16.840195, -0.069491, -0.109857, -0.055722
16.860195, -0.007264, -0.055385, -0.006481
16.880196, 0.008618, -0.040747, 0.000683
16.900196, 0.057851, 0.036758, 0.070203
16.920197, 0.081742, 0.095805, 0.085125
16.940197, 0.037202, 0.073737, 0.049079
16.960197, 0.047688, 0.102358, 0.056451
16.980198, 0.000321, 0.035916, -0.015098
17.000198, -0.065932, -0.042373, -0.068480
17.020199, -0.045488, -0.049062, -0.050385
17.040199, -0.084085, -0.111651, -0.095477
17.060200, -0.045044, -0.081729, -0.044947
17.080200, 0.025073, -0.016262, 0.024368
17.100201, 0.025241, 0.009963, 0.030132
17.120201, 0.067824, 0.071592, 0.079308
17.140202, 0.087314, 0.099153, 0.093803
17.160202, 0.022181, 0.065634, 0.034300
17.180202, 0.044851, 0.083895, 0.050860
17.200203, -0.006670, 0.033747, -0.002173
17.220203, -0.075001, -0.051984, -0.078062
17.240204, -0.049321, -0.055544, -0.055020
17.260204, -0.080159, -0.106453, -0.092363
17.280205, -0.046121, -0.086316, -0.052494
17.300205, 0.030308, -0.006803, 0.024835
17.320206, 0.037118, -0.000106, 0.015632
17.340206, 0.078003, 0.084504, 0.089970
17.360207, 0.081242, 0.105572, 0.095645
17.380207, 0.015337, 0.046056, 0.013951
17.400208, -0.009979, 0.021992, -0.003595
17.420208, -0.097323, -0.085000, -0.088396
17.440208, -0.083780, -0.097503, -0.081626
17.460209, -0.011972, -0.041297, -0.021199
17.480209, 0.019545, -0.025583, -0.005890
17.500210, 0.104724, 0.097473, 0.097705
17.520210, 0.057595, 0.090003, 0.069854
17.540211, 0.005072, 0.047884, 0.026170
17.560211, -0.028285, 0.010104, -0.003651
17.580212, -0.122871, -0.112334, -0.116528
17.600212, -0.049374, -0.075032, -0.063491
17.620213, 0.008175, -0.040565, -0.020300
17.640213, 0.064011, 0.022262, 0.031169
17.660213, 0.109014, 0.127522, 0.119010
17.680214, 0.014025, 0.046934, 0.031073
17.700214, 0.015259, 0.046331, 0.032658
17.720215, -0.064895, -0.045252, -0.058513
17.740215, -0.120070, -0.118588, -0.119114
17.760216, -0.033565, -0.053203, -0.041501
17.780216, -0.014295, -0.054059, -0.036327
17.800217, 0.095153, 0.064527, 0.068846
17.820217, 0.101252, 0.104574, 0.100366
17.840218, 0.033133, 0.049545, 0.031998
17.860218, 0.016648, 0.040906, 0.024836
17.880219, -0.123798, -0.088966, -0.090458
17.900219, -0.098336, -0.090660, -0.078245
17.920219, -0.033862, -0.033561, -0.038220
17.940220, 0.040950, -0.012062, -0.004017
17.960220, 0.131022, 0.107521, 0.111593
17.980221, 0.035894, 0.055305, 0.041425
18.000221, 0.024836, 0.039267, 0.028283
18.020222, -0.083075, -0.036391, -0.044916
18.040222, -0.131971, -0.107228, -0.099730
18.060223, -0.015325, -0.021763, -0.015881
18.080223, 0.021326, -0.026538, -0.016361
18.100224, 0.117507, 0.095955, 0.086102
18.120224, 0.051784, 0.056837, 0.054546
18.140224, -0.003109, -0.002262, -0.003943
18.160225, -0.046014, -0.017061, -0.022651
18.180225, -0.117343, -0.104209, -0.103220
18.200226, 0.008514, 0.000054, -0.003033
18.220226, 0.043334, 0.010904, 0.011419
18.240227, 0.072281, 0.056179, 0.062259
18.260227, 0.021081, 0.040130, 0.041168
18.280228, -0.074074, -0.045306, -0.044380
18.300228, -0.049263, -0.016916, -0.016946
18.320229, -0.054527, -0.053193, -0.054408
18.340229, 0.064637, 0.048817, 0.041618
18.360229, 0.070082, 0.037284, 0.034875
18.380230, 0.010185, 0.012411, 0.018630
18.400230, -0.020912, -0.013003, -0.005826
18.420231, -0.078175, -0.068648, -0.066253
18.440231, 0.020105, 0.022905, 0.015359
18.460232, 0.019832, 0.010101, -0.004807
18.480232, 0.078779, 0.053287, 0.055659
18.500233, -0.005374, -0.007239, -0.005845
18.520233, -0.056572, -0.057965, -0.040044
18.540234, -0.029564, -0.024811, -0.025178
18.560234, -0.005222, -0.010059, -0.022400
18.580235, 0.093223, 0.083212, 0.073213
18.600235, 0.013838, -0.003144, 0.001198
18.620235, -0.011904, -0.011741, -0.001702
18.640236, -0.089644, -0.080782, -0.072332
18.660236, -0.007171, -0.007902, -0.011304
18.680237, 0.064105, 0.054234, 0.032421
18.700237, 0.067726, 0.042430, 0.046433
18.720238, 0.014083, 0.003146, 0.016986
18.740238, -0.094412, -0.096583, -0.073685
18.760239, -0.011897, -0.014019, -0.007321
18.780239, 0.026780, 0.010036, 0.003697
18.800240, 0.114338, 0.098787, 0.090547
18.820240, 0.002676, -0.009840, 0.003704
18.840240, -0.061596, -0.057940, -0.031612
18.860241, -0.082091, -0.068681, -0.063234
18.880241, 0.022386, 0.029525, 0.010037
18.900242, 0.087964, 0.090840, 0.064410
18.920242, 0.005173, 0.008683, 0.011818
18.940243, -0.067340, -0.049468, -0.036450
18.960243, -0.112976, -0.088688, -0.088596
18.980244, 0.039289, 0.055663, 0.027613
19.000244, 0.070720, 0.062458, 0.034047
19.020245, 0.063010, 0.046230, 0.061116
19.040245, -0.092194, -0.092725, -0.065719
19.060246, -0.060846, -0.051049, -0.039393
19.080246, 0.020151, 0.018041, 0.000672
19.100246, 0.103680, 0.096907, 0.069122
19.120247, 0.011622, 0.008864, 0.012859
19.140247, -0.093667, -0.081272, -0.061658
19.160248, -0.061772, -0.035263, -0.040418
19.180248, 0.039348, 0.045773, 0.026516
19.200249, 0.096365, 0.082532, 0.069493
19.220249, -0.029856, -0.046050, -0.022470
19.240250, -0.067178, -0.062675, -0.043297
19.260250, -0.033936, -0.019756, -0.035377
19.280251, 0.099383, 0.106035, 0.066502
19.300251, 0.015113, 0.004229, 0.008329
19.320251, -0.047609, -0.051923, -0.027203
19.340252, -0.077954, -0.072023, -0.060423
19.360252, 0.064188, 0.072244, 0.046571
19.380253, 0.049004, 0.045135, 0.031881
19.400253, -0.012645, -0.021621, -0.010579
19.420254, -0.099338, -0.091542, -0.070671
19.440254, 0.031305, 0.044833, 0.030829
19.460255, 0.060352, 0.061174, 0.040396
19.480255, 0.023101, 0.006524, 0.012010
19.500256, -0.089430, -0.093258, -0.071567
19.520256, -0.017097, 0.001765, -0.005478
19.540257, 0.062217, 0.062581, 0.046107
19.560257, 0.046998, 0.031978, 0.035888
19.580257, -0.068205, -0.081295, -0.057827
19.600258, -0.046019, -0.028589, -0.030862
