t_ur, ur1, ur2, ur3
0.000000, -0.269423, -0.362694, 0.745111
0.020000, -0.473385, -0.362701, 0.540035
0.040000, -0.065982, 0.045756, 0.744337
0.060000, -0.065207, 0.044931, 0.745148
0.080000, -0.066275, 0.044445, 1.152793
0.100000, -0.065549, -0.158619, 1.152703
0.120000, -0.064791, 0.658509, 0.540285
0.140000, -0.064245, 0.045146, 1.153443
0.160000, -0.268740, 0.045292, 0.949456
0.180000, 0.138763, -0.158906, 0.950302
0.200000, -0.473318, -0.159080, 1.152990
0.220000, -0.270043, 0.251124, 1.152745
0.240000, -0.268222, -0.158930, 0.949367
0.260000, -0.269921, 0.250023, 0.949252
0.280000, -0.268614, -0.159908, 1.153673
0.300000, -0.472830, 0.045098, 0.540415
0.320000, -0.269937, 0.046104, 0.949329
0.340000, -0.064055, 0.047451, 0.744394
0.360000, -0.269696, -0.158803, 1.358263
0.380000, -0.473852, 0.045594, 0.949409
0.400000, -0.268598, 0.250748, 0.744104
0.420000, -0.221370, 0.203461, 0.744117
0.440000, -0.185454, 0.166939, 0.885927
0.460000, -0.157946, 0.186025, 0.900651
0.480000, -0.136612, 0.106119, 0.959017
0.500000, -0.167152, 0.092395, 0.956935
0.520000, -0.143515, 0.128855, 0.954921
0.540000, -0.078532, 0.109800, 1.047947
0.560000, -0.122530, 0.095145, 1.071976
0.580000, -0.156405, 0.130419, 1.043618
0.600000, -0.135425, 0.158120, 1.021689
0.620000, -0.119240, 0.085097, 1.005084
0.640000, -0.154032, 0.075973, 1.086379
0.660000, -0.180640, 0.021777, 1.054661
0.680000, -0.201135, -0.019771, 1.030355
0.700000, -0.169846, 0.042491, 1.011723
0.720000, -0.192799, -0.004303, 0.902839
0.740000, -0.210461, 0.007050, 0.913495
0.760000, -0.129752, -0.031022, 0.921626
0.780000, -0.161963, -0.013282, 0.880849
0.800000, -0.234060, 0.000390, 0.896487
0.820000, -0.242447, 0.058129, 0.861429
0.840000, -0.201824, 0.008184, 0.881475
0.860000, -0.170097, 0.016892, 0.896824
0.880000, -0.192742, 0.070868, 0.956109
0.900000, -0.210436, 0.159405, 0.765849
0.920000, -0.223995, 0.085885, 0.808025
0.940000, -0.187385, 0.076571, 0.746010
0.960000, -0.206342, 0.069533, 0.839846
0.980000, -0.220962, 0.016904, 0.864822
1.000000, -0.184960, 0.023585, 0.931390
1.020000, -0.204386, 0.123147, 0.935363
1.040000, -0.172272, 0.010777, 0.938314
1.060000, -0.194605, 0.018721, 0.988172
1.080000, -0.259031, 0.024769, 0.884536
1.100000, -0.214048, -0.064930, 0.946372
1.120000, -0.132369, -0.039448, 1.088542
1.140000, -0.163932, -0.067013, 1.198001
1.159999, -0.188287, -0.040912, 1.140426
1.179999, -0.254066, -0.021024, 1.143564
1.199999, -0.257532, -0.005975, 1.004401
1.219999, -0.213042, 0.005837, 1.038922
1.239999, -0.273199, 0.014997, 1.018417
1.259999, -0.272278, 0.069336, 1.049501
1.279999, -0.271424, 0.016580, 0.696081
1.299999, -0.271106, 0.023390, 0.754658
1.319999, -0.223436, 0.028380, 0.705462
1.339999, -0.234084, 0.079757, 0.808668
1.359999, -0.148077, 0.024631, 0.840829
1.379999, -0.176252, 0.029202, 0.865972
1.399999, -0.197888, 0.032828, 0.555034
1.419999, -0.167208, 0.130024, 0.551535
1.439999, -0.190716, 0.110671, 0.501884
1.459999, -0.161996, 0.095789, 0.699289
1.479999, -0.045362, 0.084360, 0.756802
1.499999, -0.097214, 0.169821, 0.801006
1.519999, -0.137249, 0.141164, 0.929644
1.539999, -0.167529, 0.119164, 0.981095
1.559999, -0.143879, 0.054940, 1.020790
1.579999, -0.172467, 0.052800, 0.956968
1.599999, -0.241798, 0.098307, 0.908142
1.619999, -0.248120, -0.008098, 0.964583
1.639999, -0.252941, -0.090352, 1.008235
1.659999, -0.256781, -0.106250, 0.994604
1.679999, -0.259637, -0.071103, 1.031028
1.699999, -0.214841, -0.044240, 1.106384
1.719999, -0.227289, -0.117824, 1.070032
1.739999, -0.142797, -0.079963, 1.136776
1.759999, -0.172197, -0.098235, 1.093532
1.779999, -0.147511, -0.112405, 1.060121
1.799999, -0.128500, -0.028905, 1.034605
1.819999, -0.160888, -0.011843, 0.920514
1.839999, -0.185859, 0.095800, 0.927018
1.859999, -0.158082, 0.131211, 0.743461
1.879999, -0.136803, 0.111662, 0.790850
1.899999, -0.167275, 0.096404, 0.780002
1.919999, -0.143847, -0.009651, 0.866188
1.939999, -0.172805, -0.044192, 0.838124
1.959999, -0.242199, -0.070708, 0.910989
1.979999, -0.248282, 0.003198, 0.825443
1.999999, -0.206018, 0.060158, 0.806776
2.019999, -0.173411, 0.056879, 0.792253
2.039999, -0.054312, 0.053954, 0.969926
2.059999, -0.056789, 0.240602, 1.059396
2.079999, -0.058847, 0.195770, 1.080953
2.099999, -0.107060, 0.113943, 1.003227
2.119999, -0.097226, 0.098042, 1.084922
2.139999, -0.136960, 0.180171, 1.053492
2.159999, -0.167470, 0.149159, 1.076562
2.179999, -0.190938, 0.078253, 1.094145
2.199999, -0.067433, 0.023717, 1.107636
2.219999, -0.066685, -0.112792, 1.165633
2.239999, -0.066406, -0.029206, 1.021171
2.259999, -0.113053, -0.058935, 0.957472
2.279999, -0.102120, -0.082190, 1.002718
2.299999, -0.140770, -0.005555, 1.037264
2.319999, -0.076027, 0.006251, 0.781111
2.339998, -0.073568, -0.078759, 0.819900
2.359998, -0.165950, -0.049984, 0.849532
2.379998, -0.142682, -0.075179, 0.825151
2.399998, -0.124684, -0.047395, 0.901028
2.419998, -0.158303, -0.073111, 0.817825
2.439998, -0.136979, -0.045952, 0.895110
2.459998, -0.167336, 0.022359, 1.520851
2.479998, -0.190638, -0.019391, 1.388924
2.499998, -0.209000, -0.004637, 1.287282
2.519998, -0.222917, 0.006794, 1.209409
2.539998, -0.233602, -0.031513, 1.102251
2.559998, -0.289068, -0.013527, 1.114094
2.579998, -0.284534, -0.047052, 1.170365
2.599998, -0.280942, 0.021624, 1.166561
2.619998, -0.231356, 0.074425, 1.116307
2.639998, -0.240099, 0.067866, 1.124568
2.659998, -0.246607, 0.062660, 1.131261
2.679998, -0.204854, 0.011674, 1.089179
2.699998, -0.219700, 0.019395, 1.056955
2.719998, -0.184142, 0.025080, 0.937783
2.739998, -0.203698, -0.017269, 0.893312
2.759998, -0.171729, -0.097065, 1.189199
2.779998, -0.147372, -0.111197, 1.086554
2.799998, -0.128626, -0.169453, 1.149035
2.819998, -0.161061, -0.167031, 1.149982
2.839998, -0.138976, -0.165014, 1.150900
2.859998, -0.121863, 0.024959, 1.010188
2.879998, -0.108931, -0.017574, 0.996162
2.899998, -0.098888, -0.050216, 1.126785
2.919998, -0.091364, -0.028222, 0.849811
2.939998, -0.085377, -0.011566, 0.731215
2.959998, -0.080617, -0.045723, 0.828706
2.979998, -0.124206, 0.022347, 0.856529
2.999998, -0.157497, 0.027721, 0.924995
3.019998, -0.136169, 0.031751, 0.930154
3.039998, -0.166821, 0.082152, 0.887362
3.059998, -0.190479, 0.120698, 0.948983
3.079998, -0.256028, 0.150705, 0.948882
3.099998, -0.164741, 0.079348, 0.948946
3.119998, -0.188781, 0.118631, 0.996169
3.139998, -0.207488, 0.054380, 0.938164
3.159998, -0.221803, 0.005120, 0.940768
3.179998, -0.186010, -0.032638, 1.037302
3.199998, -0.205031, -0.061776, 1.017037
3.219998, -0.172805, -0.036855, 1.048377
3.239998, -0.147862, 0.029192, 0.978296
3.259998, -0.175785, -0.014083, 1.018538
3.279998, -0.197574, -0.047423, 1.097210
3.299998, -0.214236, 0.021259, 1.015884
3.319998, -0.179999, -0.067517, 0.953230
3.339998, -0.200548, 0.005789, 1.046633
3.359998, -0.169423, 0.062000, 0.976657
3.379997, -0.145505, -0.036291, 1.064470
3.399997, -0.173908, 0.029746, 0.990703
3.419997, -0.148677, -0.013852, 0.981224
3.439997, -0.176276, -0.094411, 0.974050
3.459997, -0.197702, -0.062117, 1.015458
3.479997, -0.213996, -0.037626, 0.905925
3.499997, -0.226686, -0.018546, 0.915662
3.519997, -0.283722, -0.050966, 0.923600
3.539997, -0.280324, -0.028795, 0.929321
3.559997, -0.230577, -0.011873, 1.122448
3.579997, -0.239537, 0.001289, 1.082659
3.599997, -0.152167, -0.035447, 1.051612
3.619997, -0.179175, -0.016483, 0.980776
3.639997, -0.152690, -0.049370, 1.020553
3.659997, -0.226793, -0.027499, 1.004003
3.679997, -0.189416, -0.010768, 0.896853
3.699997, -0.207947, 0.190835, 0.909062
3.719997, -0.222175, 0.157393, 0.918293
3.739997, -0.233171, 0.131563, 1.019821
3.759997, -0.241527, 0.111878, 1.050731
3.779997, -0.248180, 0.049458, 0.980184
3.799997, -0.159015, 0.048619, 0.973109
3.819997, -0.090073, 0.048101, 0.967608
3.839997, -0.084300, 0.047270, 0.963409
3.859997, -0.079940, 0.046705, 0.912668
3.879997, -0.029204, -0.095114, 0.873861
3.899997, -0.037497, -0.015698, 0.844073
3.919997, -0.138294, 0.045545, 0.821209
3.939997, -0.121578, 0.045482, 0.851009
3.959997, -0.155514, 0.092593, 0.826438
3.979997, -0.181996, 0.081654, 0.854665
3.999997, -0.154810, -0.068172, 1.017970
4.019997, -0.181230, 0.052557, 1.049328
4.039997, -0.201687, 0.051012, 1.026331
4.059997, -0.217303, 0.096685, 1.008404
4.079997, -0.229236, 0.037533, 1.088865
4.099997, -0.238446, -0.007863, 0.962345
4.119997, -0.198703, -0.042611, 0.723526
4.139997, -0.214923, 0.213567, 0.775611
4.159997, -0.180450, 0.174748, 0.862836
4.179997, -0.200796, 0.145016, 0.835643
4.199997, -0.216645, 0.169049, 0.908961
4.219997, -0.228865, 0.093567, 0.965252
4.239997, -0.238199, 0.082336, 0.914229
4.259997, -0.151114, 0.073946, 0.969486
4.279997, -0.178309, 0.020274, 1.625044
4.299997, -0.199215, 0.120609, 1.421849
4.319997, -0.121288, 0.150440, 1.406905
4.339997, -0.155561, 0.173269, 1.348356
4.359997, -0.134581, 0.096571, 1.209152
4.379997, -0.118427, 0.037665, 1.196428
4.399997, -0.106101, 0.039654, 1.092202
4.419997, -0.096564, 0.088289, 1.059154
4.439997, -0.136475, 0.078505, 1.033657
4.459997, -0.120193, 0.070775, 1.061332
4.479997, -0.060298, 0.064778, 1.082743
4.499997, -0.061528, 0.060521, 1.146325
4.519997, -0.109400, 0.104294, 1.147804
4.539997, -0.099420, 0.043542, 1.101726
4.559997, -0.138821, -0.050342, 1.160793
4.579997, -0.121951, -0.028058, 1.064865
4.599997, -0.108815, -0.011408, 1.037981
4.619997, -0.145877, -0.045218, 1.017529
4.639997, -0.174475, -0.024381, 1.049008
4.659997, -0.196371, -0.102682, 0.931485
4.679996, -0.165815, 0.025774, 0.935521
4.699996, -0.237050, -0.016925, 0.938720
4.719996, -0.197158, 0.044851, 0.988249
4.739996, -0.166635, 0.044744, 1.120570
4.759996, -0.190519, 0.045213, 1.081043
4.779996, -0.208801, -0.001996, 1.097485
4.799996, -0.175814, 0.008927, 0.968809
4.819996, -0.103028, 0.017359, 0.916893
4.839996, -0.094061, 0.023700, 0.924272
4.859996, -0.087485, -0.018135, 0.929879
4.879996, -0.082279, -0.003323, 0.981593
4.899996, -0.125539, 0.008000, 0.926740
4.919996, -0.111623, -0.030326, 1.026038
4.939996, -0.101159, -0.012852, 0.960895
4.959996, -0.092732, 0.047979, 0.958268
4.979996, -0.180559, 0.047125, 0.908976
4.999996, -0.059735, -0.000381, 0.918549
5.019996, -0.014012, 0.010185, 0.925665
5.039996, -0.025912, 0.065467, 0.931094
5.059996, -0.129508, 0.108285, 0.935329
5.079996, -0.209080, 0.093874, 0.985590
5.099996, -0.270109, 0.129566, 0.977018
5.119996, -0.269965, 0.062933, 0.923286
5.139996, -0.222805, -0.035512, 0.976194
5.159996, -0.233564, -0.063838, 0.969858
5.179996, -0.241583, 0.008273, 0.965133
5.199996, -0.200925, 0.016741, 1.008632
5.219996, -0.122456, 0.023422, 0.994669
5.239996, -0.109377, 0.028368, 1.031334
5.259996, -0.099364, 0.032544, 1.106387
5.279996, -0.091509, 0.082820, 1.164208
5.299996, -0.132620, 0.121237, 0.972859
5.319996, -0.258579, 0.198156, 0.967583
5.339996, -0.260851, 0.162946, 0.916123
5.359996, -0.262971, 0.088674, 0.923568
5.379996, -0.264516, 0.078684, 0.929575
5.399996, -0.312679, 0.071291, 0.981287
5.419996, -0.302679, 0.159818, 0.973580
5.439996, -0.153551, 0.133760, 0.967985
5.459996, -0.227362, 0.349465, 0.916518
5.479996, -0.237016, 0.232315, 1.065241
5.499996, -0.244537, 0.142163, 1.038083
5.519996, -0.297450, 0.119764, 1.017386
5.539996, -0.243834, 0.102553, 1.095941
5.559996, -0.249836, 0.089702, 1.109151
5.579996, -0.207271, 0.079520, 1.166410
5.599996, -0.221515, 0.118698, 1.021786
5.619996, -0.279631, 0.101594, 1.005106
5.639996, -0.324367, 0.135561, 0.945045
5.659996, -0.311727, 0.020262, 0.993357
5.679996, -0.302077, 0.026077, 0.935707
5.699996, -0.294525, 0.124833, 0.844198
5.719995, -0.241412, 0.059365, 0.962787
5.739995, -0.248029, 0.056277, 0.959568
5.759995, -0.205934, 0.100762, 0.910132
5.779995, -0.173448, 0.040776, 1.013612
5.799995, -0.195601, 0.088956, 0.904338
5.819995, -0.165380, 0.031635, 0.678729
5.839995, -0.142277, 0.082141, 0.694128
5.859995, -0.124528, 0.026277, 0.847234
5.879995, -0.110621, 0.078225, 0.917797
5.899995, -0.100109, 0.070632, 0.924845
5.919995, -0.091861, 0.111798, 1.024745
5.939995, -0.133057, 0.096581, 1.007218
5.959995, -0.023163, 0.085022, 1.041057
5.979995, -0.079971, 0.075905, 0.972452
5.999995, -0.170699, 0.116178, 1.013753
6.019995, -0.193403, 0.099753, 1.045935
6.039995, -0.210895, 0.134276, 1.165022
6.059995, -0.224328, 0.066521, 1.162054
6.079995, -0.234946, 0.061782, 1.112880
6.099995, -0.148638, 0.058115, 1.075163
6.119995, -0.176556, -0.180434, 1.045912
6.139995, -0.198044, -0.128192, 1.023573
6.159995, -0.214411, -0.088074, 0.911827
6.179995, -0.274132, -0.104581, 1.014634
6.199995, -0.273060, -0.069868, 1.046721
6.219995, -0.272205, -0.043341, 1.118361
6.239995, -0.318619, -0.022845, 0.984743
6.259995, -0.260204, -0.054262, 0.928923
6.279995, -0.262385, 0.015884, 0.980700
6.299995, -0.263955, 0.070086, 1.020684
6.319995, -0.312214, 0.064688, 1.004402
6.339995, -0.255027, 0.013081, 1.038710
6.359995, -0.211378, -0.121006, 1.112220
6.379995, -0.224707, -0.082501, 1.168762
6.399995, -0.187936, -0.100233, 1.118111
6.419995, -0.206934, -0.113831, 1.079041
6.439995, -0.174298, -0.077393, 1.049163
6.459995, -0.149090, -0.048994, 0.978860
6.479995, -0.129773, 0.020024, 1.018935
6.499995, -0.114877, 0.026001, 1.002550
6.519995, -0.150540, -0.016650, 0.990321
6.539995, -0.225030, -0.096426, 0.980910
6.559995, -0.188241, -0.063675, 0.879291
6.579995, -0.159854, -0.038336, 0.895319
6.599995, -0.184869, -0.018867, 0.954889
6.619995, -0.251512, -0.051071, 0.953578
6.639995, -0.302730, 0.018476, 0.858044
6.659995, -0.247794, 0.024634, 0.926441
6.679995, -0.205772, -0.017838, 0.884390
6.699995, -0.173340, 0.044108, 0.851892
6.719995, -0.148434, -0.002839, 0.827053
6.739995, -0.129158, 0.008193, 0.902372
6.759995, -0.114239, -0.030371, 0.913226
6.779994, -0.055693, 0.034542, 0.968655
6.799994, -0.105135, 0.084371, 1.011169
6.819994, -0.095883, -0.018780, 1.091050
6.839994, -0.135952, 0.043070, 0.964082
6.859994, -0.166904, 0.043543, 1.054567
6.879994, -0.190774, -0.002899, 1.030415
6.899994, -0.161946, -0.039026, 0.964604
6.919994, -0.139749, -0.019521, 1.008187
6.939994, -0.122461, -0.004365, 1.041608
6.959994, -0.109350, 0.054341, 1.114504
6.979994, -0.099041, 0.099302, 1.029019
6.999994, -0.091242, 0.039872, 1.057806
7.019994, -0.085274, 0.041231, 0.985557
7.039994, -0.080749, -0.382085, 1.024287
7.059994, -0.077290, -0.330626, 1.053986
7.079994, -0.074591, -0.291023, 1.076949
7.099994, -0.072627, -0.166144, 1.047648
7.119994, -0.165211, -0.022811, 1.119119
7.139994, -0.189244, 0.040083, 1.079771
7.159994, -0.160621, -0.053231, 1.049701
7.179994, -0.138641, -0.030428, 1.026440
7.199994, -0.121629, -0.012799, 1.055712
7.219994, -0.155632, -0.046600, 0.983964
7.239994, -0.134726, -0.025328, 0.976066
7.259994, -0.118704, 0.038117, 1.016926
7.279994, -0.106461, 0.040131, 1.048508
7.299994, -0.144092, 0.088444, 1.025542
7.319994, -0.125892, 0.125806, 1.007943
7.339994, -0.111844, 0.107325, 0.994211
7.359994, -0.148457, 0.092830, 0.983510
7.379994, -0.082011, 0.082008, 0.975579
7.399994, -0.078100, 0.073686, 0.969435
7.419994, -0.075222, 0.019949, 0.917412
7.439994, -0.167238, -0.021376, 0.971848
7.459994, -0.190651, -0.053010, 1.061089
7.479994, -0.208968, -0.030321, 1.082168
7.499994, -0.223348, -0.012683, 1.051319
7.519994, -0.281003, -0.046152, 1.122059
7.539994, -0.278124, -0.025184, 1.082374
7.559994, -0.275842, -0.056165, 1.004455
7.579994, -0.274371, 0.014252, 0.991583
7.599994, -0.273106, 0.115644, 0.934710
7.619994, -0.225080, 0.099374, 0.938094
7.639994, -0.235378, 0.134235, 0.940692
7.659994, -0.243318, 0.160982, 0.848262
7.679994, -0.296354, 0.087098, 0.918513
7.699994, -0.243028, 0.313324, 0.972689
7.719994, -0.249008, 0.345932, 0.919979
7.739994, -0.206838, 0.323684, 0.832050
7.759994, -0.174312, 0.259397, 0.858899
7.779994, -0.195982, 0.256824, 0.973995
7.799994, -0.165941, 0.255151, 0.921144
7.819993, -0.142546, 0.206600, 0.974450
7.839993, -0.171758, 0.169312, 0.921529
7.859993, -0.194424, 0.187763, 0.974922
7.879993, -0.164747, 0.107723, 0.921582
7.899993, -0.188804, 0.140588, 0.927885
7.919993, -0.112959, 0.118638, 0.979874
7.939993, -0.102071, 0.054749, 1.066865
7.959993, -0.093500, 0.052647, 1.039746
7.979993, -0.133752, 0.051011, 1.066045
7.999993, -0.117950, 0.002552, 1.086302
8.019994, -0.153139, -0.034877, 1.101997
8.039994, -0.132575, -0.016373, 1.066593
8.059995, -0.164066, -0.049178, 1.039460
8.079995, -0.141294, 0.019490, 1.113129
8.099996, -0.123761, 0.072671, 1.075138
8.119996, -0.157312, 0.113517, 0.998866
8.139997, -0.183085, 0.097892, 0.940262
8.159997, -0.155862, 0.038653, 1.036696
8.179997, -0.135002, 0.087316, 1.157948
8.199998, -0.118917, 0.124665, 1.109750
8.219998, -0.153749, 0.201018, 1.025389
8.239999, -0.133307, 0.212167, 1.102211
8.259999, -0.070411, 0.079372, 1.208324
8.280000, -0.116377, 0.071912, 1.054155
8.300000, -0.104628, 0.065898, 1.029884
8.320001, -0.095755, 0.061153, 0.916582
8.340001, -0.182991, 0.104926, 0.876773
8.360002, -0.202974, -0.003318, 0.799113
8.380002, -0.218292, 0.055031, 0.739549
8.400002, -0.183033, -0.041361, 0.788072
8.420003, -0.202632, -0.068528, 0.777833
8.440003, -0.217933, 0.004964, 0.770233
8.460004, -0.182546, -0.032840, 0.905763
8.480004, -0.202327, -0.061989, 0.868579
8.500005, -0.217803, -0.084172, 0.934246
8.520005, -0.229725, -0.101678, 0.985008
8.540006, -0.191848, -0.115068, 0.976837
8.560006, -0.162690, -0.125352, 0.875870
8.580007, -0.140025, -0.038655, 0.845485
8.600007, -0.122813, -0.066337, 0.916453
8.620008, -0.156645, -0.087667, 0.829868
8.640008, -0.229941, -0.057085, 0.904556
8.660008, -0.239010, -0.080726, 0.914865
8.680009, -0.199114, -0.051299, 0.922736
8.700009, -0.215338, -0.029079, 0.787201
8.720010, -0.227741, 0.082394, 0.777228
8.740010, -0.190244, 0.026644, 0.864147
8.760011, -0.208642, -0.016230, 0.836466
8.780011, -0.128339, -0.049167, 1.239671
8.800012, -0.160642, -0.121688, 1.125370
8.820012, -0.186071, -0.036204, 1.037438
8.840013, -0.205427, -0.064654, 1.064225
8.860013, -0.267323, -0.086080, 0.943626
8.880013, -0.220675, -0.102822, 0.945008
8.900014, -0.231928, -0.021440, 0.945871
8.920014, -0.240864, -0.005733, 0.946462
8.940015, -0.247498, -0.041227, 0.947109
8.960015, -0.252515, 0.026098, 0.994788
8.980016, -0.256593, -0.016423, 0.890097
9.000016, -0.212490, -0.049326, 0.856508
9.020017, -0.225791, -0.074569, 0.877660
9.040017, -0.188779, -0.141127, 0.894135
9.060018, -0.207382, -0.145181, 0.906797
9.080018, -0.174702, -0.148326, 0.869428
9.100019, -0.149372, -0.245191, 0.887810
9.120019, -0.129918, -0.177937, 0.902014
9.140019, -0.114983, -0.126373, 0.912731
9.160020, -0.150750, -0.180815, 0.968201
9.180020, -0.225225, -0.081392, 0.916654
9.200021, -0.235257, -0.005211, 0.829768
9.220021, -0.242982, -0.087960, 0.904442
9.240022, -0.201801, -0.057192, 0.867347
9.260022, -0.170452, -0.269129, 0.886019
9.280023, -0.193214, -0.054978, 0.900602
9.300023, -0.210736, -0.031645, 0.911792
9.320024, -0.271571, 0.033296, 0.873292
9.340024, -0.318178, 0.036182, 0.890430
9.360024, -0.259942, 0.085435, 0.903935
9.380025, -0.214810, 0.076142, 0.914322
9.400025, -0.227390, 0.021830, 0.969453
9.420026, -0.189821, 0.027460, 1.012002
9.440026, -0.161106, -0.015469, 0.997333
9.460027, -0.186161, -0.048499, 0.986303
9.480027, -0.205427, -0.073866, 0.977589
9.500028, -0.173102, -0.093483, 0.923744
9.520028, -0.242463, -0.061431, 0.882454
9.540029, -0.201421, -0.083887, 0.897681
9.560029, -0.217262, -0.101072, 0.956554
9.580029, -0.182092, -0.067044, 0.954847
9.600030, -0.155136, -0.088305, 0.953323
9.620030, -0.181321, -0.104918, 0.952455
9.640031, -0.201794, 0.024375, 0.904329
9.660031, -0.217401, 0.029163, 0.914554
9.680032, -0.229303, 0.080266, 0.875501
9.700032, -0.191642, 0.024921, 0.845394
9.720033, -0.209349, 0.076867, 0.916276
9.740033, -0.223431, 0.258379, 0.876666
9.760034, -0.234102, 0.209365, 0.893434
9.780034, -0.194947, 0.171598, 1.047638
9.800035, -0.165107, 0.142418, 1.402139
9.820035, -0.141864, 0.072853, 1.344756
9.840035, -0.124287, 0.113493, 1.206242
9.860036, -0.157722, 0.192109, 1.146802
9.880036, -0.183353, 0.111114, 1.054099
9.900037, -0.156004, 0.048877, 1.171586
9.920037, -0.182072, -0.046024, 1.120459
9.940038, -0.249368, -0.071935, 1.080766
9.960038, -0.206812, -0.092114, 0.625958
9.980039, -0.127038, -0.060320, 0.747608
10.000039, -0.160067, -0.035800, 0.747009
10.020040, -0.185196, 0.030141, 0.793626
10.040040, -0.204687, -0.013610, 0.829352
10.060040, -0.219732, 0.047136, 0.904000
10.080041, -0.184102, -0.000538, 0.867157
10.100041, -0.203829, -0.037012, 0.885993
10.120042, -0.171985, -0.065214, 0.900522
10.140042, -0.194591, -0.086624, 0.864745
10.160043, -0.164840, -0.008969, 0.789800
10.180043, -0.189056, 0.569473, 0.779471
10.200044, -0.160493, 0.448696, 0.865653
10.220044, -0.138563, 0.402614, 0.931978
10.240045, -0.168770, 0.367422, 0.983216
10.260045, -0.144875, 0.293256, 1.022634
10.280046, -0.220636, 0.283245, 2.137571
10.300046, -0.090713, 0.275523, 1.863362
10.320046, -0.131941, 0.222096, 1.604885
10.340047, -0.163550, 0.228453, 1.453560
10.360047, -0.140791, 0.186293, 1.384340
10.380048, -0.264842, 0.153788, 1.283790
10.400048, -0.218668, 0.128738, 1.253565
10.420049, -0.230389, 0.062274, 1.277861
10.440049, -0.286784, 0.011128, 1.249130
10.460050, -0.235746, 0.019081, 1.274253
10.480050, -0.243587, 0.072387, 1.152253
10.500051, -0.202409, 0.066213, 1.058394
10.520051, -0.218016, 0.061472, 0.938736
10.540051, -0.229905, 0.010718, 0.893989
10.560052, -0.238881, -0.028145, 0.812276
10.580052, -0.293379, 0.035939, 0.230693
10.600053, -0.240719, 0.132306, 0.349231
10.620053, -0.152926, 0.064923, 0.534859
10.640054, -0.132560, 0.107518, 0.583246
10.660054, -0.117005, -0.001295, 0.667844
10.680055, -0.105254, 0.009775, 0.780056
10.700055, -0.048764, 0.065257, 0.819290
10.720056, -0.052316, 0.060750, 0.801851
10.740056, -0.055404, -0.037276, 0.930012
10.760056, -0.104955, -0.537042, 0.981585
10.780057, -0.095602, -0.496944, 1.068338
10.800057, -0.088582, -0.371794, 1.088119
10.820058, -0.130119, -0.275436, 1.056013
10.840058, -0.162439, -0.201348, 1.031321
10.860059, -0.092940, -0.191366, 1.059418
10.880059, -0.086583, -0.042498, 1.081141
10.900060, -0.081594, -0.021988, 0.956176
10.920060, -0.124996, -0.006285, 1.001672
10.940061, -0.064077, -0.041467, 1.083700
10.960061, -0.017164, -0.068640, 1.052493
10.980062, -0.028138, -0.042156, 1.028840
11.000062, 0.010790, 0.025289, 1.104832
11.020062, -0.053723, -0.017281, 1.021524
11.040063, -0.103693, 0.044504, 1.004612
11.060063, -0.188943, 0.044697, 0.991986
11.080064, -0.160511, -0.002464, 0.981884
11.100064, -0.138363, -0.038580, 0.927288
11.120065, -0.121288, 0.075101, 0.979511
11.140065, -0.061396, 0.068317, 0.925467
11.160066, -0.109382, 0.063113, 0.836316
11.180066, -0.099178, 0.011514, 0.815186
11.200067, -0.044093, 0.160767, 0.846293
11.220067, -0.049059, 0.134185, 0.869493
11.240067, -0.005627, 0.208199, 0.887585
11.260068, -0.066404, 0.217456, 0.807634
11.280068, -0.066031, 0.177725, 0.840249
11.300069, -0.065645, 0.099970, 0.912580
11.320069, -0.112666, -0.007036, 1.015257
11.340070, -0.101819, 0.052562, 1.047135
11.360070, -0.093291, 0.097990, 1.071614
11.380071, -0.181181, 0.085613, 1.043319
11.400071, -0.201606, 0.076579, 1.068641
11.420072, -0.217299, 0.069364, 0.899596
11.440072, -0.135109, 0.063857, 0.910614
11.460073, -0.118912, 0.106505, 0.966431
11.480073, 0.034839, 0.092401, 1.009352
11.500073, 0.011894, 0.034381, 1.089737
11.520074, -0.053082, 0.036997, 0.962918
11.540074, -0.055977, 0.039204, 0.912694
11.560075, -0.058098, -0.053710, 0.920901
11.580075, -0.059583, 0.016297, 0.927314
11.600076, -0.060741, 0.023275, 0.932446
11.620076, -0.061617, 0.075601, 0.889046
11.640077, -0.109768, 0.068859, 0.950116
11.660077, -0.052474, 0.110361, 0.949886
11.680078, -0.055427, 0.142676, 0.949546
11.700078, -0.057727, 0.120316, 0.949029
11.720078, -0.153790, 0.102881, 0.949167
11.740079, -0.180688, 0.089558, 0.949106
11.760079, -0.154382, 0.079518, 0.996226
11.780080, -0.086794, 0.071699, 0.938114
11.800080, -0.034565, 0.112683, 0.987723
11.820081, -0.041871, 0.144350, 1.025803
11.840081, -0.047241, 0.121234, 1.102457
11.860082, -0.051382, 0.056468, 1.114246
11.880082, -0.101973, 0.053722, 1.028778
11.900083, -0.093517, 0.051864, 0.963385
11.920083, -0.134086, 0.003187, 0.960077
11.940084, -0.118052, 0.012833, 1.004821
11.960084, -0.200096, -0.026876, 0.991790
11.980084, -0.215916, -0.010175, 0.934715
12.000085, -0.228128, 0.049949, 0.890858
12.020085, -0.143349, 0.142972, 0.904057
12.040086, -0.172398, 0.073271, 0.867476
12.060086, -0.147844, 0.161251, 0.933609
12.080087, -0.128811, 0.181711, 0.937112
12.100087, -0.161319, 0.197429, 0.845213
12.120088, -0.139286, 0.115227, 0.869013
12.140088, -0.216615, 0.098915, 0.887551
12.160089, -0.134350, 0.086428, 0.949012
12.180089, -0.212752, 0.029851, 0.996433
12.200089, -0.178640, -0.013612, 0.938027
12.220090, -0.152548, -0.047340, 0.893413
12.240090, -0.132507, 0.068491, 0.906330
12.260091, -0.117059, 0.016020, 0.963519
12.280091, -0.152309, -0.071639, 0.866037
12.300092, -0.085011, -0.044808, 0.885120
12.320092, -0.080509, 0.023250, 0.852667
12.340093, -0.124190, 0.122795, 0.827746
12.360093, -0.110440, -0.083704, 0.808571
12.380094, -0.099822, -0.148310, 0.840932
12.400094, -0.091872, -0.009048, 0.724338
12.420094, -0.132912, 0.050658, 0.823497
12.440095, -0.117360, 0.096537, 0.852652
12.460095, -0.105279, -0.009789, 0.969077
12.480096, -0.143173, 0.050012, 0.964448
12.500096, -0.077911, 0.096011, 0.960877
12.520097, -0.074822, 0.084289, 0.863484
12.540097, -0.072658, 0.311069, 0.977604
12.560098, -0.118032, 0.297059, 0.971180
12.580098, -0.059146, 0.239925, 0.919069
12.600099, -0.108199, 0.194873, 0.878883
12.620099, -0.144477, 0.112881, 0.989625
12.640100, -0.220433, -0.138760, 0.979820
12.660100, -0.326796, -0.142888, 0.925712
12.680100, -0.407531, -0.052272, 1.025860
12.700101, -0.422517, -0.077519, 0.866058
12.720101, -0.435160, -0.095946, 0.790950
12.740102, -0.491395, -0.251794, 0.969493
12.760102, -0.487112, 0.052220, 1.105743
12.780103, -0.577454, -0.090311, 1.069648
12.800103, -0.460306, -0.247644, 1.135983
12.820104, 0.290854, -0.274602, 1.045736
12.840104, 0.775163, -0.012203, 0.835193
12.860105, 1.240739, -0.093667, 0.860923
12.880105, 1.505030, -0.250119, 0.928455
12.900105, 1.755390, -0.653839, 0.886156
12.920106, 2.183556, -0.728581, 0.759191
12.940106, 2.749187, -0.832647, 0.803280
12.960107, 3.325825, -1.525672, 0.931021
12.980107, 3.580298, -1.729145, 0.840732
13.000108, 4.012177, -1.932801, 0.819149
13.020108, 4.343922, -2.326021, 0.801206
13.040109, 4.600000, -2.485385, 0.882539
13.060109, 5.078918, -2.703431, 0.850385
13.080110, 5.494526, -2.870845, 0.920951
13.100110, 5.720739, -2.999406, 0.975161
13.120111, 5.893600, -3.240567, 1.109967
13.140111, 6.546211, -3.519331, 1.167658
13.160111, 6.906984, -3.828642, 1.023239
13.180112, 7.183492, -3.925415, 1.005360
13.200112, 7.632825, -4.235495, 0.945251
13.220113, 7.883336, -4.521139, 1.040347
13.240113, 7.981625, -5.024037, 1.255284
13.260114, 8.010777, -5.552164, 1.184684
13.280114, 8.079865, -5.817114, 1.083005
13.300115, 8.274284, -5.926529, 1.051661
13.320115, 5.077199, -6.058234, 1.169368
13.340116, 5.682345, -6.488945, 1.023893
13.360116, 6.100484, -6.631872, 1.100796
13.380116, 6.516331, -6.930912, 1.066276
13.400117, 6.930543, -7.443508, 0.898132
13.420117, 7.154703, -7.790501, 0.721356
13.440118, 7.374138, -7.916156, 0.773303
13.460118, 7.260710, -8.531533, 0.767396
13.480119, 7.455637, -8.910841, 0.715116
13.500119, 7.370659, -9.202493, 0.816362
13.520120, 7.257579, -9.662417, 0.658025
13.540120, 7.170630, -10.110698, 0.772229
13.560121, 7.150871, -10.738600, 0.860259
13.580121, 7.088522, -11.221657, 1.022067
13.600121, 7.276421, -11.781796, 0.910977
13.620122, 7.232223, -12.401433, 0.966735
13.640122, 7.198401, -12.830795, 0.915594
13.660123, 7.360803, -13.491442, 1.064560
13.680123, 7.391203, -14.470834, 1.132303
13.700124, 7.321228, -14.988935, 0.853854
13.720124, 7.314147, -15.859518, 0.970225
13.740125, 7.544436, -17.000559, 1.201837
13.760125, 7.484824, -17.360252, 0.908464
13.780126, 7.297986, -18.013159, 0.681624
13.800126, 7.060713, -18.325842, 0.647804
13.820127, 6.689079, -18.709152, 0.621861
13.840127, 6.121294, -18.955231, 0.698694
13.860127, 5.634943, -18.958250, 1.039015
13.880128, 5.074700, -19.525370, 1.538163
13.900128, 4.596888, -20.151470, 2.061672
13.920129, 4.040298, -20.584305, 2.842302
13.940129, 3.184975, -20.681255, 3.491959
13.960130, 2.529572, -20.756105, 4.084419
13.980130, 2.026543, -21.239388, 4.679510
14.000131, 1.354539, -21.279091, 5.187412
14.020131, 0.697114, -21.311201, 5.907435
14.040132, 0.002872, -21.052542, 6.460587
14.060132, -1.332673, -21.182484, 7.028892
14.080132, -2.831718, -21.707970, 8.077919
14.100133, -4.266930, -22.063963, 8.790941
14.120133, -6.032017, -22.385889, 9.669632
14.140134, -7.578963, -22.776340, 10.582462
14.160134, -9.191323, -23.643112, 11.284780
14.180135, -10.763113, -24.119774, 12.436669
14.200135, -12.114498, -24.955765, 13.606237
14.220136, -13.389123, -25.130600, 14.977467
14.240136, -14.181721, -25.547712, 15.891439
14.260137, -15.119981, -26.101276, 16.877277
14.280137, -15.509719, -27.474358, 17.588329
14.300138, -15.622614, -28.529152, 18.512444
14.320138, -16.274775, -29.576092, 19.317995
14.340138, -16.210968, -30.240976, 19.937971
14.360139, -16.586985, -30.989199, 20.367399
14.380139, -17.348476, -31.139025, 21.122728
14.400140, -18.027962, -31.488415, 21.702284
14.420140, -18.785084, -31.568857, 22.194399
14.440141, -19.934612, -31.821301, 22.811913
14.460141, -20.487967, -31.967623, 23.522163
14.480142, -20.915432, -32.078758, 23.688828
14.500142, -21.383379, -32.353523, 23.959053
14.520143, -21.603609, -31.813025, 24.357664
14.540143, -22.288700, -32.056282, 24.474602
14.560143, -22.158283, -32.289852, 24.470579
14.580144, -22.622723, -32.610821, 24.607510
14.600144, -22.603617, -32.480877, 24.572519
14.620145, -22.730974, -32.098003, 24.404503
14.640145, -22.732698, -31.708138, 24.369358
14.660146, -22.782598, -31.268389, 24.294682
14.680146, -22.771702, -30.598972, 24.143251
14.700147, -22.718119, -30.508045, 24.309561
14.720147, -23.526018, -29.778198, 24.390541
14.740148, -24.003506, -28.698576, 23.934547
14.760148, -24.795610, -27.679598, 23.346714
14.780149, -26.820465, -26.516245, 23.084038
14.800149, -28.662445, -25.245821, 23.307669
14.820149, -29.604555, -23.515001, 23.007351
14.840150, -31.368593, -22.088247, 22.632767
14.860150, -33.859219, -20.423685, 22.392797
14.880151, -36.291279, -18.813416, 22.209970
14.900151, -38.727211, -17.574713, 21.830820
14.920152, -41.545597, -15.770569, 21.304214
14.940152, -44.184448, -14.383747, 20.428848
14.960153, -47.391418, -12.092947, 19.706572
14.980153, -50.190186, -10.328697, 18.774307
15.000154, -53.476139, -6.046180, 18.056858
15.020154, -56.518913, -1.999197, 16.844894
15.040154, -58.671227, 2.383979, 15.959792
15.060155, -60.658691, 6.419119, 14.949797
15.080155, -63.699017, 9.337947, 14.171982
15.100156, -65.042732, 13.841990, 12.959190
15.120156, -65.367805, 18.439568, 11.840199
15.140157, -67.224945, 23.251682, 10.976418
15.160157, -68.228729, 27.615349, 9.700318
15.180158, -68.951149, 30.498592, 8.482376
15.200158, -69.182144, 33.422482, 7.216293
15.220159, -69.969467, 36.523186, 6.290812
15.240159, -70.197350, 39.897060, 4.962534
15.260159, -69.334549, 43.436249, 4.177253
15.280160, -68.436234, 46.584625, 1.169077
15.300160, -67.510086, 49.429276, -1.287417
15.320161, -66.797508, 52.796158, -3.412518
15.340161, -65.211723, 55.904556, -6.037304
15.360162, -63.425606, 59.053246, -8.528296
15.380162, -61.628078, 61.427483, -11.247828
15.400163, -58.924000, 63.673206, -14.422523
15.420163, -56.230984, 68.045364, -17.524120
15.440164, -54.257259, 70.232590, -20.100191
15.460164, -51.229084, 72.147636, -23.405104
15.480165, -48.517597, 74.373787, -27.076679
15.500165, -46.249287, 77.036804, -31.221411
15.520165, -44.128712, 80.306908, -34.271259
15.540166, -41.498898, 84.518143, -37.460442
15.560166, -39.200497, 87.907814, -40.816029
15.580167, -36.679211, 92.395538, -44.623714
15.600167, -34.966785, 99.104187, -47.734306
15.620168, -31.869112, 103.982071, -51.268444
15.640168, -29.007214, 106.503380, -54.970985
15.660169, -27.182245, 110.899063, -57.818310
15.680169, -25.690208, 113.240883, -61.148056
15.700170, -21.470640, 115.705612, -64.643990
15.720170, -17.947945, 117.977852, -67.621902
15.740170, -15.045186, 119.156387, -70.383118
15.760171, -11.913584, 120.491989, -73.447678
15.780171, -8.854294, 121.327225, -75.952965
15.800172, -3.947084, 121.026443, -78.391212
15.820172, 0.960032, 120.565086, -81.121132
15.840173, 5.767298, 120.534126, -83.130165
15.860173, 9.893056, 120.036995, -85.511253
15.880174, 13.152020, 118.904785, -87.021111
15.900174, 16.798420, 117.986633, -88.752007
15.920175, 20.598553, 119.356689, -90.788406
15.940175, 24.405056, 119.556206, -93.064552
15.960176, 25.833023, 119.523933, -94.711304
15.980176, 28.296251, 120.159859, -96.034790
16.000175, 30.617674, 119.744576, -97.666534
16.020176, 32.642120, 118.917816, -99.006798
16.040176, 33.995049, 114.880180, -100.002304
16.060177, 34.533222, 115.266190, -101.793831
16.080177, 34.843792, 115.751633, -103.324074
16.100178, 34.380642, 115.557678, -104.821541
16.120178, 33.640713, 119.936981, -105.412132
16.140179, 32.937752, 119.719475, -107.653099
16.160179, 34.654537, 121.581436, -109.625237
16.180180, 36.407383, 124.953354, -111.838684
16.200180, 36.461910, 129.186340, -114.639465
16.220181, 36.158916, 131.423981, -115.635666
16.240181, 35.891525, 135.283005, -118.847656
16.260181, 31.813866, 138.203278, -123.629951
16.280182, 28.772329, 142.428421, -127.446823
16.300182, 31.505766, 149.766541, -131.350754
16.320183, 29.091719, 154.805328, -136.134659
16.340183, 30.446241, 160.525101, -140.276703
16.360184, 32.843670, 166.805756, -145.788651
16.380184, 33.131794, 171.494217, -150.550934
16.400185, 34.374969, 177.249969, -155.216385
16.420185, 36.690060, 195.352249, -159.189240
16.440186, 37.028023, 197.969559, -164.879730
16.460186, 35.895748, 200.194122, -168.906219
16.480186, 34.106251, 200.942245, -172.959671
16.500187, 30.836531, 213.494400, -175.890213
16.520187, 28.258997, 212.332062, -179.294861
16.540188, 24.386307, 221.009811, -181.728226
16.560188, 22.930355, 224.774887, -184.856613
16.580189, 18.462067, 224.075912, -186.839951
16.600189, 17.823620, 227.561890, -190.016830
16.620190, 18.851192, 236.718521, -192.874329
16.640190, 15.493204, 248.625305, -194.733932
16.660191, 13.092936, 257.222443, -195.919540
16.680191, 11.251805, 263.373932, -196.834259
16.700191, 9.686362, 268.001556, -197.982285
16.720192, 8.713833, 271.556946, -197.921722
16.740192, 7.640831, 274.862122, -197.724243
16.760193, 6.849630, 276.588135, -197.588913
16.780193, 6.237339, 277.861755, -197.396896
16.800194, 5.767027, 278.932800, -197.340103
16.820194, 5.436122, 279.215393, -197.262924
16.840195, 4.999592, 279.246674, -197.146896
16.860195, 4.583868, 279.047455, -196.951935
16.880196, 4.220603, 279.652283, -196.894653
16.900196, 3.905379, 280.135437, -196.787384
16.920197, 3.715563, 280.615051, -196.418411
16.940197, 3.559272, 280.082672, -196.237244
16.960197, 3.488610, 279.915619, -195.813171
16.980198, 3.376181, 279.771790, -195.314774
17.000198, 3.085824, 279.171387, -194.896545
17.020199, 2.820041, 278.707977, -194.570679
17.040199, 2.606685, 277.865387, -194.377563
17.060200, 2.404432, 276.988312, -193.887161
17.080200, 2.312176, 276.281586, -194.059982
17.100201, 2.241249, 275.696838, -194.097244
17.120201, 2.385101, 276.015930, -193.690033
17.140202, 2.311669, 275.513031, -193.703629
17.160202, 2.193010, 275.354309, -193.208969
17.180202, 1.965524, 275.047760, -193.013306
17.200203, 1.684352, 274.800385, -192.592041
17.220203, 1.593740, 274.637451, -191.342102
17.240204, 1.435672, 274.275482, -190.894150
17.260204, 1.259815, 272.806061, -190.605362
17.280205, 1.179545, 272.576599, -190.091003
17.300205, 0.852560, 271.710876, -189.724670
17.320206, 0.649747, 272.744598, -189.680847
17.340206, 0.550321, 273.323425, -189.535645
17.360207, 0.333145, 272.782990, -189.139633
17.380207, 0.292320, 272.353546, -188.665161
17.400208, 0.207925, 272.536499, -189.011780
17.420208, 0.122848, 271.520508, -189.062134
17.440208, 0.107680, 271.349274, -188.816299
17.460209, 0.065434, 269.485260, -188.849091
17.480209, -0.006933, 268.951233, -187.974579
17.500210, -0.042943, 268.191498, -187.042114
17.520210, -0.034376, 269.397797, -186.567108
17.540211, -0.039907, 268.806580, -186.164612
17.560211, -0.051860, 268.861938, -185.909058
17.580212, -0.082881, 267.602692, -185.832870
17.600212, -0.089783, 267.067169, -185.667679
17.620213, -0.128954, 265.672638, -185.058945
17.640213, -0.051908, 265.935150, -184.248627
17.660213, -0.076549, 266.916107, -183.888062
17.680214, -0.070282, 266.472839, -183.678162
17.700214, -0.112319, 266.131744, -183.186157
17.720215, -0.210302, 265.282166, -182.687225
17.740215, -0.251256, 264.281586, -182.270248
17.760216, -0.215654, 263.479797, -182.686295
17.780216, -0.183821, 262.485504, -182.722107
17.800217, -0.134076, 262.691406, -182.159363
17.820217, -0.141547, 262.953369, -182.096558
17.840218, -0.115870, 262.623322, -181.545166
17.860218, -0.099924, 262.603302, -180.981155
17.880219, -0.120067, 262.369232, -180.432419
17.900219, -0.223979, 262.660461, -180.101807
17.920219, -0.241883, 262.661865, -179.555237
17.940220, -0.191248, 262.196198, -179.221252
17.960220, -0.084363, 261.535400, -178.748993
17.980221, -0.024096, 261.533905, -178.637756
18.000221, -0.027438, 260.255493, -178.555237
18.020222, -0.102055, 259.584839, -177.612427
18.040222, -0.123593, 258.769531, -177.654541
18.060223, -0.113242, 256.888550, -177.526062
18.080223, -0.143965, 257.185822, -177.285843
18.100224, -0.145402, 257.159729, -176.888733
18.120224, -0.161675, 257.083435, -176.496216
18.140224, -0.092567, 257.058319, -175.971924
18.160225, -0.096458, 256.375183, -175.525787
18.180225, -0.068763, 256.584290, -175.342712
18.200226, -0.065564, 255.259796, -174.990067
18.220226, -0.007918, 255.469864, -174.809814
18.240227, -0.051188, 255.594711, -174.093399
18.260227, -0.096287, 254.743698, -174.018875
18.280228, -0.152938, 254.918381, -173.745438
18.300228, -0.190790, 254.257431, -173.387268
18.320229, -0.221122, 252.419891, -172.648697
18.340229, -0.169812, 252.775208, -172.011230
18.360229, -0.176229, 252.102478, -172.041306
18.380230, -0.100695, 252.522629, -171.502151
18.400230, -0.144060, 252.415436, -171.234573
18.420231, -0.096341, 251.895615, -170.712494
18.440231, -0.036953, 250.903702, -170.480728
18.460232, -0.038483, 251.128296, -170.448624
18.480232, -0.026057, 251.452530, -170.504318
18.500233, -0.130211, 250.886093, -170.136841
18.520233, -0.127852, 250.391479, -169.909210
18.540234, -0.166947, 249.924332, -169.447647
18.560234, -0.191403, 249.898560, -169.139130
18.580235, -0.140354, 249.428574, -168.502411
18.600235, -0.119406, 248.811279, -168.406601
18.620235, -0.109232, 248.145782, -168.050552
18.640236, -0.213638, 247.712280, -167.887299
18.660236, -0.227769, 247.725800, -167.606125
18.680237, -0.222190, 246.524155, -166.955231
18.700237, -0.217064, 246.304626, -166.451309
18.720238, -0.131207, 245.560654, -166.211990
18.740238, -0.137350, 245.201202, -165.765778
18.760239, -0.075884, 244.755066, -165.548752
18.780239, -0.113969, 244.181610, -165.190598
18.800240, -0.075917, 244.091125, -164.895035
18.820240, -0.025265, 243.902130, -164.923569
18.840240, -0.048283, 244.217331, -164.576309
18.860241, -0.070720, 243.278091, -164.457993
18.880241, -0.063868, 242.719788, -164.208588
18.900242, 0.050828, 242.162949, -163.485321
18.920242, 0.072808, 241.904312, -163.271286
18.940243, 0.072981, 241.691940, -162.598907
18.960243, 0.015434, 241.236542, -162.471085
18.980244, 0.053454, 240.494995, -162.251602
19.000244, -0.004339, 240.445023, -161.892593
19.020245, -0.050574, 240.402847, -160.666824
19.040245, -0.121955, 239.866638, -160.555069
19.060246, -0.169630, 238.756256, -160.793213
19.080246, -0.093319, 237.540695, -160.495453
19.100246, -0.109635, 237.614410, -159.967606
19.120247, -0.049137, 237.697968, -159.857559
19.140247, -0.121190, 237.505585, -159.507095
19.160248, -0.074963, 236.943710, -158.949585
19.180248, -0.016068, 235.916977, -158.505264
19.200249, -0.051899, 236.220566, -156.644165
19.220249, -0.108589, 236.613098, -156.931854
19.240250, -0.113667, 236.769699, -156.214600
19.260250, -0.109902, 235.815170, -155.708176
19.280251, -0.029090, 234.638260, -155.578140
19.300251, -0.033524, 234.652832, -155.727386
19.320251, -0.051409, 234.792603, -155.850403
19.340252, -0.072169, 234.046417, -155.339478
19.360252, -0.102479, 234.071762, -155.063278
19.380253, -0.129298, 233.754822, -154.854218
19.400253, -0.117012, 233.542786, -154.891861
19.420254, -0.127568, 232.608841, -155.076202
19.440254, -0.152682, 231.827545, -155.100235
19.460255, -0.165297, 232.032196, -154.833496
19.480255, -0.183598, 232.177002, -154.351868
19.500256, -0.176501, 231.746506, -153.764816
19.520256, -0.201492, 230.965591, -153.345169
19.540257, -0.155271, 230.803452, -153.010452
19.560257, -0.170370, 230.860336, -152.519485
19.580257, -0.161428, 231.255310, -152.210617
19.600258, -0.149429, 230.627914, -151.919632
