t_g, g1, g2, g3
0.000000, -5.697884, -5.836273, -5.928749
0.020000, -5.839285, -5.807746, -6.126736
0.040000, -5.527099, -6.208847, -6.060993
0.060000, -5.414038, -5.774751, -5.999462
0.080000, -5.765068, -5.677048, -6.107994
0.100000, -5.599342, -5.675076, -6.134263
0.120000, -5.839358, -5.464530, -6.210994
0.140000, -5.120687, -5.262301, -6.107651
0.160000, -5.729445, -5.751234, -6.113101
0.180000, -5.591419, -5.749352, -6.629303
0.200000, -5.900718, -5.553460, -6.063390
0.220000, -5.574187, -6.317279, -6.132237
0.240000, -5.445087, -5.670997, -6.279660
0.260000, -5.551124, -5.672757, -6.127229
0.280000, -5.415700, -5.641771, -6.158412
0.300000, -5.534024, -6.066514, -6.448459
0.320000, -5.514452, -5.630288, -6.325792
0.340000, -5.920827, -5.950854, -6.535657
0.360000, -5.536167, -5.800200, -6.463739
0.380000, -9.810000, 0.000000, 0.000000
0.400000, -9.719825, -0.111774, -0.120548
0.420000, -9.645061, -0.220790, -0.237523
0.440000, -9.565412, -0.334930, -0.353963
0.460000, -9.489876, -0.444493, -0.470931
0.480000, -9.418505, -0.559913, -0.578745
0.500000, -9.347925, -0.664682, -0.682512
0.520000, -9.268653, -0.765388, -0.788985
0.540000, -9.191243, -0.869127, -0.899796
0.560000, -9.118206, -0.964870, -0.996460
0.580000, -9.047264, -1.058547, -1.100283
0.600000, -8.979949, -1.151564, -1.203755
0.620000, -8.908809, -1.240414, -1.300203
0.640000, -3.184588, 4.510332, 4.791918
0.660000, -3.114359, 4.415242, 4.696856
0.680000, -3.054150, 4.329087, 4.602046
0.700000, -2.992759, 4.246104, 4.515703
0.720000, -2.930105, 4.161060, 4.430321
0.740000, -2.868385, 4.084176, 4.342942
0.760000, -2.817345, 3.998935, 4.263930
0.780000, -2.758818, 3.918450, 4.179717
0.800000, -2.701692, 3.836710, 4.097404
0.820000, -2.649916, 3.749624, 4.014435
0.840000, -2.601706, 3.678224, 3.930962
0.860000, -2.543498, 3.607819, 3.850732
0.880000, -2.496765, 3.543280, 3.780482
0.900000, -2.453076, 3.469673, 3.707350
0.920000, -2.401392, 3.400771, 3.638463
0.940000, -2.355587, 3.333600, 3.573831
0.960000, -2.308513, 3.267866, 3.506635
0.980000, -2.265406, 3.208515, 3.437328
1.000000, -2.219609, 3.144078, 3.367635
1.020000, -2.169991, 3.089014, 3.301979
1.040000, -2.125141, 3.029392, 3.236701
1.060000, -2.082502, 2.968000, 3.177784
1.080000, -2.039587, 2.907130, 3.114059
1.100000, -1.995696, 2.845203, 3.050106
1.120000, -1.958115, 2.794231, 2.984006
1.140000, -1.921746, 2.739367, 2.923445
1.159999, -1.885611, 2.684440, 2.877119
1.179999, -1.845864, 2.628530, 2.820158
1.199999, -1.803580, 2.578166, 2.762869
1.219999, -1.770566, 2.530773, 2.705948
1.239999, -1.736112, 2.478554, 2.653781
1.259999, -1.696318, 2.428890, 2.602958
1.279999, -1.662398, 2.377784, 2.550609
1.299999, -1.628090, 2.327785, 2.493233
1.319999, -1.599635, 2.280382, 2.438108
1.339999, -1.570907, 2.231811, 2.387571
1.359999, -1.537590, 2.179907, 2.343832
1.379999, -1.507132, 2.130927, 2.296506
1.399999, -1.473880, 2.078602, 2.252779
1.419999, -1.449125, 2.029398, 2.207542
1.439999, -1.422614, 1.992534, 2.167197
1.459999, -1.394812, 1.953646, 2.125639
1.479999, -1.367502, 1.915439, 2.081787
1.499999, -1.336377, 1.879564, 2.045723
1.519999, -1.309564, 1.850054, 2.010680
1.539999, -1.284845, 1.816404, 1.966494
1.559999, -1.259446, 1.787503, 1.933803
1.579999, -1.241198, 1.751439, 1.896344
1.599999, -1.218289, 1.729576, 1.860317
1.619999, -1.193170, 1.696187, 1.825502
1.639999, -1.169039, 1.666949, 1.792832
1.659999, -1.145286, 1.636723, 1.762217
1.679999, -1.120385, 1.610063, 1.720804
1.699999, -1.090509, 1.575484, 1.688365
1.719999, -1.069808, 1.540687, 1.657623
1.739999, -1.044307, 1.509517, 1.621660
1.759999, -1.020676, 1.486822, 1.590819
1.779999, -1.003812, 1.457860, 1.553652
1.799999, -0.981117, 1.433447, 1.512360
1.819999, -0.960946, 1.402729, 1.475375
1.839999, -0.937862, 1.377143, 1.448824
1.859999, -0.923945, 1.349327, 1.420982
1.879999, -0.906216, 1.325064, 1.398368
1.899999, -0.892933, 1.295810, 1.374939
1.919999, -0.878747, 1.270432, 1.348011
1.939999, -0.857127, 1.244871, 1.324281
1.959999, -0.839271, 1.226404, 1.296255
1.979999, -0.817771, 1.200155, 1.270578
1.999999, -0.804486, 1.171247, 1.246453
2.019999, -0.788472, 1.148980, 1.224653
2.039999, -0.774568, 1.122768, 1.202096
2.059999, -0.758310, 1.107036, 1.177944
2.079999, -0.746398, 1.083090, 1.149125
2.099999, -0.730978, 1.060242, 1.128510
2.119999, -0.710672, 1.037867, 1.100193
2.139999, -0.697492, 1.020383, 1.075134
2.159999, -0.680050, 1.003145, 1.049672
2.179999, -0.671997, 0.982570, 1.033386
2.199999, -0.652743, 0.962110, 1.016081
2.219999, -0.637384, 0.944624, 0.998374
2.239999, -0.621369, 0.920879, 0.979353
2.259999, -0.607665, 0.894729, 0.959263
2.279999, -0.599451, 0.878842, 0.937528
2.299999, -0.590003, 0.866074, 0.920066
2.319999, -0.574089, 0.850819, 0.902035
2.339998, -0.565249, 0.834665, 0.888959
2.359998, -0.559143, 0.816062, 0.874702
2.379998, -0.549054, 0.797493, 0.861564
2.399998, -0.538665, 0.783623, 0.842419
2.419998, -0.526503, 0.766114, 0.825375
2.439998, -0.512125, 0.750813, 0.815078
2.459998, -0.500725, 0.736531, 0.803556
2.479998, -0.495717, 0.724935, 0.793200
2.499998, -0.483220, 0.715150, 0.774676
2.519998, -0.470030, 0.699177, 0.757114
2.539998, -0.462167, 0.686803, 0.750800
2.559998, -0.454661, 0.675040, 0.734090
2.579998, -0.445829, 0.666993, 0.719773
2.599998, -0.435657, 0.662531, 0.701571
2.619998, -0.425417, 0.656490, 0.684373
2.639998, -0.421120, 0.641028, 0.670894
2.659998, -0.409617, 0.628994, 0.654283
2.679998, -0.394778, 0.616761, 0.638455
2.699998, -0.386618, 0.607808, 0.626016
2.719998, -0.380118, 0.598313, 0.610965
2.739998, -0.373180, 0.589690, 0.598984
2.759998, -0.361155, 0.582511, 0.585932
2.779998, -0.352936, 0.574996, 0.574874
2.799998, -0.348145, 0.564692, 0.562968
2.819998, -0.341802, 0.558488, 0.555582
2.839998, -0.339244, 0.549201, 0.538321
2.859998, -0.328558, 0.538189, 0.526798
2.879998, -0.327876, 0.525159, 0.522599
2.899998, -0.316632, 0.510418, 0.510201
2.919998, -0.308618, 0.501699, 0.503005
2.939998, -0.305466, 0.495632, 0.496923
2.959998, -0.296425, 0.485676, 0.490852
2.979998, -0.295183, 0.482074, 0.483914
2.999998, -0.286518, 0.469218, 0.477194
3.019998, -0.278598, 0.460985, 0.466099
3.039998, -0.274362, 0.462272, 0.458443
3.059998, -0.266247, 0.457346, 0.448915
3.079998, -0.257863, 0.451499, 0.442414
3.099998, -0.251885, 0.441251, 0.436602
3.119998, -0.238140, 0.431180, 0.432159
3.139998, -0.232303, 0.417702, 0.421381
3.159998, -0.225821, 0.406815, 0.415896
3.179998, -0.221639, 0.403836, 0.412893
3.199998, -0.213963, 0.401695, 0.400332
3.219998, -0.210282, 0.393796, 0.393093
3.239998, -0.205210, 0.384141, 0.383214
3.259998, -0.206111, 0.377185, 0.371360
3.279998, -0.194270, 0.365509, 0.371562
3.299998, -0.193706, 0.358820, 0.362522
3.319998, -0.186202, 0.354177, 0.360785
3.339998, -0.180356, 0.356950, 0.350850
3.359998, -0.177221, 0.352549, 0.347055
3.379997, -0.179633, 0.352253, 0.342319
3.399997, -0.174425, 0.346693, 0.330872
3.419997, -0.166342, 0.333995, 0.327326
3.439997, -0.157475, 0.327885, 0.315017
3.459997, -0.155786, 0.320176, 0.308881
3.479997, -0.149021, 0.314666, 0.305168
3.499997, -0.153161, 0.308624, 0.302005
3.519997, -0.149131, 0.305065, 0.295063
3.539997, -0.149702, 0.301597, 0.293536
3.559997, -0.142820, 0.297919, 0.280000
3.579997, -0.144845, 0.291476, 0.274341
3.599997, -0.137416, 0.282677, 0.264453
3.619997, -0.132842, 0.275073, 0.264467
3.639997, -0.131127, 0.259261, 0.257245
3.659997, -0.129256, 0.255029, 0.253788
3.679997, -0.125747, 0.246030, 0.243108
3.699997, -0.120317, 0.235719, 0.236982
3.719997, -0.111330, 0.239724, 0.237987
3.739997, -0.106307, 0.231342, 0.236309
3.759997, -0.104211, 0.237562, 0.227303
3.779997, -0.106933, 0.234501, 0.221317
3.799997, -0.101696, 0.232334, 0.215536
3.819997, -0.098837, 0.231944, 0.210935
3.839997, -0.098665, 0.223432, 0.210467
3.859997, -0.097662, 0.219236, 0.206388
3.879997, -0.088962, 0.218604, 0.200717
3.899997, -0.088294, 0.222126, 0.197408
3.919997, -0.089512, 0.220409, 0.193962
3.939997, -0.094036, 0.222322, 0.196265
3.959997, -0.091816, 0.219962, 0.191365
3.979997, -0.091806, 0.219611, 0.187426
3.999997, -0.087492, 0.219493, 0.188131
4.019997, -0.081012, 0.217719, 0.187871
4.039997, -0.080667, 0.214448, 0.190925
4.059997, -0.077062, 0.209473, 0.187558
4.079997, -0.074077, 0.201311, 0.189320
4.099997, -0.068543, 0.196433, 0.183276
4.119997, -0.064628, 0.194343, 0.185906
4.139997, -0.065101, 0.192907, 0.180096
4.159997, -0.061628, 0.189555, 0.178366
4.179997, -0.066267, 0.185055, 0.176030
4.199997, -0.066758, 0.185440, 0.168087
4.219997, -0.072072, 0.184063, 0.164698
4.239997, -0.071722, 0.182375, 0.160503
4.259997, -0.062986, 0.182205, 0.154943
4.279997, -0.059272, 0.176286, 0.149961
4.299997, -0.053138, 0.172763, 0.152653
4.319997, -0.053457, 0.172203, 0.150034
4.339997, -0.055397, 0.168457, 0.145763
4.359997, -0.048501, 0.166072, 0.146867
4.379997, -0.040595, 0.165247, 0.141015
4.399997, -0.034544, 0.155390, 0.143031
4.419997, -0.035110, 0.158720, 0.147128
4.439997, -0.037845, 0.160419, 0.143075
4.459997, -0.038323, 0.160218, 0.142663
4.479997, -0.036227, 0.157367, 0.143350
4.499997, -0.030126, 0.161560, 0.139511
4.519997, -0.028552, 0.158193, 0.132203
4.539997, -0.027932, 0.151460, 0.124234
4.559997, -0.026001, 0.150970, 0.120374
4.579997, -0.022552, 0.142345, 0.116997
4.599997, -0.022681, 0.138530, 0.112077
4.619997, -0.026095, 0.134801, 0.110608
4.639997, -0.030789, 0.136502, 0.110998
4.659997, -0.029979, 0.131172, 0.109409
4.679996, -0.038244, 0.131190, 0.108383
4.699996, -0.034357, 0.132010, 0.115403
4.719996, -0.038953, 0.127514, 0.117617
4.739996, -0.039933, 0.123102, 0.121161
4.759996, -0.037689, 0.119929, 0.124099
4.779996, -0.036538, 0.123687, 0.121238
4.799996, -0.034282, 0.124642, 0.125297
4.819996, -0.030560, 0.127182, 0.118972
4.839996, -0.031583, 0.121514, 0.121882
4.859996, -0.030298, 0.122604, 0.117222
4.879996, -0.030162, 0.120272, 0.117556
4.899996, -0.025500, 0.122662, 0.117447
4.919996, -0.023014, 0.117776, 0.114740
4.939996, -0.019437, 0.114679, 0.106838
4.959996, -0.022231, 0.115816, 0.103697
4.979996, -0.018589, 0.114510, 0.100911
4.999996, -0.017267, 0.113604, 0.098988
5.019996, -0.016026, 0.111545, 0.102631
5.039996, -0.014993, 0.110942, 0.101124
5.059996, -0.011434, 0.106804, 0.101284
5.079996, -0.008373, 0.102419, 0.104175
5.099996, -0.007020, 0.098858, 0.110285
5.119996, -0.000811, 0.099053, 0.109337
5.139996, 0.005496, 0.094389, 0.111465
5.159996, 0.007878, 0.094488, 0.109805
5.179996, 0.003531, 0.098861, 0.106795
5.199996, 0.001394, 0.098530, 0.106632
5.219996, -0.000335, 0.094613, 0.098177
5.239996, -0.002441, 0.098760, 0.095535
5.259996, -0.008126, 0.096154, 0.101317
5.279996, -0.004164, 0.096913, 0.106023
5.299996, -0.003003, 0.099400, 0.105574
5.319996, -0.000589, 0.102644, 0.101841
5.339996, -0.003624, 0.103750, 0.100523
5.359996, 0.000829, 0.107897, 0.098128
5.379996, -0.006094, 0.107904, 0.101008
5.399996, -0.011681, 0.106532, 0.098771
5.419996, -0.007404, 0.107432, 0.090711
5.439996, -0.002092, 0.106027, 0.086862
5.459996, -0.002923, 0.106974, 0.081890
5.479996, -0.001444, 0.114166, 0.075399
5.499996, 0.002500, 0.109038, 0.075922
5.519996, 0.003350, 0.105731, 0.072327
5.539996, -0.002217, 0.106532, 0.074002
5.559996, -0.001765, 0.108252, 0.070616
5.579996, 0.000285, 0.101387, 0.065374
5.599996, 0.006157, 0.096470, 0.072632
5.619996, 0.010064, 0.099218, 0.078130
5.639996, 0.010935, 0.096211, 0.078843
5.659996, 0.015739, 0.091827, 0.075023
5.679996, 0.020292, 0.085792, 0.082441
5.699996, 0.021511, 0.091012, 0.086627
5.719995, 0.024466, 0.091274, 0.082088
5.739995, 0.031336, 0.085157, 0.077467
5.759995, 0.033473, 0.083445, 0.082469
5.779995, 0.028231, 0.088786, 0.083306
5.799995, 0.028847, 0.092886, 0.080947
5.819995, 0.025256, 0.092014, 0.080317
5.839995, 0.019164, 0.092731, 0.080559
5.859995, 0.013861, 0.088459, 0.077841
5.879995, 0.013298, 0.094505, 0.081293
5.899995, 0.009272, 0.094151, 0.085803
5.919995, 0.012526, 0.088452, 0.086730
5.939995, 0.016956, 0.079410, 0.089679
5.959995, 0.019198, 0.067902, 0.091564
5.979995, 0.014830, 0.068233, 0.092312
5.999995, 0.008283, 0.065106, 0.082632
6.019995, 0.009347, 0.055623, 0.087041
6.039995, 0.010409, 0.055907, 0.092888
6.059995, 0.011510, 0.060024, 0.086921
6.079995, 0.014098, 0.062369, 0.088425
6.099995, 0.015409, 0.067963, 0.091483
6.119995, 0.008025, 0.066259, 0.088539
6.139995, 0.005961, 0.067128, 0.090803
6.159995, 0.003679, 0.064880, 0.094307
6.179995, 0.001944, 0.062696, 0.093364
6.199995, 0.003963, 0.066551, 0.091668
6.219995, 0.003472, 0.071275, 0.092467
6.239995, 0.001661, 0.071614, 0.085394
6.259995, 0.000614, 0.075384, 0.084280
6.279995, 0.005482, 0.076724, 0.085536
6.299995, 0.000278, 0.077656, 0.083014
6.319995, 0.001131, 0.073018, 0.084566
6.339995, 0.008338, 0.074344, 0.091338
6.359995, 0.006652, 0.068060, 0.095522
6.379995, 0.006887, 0.076898, 0.092227
6.399995, 0.009578, 0.076575, 0.088886
6.419995, 0.014438, 0.077351, 0.084054
6.439995, 0.021107, 0.078011, 0.081875
6.459995, 0.022106, 0.076408, 0.082549
6.479995, 0.016267, 0.074347, 0.088003
6.499995, 0.019866, 0.072398, 0.081276
6.519995, 0.021849, 0.071964, 0.084313
6.539995, 0.026599, 0.067033, 0.087560
6.559995, 0.032674, 0.070264, 0.078353
6.579995, 0.032801, 0.073567, 0.078168
6.599995, 0.035451, 0.081436, 0.076784
6.619995, 0.033783, 0.078301, 0.074333
6.639995, 0.032217, 0.077566, 0.069358
6.659995, 0.026567, 0.074901, 0.070122
6.679995, 0.024893, 0.074337, 0.072178
6.699995, 0.026044, 0.079201, 0.075225
6.719995, 0.025958, 0.085205, 0.077321
6.739995, 0.028762, 0.081687, 0.069141
6.759995, 0.029451, 0.083473, 0.070038
6.779994, 0.026538, 0.089683, 0.066013
6.799994, 0.025853, 0.085115, 0.063142
6.819994, 0.024882, 0.088053, 0.063449
6.839994, 0.030661, 0.089342, 0.065193
6.859994, 0.032815, 0.084988, 0.063823
6.879994, 0.037999, 0.084286, 0.064927
6.899994, 0.039901, 0.076715, 0.067161
6.919994, 0.044917, 0.072389, 0.068213
6.939994, 0.047145, 0.078944, 0.071681
6.959994, 0.050351, 0.080414, 0.071752
6.979994, 0.050823, 0.085202, 0.068175
6.999994, 0.057375, 0.088952, 0.067591
7.019994, 0.059037, 0.087584, 0.065731
7.039994, 0.055994, 0.088314, 0.063023
7.059994, 0.057852, 0.089681, 0.063187
7.079994, 0.060191, 0.088778, 0.063597
7.099994, 0.064157, 0.090301, 0.063018
7.119994, 0.067833, 0.090175, 0.068055
7.139994, 0.070618, 0.088294, 0.065590
7.159994, 0.070325, 0.083708, 0.060991
7.179994, 0.074772, 0.085497, 0.054206
7.199994, 0.074908, 0.082110, 0.058040
7.219994, 0.070465, 0.085590, 0.057569
7.239994, 0.071432, 0.092096, 0.055843
7.259994, 0.070438, 0.089881, 0.057899
7.279994, 0.073431, 0.087645, 0.061288
7.299994, 0.070114, 0.088844, 0.066927
7.319994, 0.067114, 0.087210, 0.066031
7.339994, 0.061060, 0.089002, 0.062202
7.359994, 0.064408, 0.093020, 0.058226
7.379994, 0.068010, 0.097689, 0.059694
7.399994, 0.069465, 0.090419, 0.063362
7.419994, 0.070506, 0.090508, 0.063728
7.439994, 0.064793, 0.088495, 0.066787
7.459994, 0.063812, 0.079279, 0.060249
7.479994, 0.058569, 0.074692, 0.059420
7.499994, 0.061376, 0.078562, 0.060094
7.519994, 0.064758, 0.080624, 0.062590
7.539994, 0.065961, 0.077411, 0.063769
7.559994, 0.062676, 0.073921, 0.068944
7.579994, 0.062072, 0.073582, 0.064625
7.599994, 0.065428, 0.074295, 0.061943
7.619994, 0.066328, 0.072459, 0.056977
7.639994, 0.069022, 0.074617, 0.057638
7.659994, 0.063517, 0.075178, 0.055585
7.679994, 0.064319, 0.076263, 0.058667
7.699994, 0.062434, 0.073255, 0.053941
7.719994, 0.062984, 0.072483, 0.049031
7.739994, 0.061432, 0.064466, 0.051424
7.759994, 0.062795, 0.059491, 0.053832
7.779994, 0.060348, 0.064799, 0.050908
7.799994, 0.060171, 0.067414, 0.049804
7.819993, 0.056697, 0.063191, 0.049884
7.839993, 0.053683, 0.061058, 0.048032
7.859993, 0.055664, 0.059321, 0.043569
7.879993, 0.057028, 0.068955, 0.045757
7.899993, 0.055923, 0.066988, 0.045281
7.919993, 0.050138, 0.067427, 0.045291
7.939993, 0.052071, 0.069716, 0.043007
7.959993, 0.049145, 0.066222, 0.047539
7.979993, 0.047322, 0.072660, 0.048408
7.999993, 0.055226, 0.075563, 0.049843
8.019994, 0.052003, 0.076301, 0.048533
8.039994, 0.059100, 0.076717, 0.046169
8.059995, 0.058609, 0.071524, 0.048666
8.079995, 0.055720, 0.066427, 0.046078
8.099996, 0.055693, 0.070466, 0.052425
8.119996, 0.054506, 0.069207, 0.048348
8.139997, 0.055007, 0.063063, 0.051337
8.159997, 0.057476, 0.059121, 0.048525
8.179997, 0.049758, 0.056796, 0.047545
8.199998, 0.051643, 0.056396, 0.048726
8.219998, 0.054197, 0.059974, 0.049333
8.239999, 0.055829, 0.060039, 0.049743
8.259999, 0.051875, 0.064513, 0.041851
8.280000, 0.049975, 0.066184, 0.044805
8.300000, 0.042495, 0.067577, 0.042699
8.320001, 0.041159, 0.066026, 0.039859
8.340001, 0.039827, 0.064348, 0.039083
8.360002, 0.041093, 0.060393, 0.044392
8.380002, 0.038462, 0.059367, 0.039474
8.400002, 0.034206, 0.057549, 0.040194
8.420003, 0.032111, 0.053793, 0.038692
8.440003, 0.035697, 0.057410, 0.041398
8.460004, 0.038177, 0.061802, 0.036633
8.480004, 0.039394, 0.057105, 0.036757
8.500005, 0.038443, 0.056239, 0.031642
8.520005, 0.045756, 0.056265, 0.044652
8.540006, 0.047420, 0.052427, 0.049226
8.560006, 0.048108, 0.051477, 0.048363
8.580007, 0.057323, 0.051689, 0.043189
8.600007, 0.058302, 0.052806, 0.036616
8.620008, 0.060256, 0.058668, 0.034378
8.640008, 0.055895, 0.055718, 0.038169
8.660008, 0.058424, 0.058177, 0.039289
8.680009, 0.054783, 0.055121, 0.028219
8.700009, 0.052736, 0.056913, 0.026593
8.720010, 0.054181, 0.054448, 0.019348
8.740010, 0.049477, 0.051143, 0.016135
8.760011, 0.050523, 0.052505, 0.013449
8.780011, 0.044692, 0.050461, 0.015493
8.800012, 0.043121, 0.052613, 0.014923
8.820012, 0.046843, 0.055400, 0.013429
8.840013, 0.045544, 0.053751, 0.016299
8.860013, 0.046031, 0.045193, 0.011387
8.880013, 0.047369, 0.041136, 0.010607
8.900014, 0.046476, 0.042735, 0.014041
8.920014, 0.049271, 0.037958, 0.009090
8.940015, 0.044507, 0.041237, 0.004700
8.960015, 0.050108, 0.039354, 0.006290
8.980016, 0.051320, 0.039106, 0.008065
9.000016, 0.054188, 0.042304, 0.010608
9.020017, 0.050450, 0.048069, 0.012061
9.040017, 0.048929, 0.047752, 0.015896
9.060018, 0.054153, 0.049361, 0.012233
9.080018, 0.049581, 0.046180, 0.016267
9.100019, 0.050239, 0.044730, 0.007829
9.120019, 0.053792, 0.047395, 0.008170
9.140019, 0.052889, 0.047162, 0.002080
9.160020, 0.051767, 0.043422, 0.007950
9.180020, 0.053723, 0.040537, 0.009667
9.200021, 0.057099, 0.043367, 0.013016
9.220021, 0.063097, 0.039717, 0.013701
9.240022, 0.065576, 0.033069, 0.011912
9.260022, 0.064385, 0.030794, 0.010093
9.280023, 0.061567, 0.037024, 0.006785
9.300023, 0.061576, 0.038640, 0.007172
9.320024, 0.055404, 0.035873, 0.009684
9.340024, 0.053940, 0.031036, 0.009418
9.360024, 0.051962, 0.025113, 0.008048
9.380025, 0.046804, 0.022952, 0.004378
9.400025, 0.049643, 0.025642, 0.006565
9.420026, 0.054415, 0.023492, 0.006923
9.440026, 0.053811, 0.030092, 0.008845
9.460027, 0.057891, 0.023140, -0.002108
9.480027, 0.060798, 0.022708, -0.008272
9.500028, 0.065024, 0.023501, -0.011013
9.520028, 0.072929, 0.019012, -0.011065
9.540029, 0.066864, 0.021424, -0.008090
9.560029, 0.068983, 0.021580, -0.001204
9.580029, 0.067233, 0.013868, 0.001358
9.600030, 0.066648, 0.017140, -0.000603
9.620030, 0.067515, 0.017001, -0.000312
9.640031, 0.070006, 0.019285, 0.003332
9.660031, 0.073872, 0.018520, 0.006271
9.680032, 0.076411, 0.015043, 0.010998
9.700032, 0.079613, 0.017860, 0.011273
9.720033, 0.075558, 0.013459, 0.014668
9.740033, 0.070940, 0.015693, 0.016448
9.760034, 0.069924, 0.013850, 0.019253
9.780034, 0.070332, 0.011025, 0.021835
9.800035, 0.073916, 0.005046, 0.022729
9.820035, 0.076071, 0.003667, 0.023586
9.840035, 0.065719, 0.012094, 0.019798
9.860036, 0.060117, 0.009691, 0.026194
9.880036, 0.058529, 0.015747, 0.019342
9.900037, 0.050539, 0.012506, 0.015619
9.920037, 0.051399, 0.010965, 0.015101
9.940038, 0.049552, 0.007509, 0.013738
9.960038, 0.049830, 0.008784, 0.016378
9.980039, 0.049832, 0.011197, 0.020867
10.000039, 0.048695, 0.014226, 0.012568
10.020040, 0.047066, 0.015191, 0.013892
10.040040, 0.043966, 0.010820, 0.010544
10.060040, 0.044264, 0.005335, 0.011503
10.080041, 0.045699, 0.003442, 0.014204
10.100041, 0.045910, -0.001317, 0.017991
10.120042, 0.047787, -0.002668, 0.018108
10.140042, 0.050055, 0.000106, 0.015368
10.160043, 0.052550, -0.001123, 0.018097
10.180043, 0.048723, -0.004430, 0.019371
10.200044, 0.045153, -0.000765, 0.019077
10.220044, 0.043595, -0.001319, 0.016710
10.240045, 0.040444, -0.004057, 0.023775
10.260045, 0.036908, -0.002743, 0.024199
10.280046, 0.037807, -0.003183, 0.030916
10.300046, 0.038652, -0.004404, 0.027329
10.320046, 0.037025, -0.011342, 0.029237
10.340047, 0.035005, -0.008857, 0.034061
10.360047, 0.032588, -0.003116, 0.038077
10.380048, 0.039168, -0.003468, 0.032488
10.400048, 0.045279, 0.001887, 0.030165
10.420049, 0.042956, 0.008257, 0.026369
10.440049, 0.047641, 0.012894, 0.026509
10.460050, 0.048703, 0.014320, 0.027981
10.480050, 0.049531, 0.015834, 0.023628
10.500051, 0.053305, 0.013208, 0.030295
10.520051, 0.053441, 0.015709, 0.024388
10.540051, 0.052978, 0.013327, 0.023381
10.560052, 0.050837, 0.015644, 0.030902
10.580052, 0.051766, 0.010605, 0.033683
10.600053, 0.051377, 0.008948, 0.035995
10.620053, 0.055823, 0.016256, 0.034520
10.640054, 0.059853, 0.012911, 0.034738
10.660054, 0.057178, 0.013632, 0.035557
10.680055, 0.054384, 0.012884, 0.033443
10.700055, 0.056622, 0.016575, 0.036872
10.720056, 0.057939, 0.015532, 0.035772
10.740056, 0.055843, 0.009584, 0.036796
10.760056, 0.055680, 0.009134, 0.037837
10.780057, 0.060218, 0.009770, 0.045831
10.800057, 0.063327, 0.011740, 0.045089
10.820058, 0.067251, 0.008205, 0.047005
10.840058, 0.067177, 0.006663, 0.043329
10.860059, 0.066971, 0.011990, 0.037687
10.880059, 0.063571, 0.011278, 0.040129
10.900060, 0.067746, 0.014060, 0.035051
10.920060, 0.063286, 0.008116, 0.034930
10.940061, 0.059951, 0.008356, 0.033705
10.960061, 0.060528, 0.012335, 0.033847
10.980062, 0.061013, 0.014740, 0.038352
11.000062, 0.062991, 0.007536, 0.039751
11.020062, 0.058426, 0.005573, 0.035777
11.040063, 0.057450, 0.006071, 0.032585
11.060063, 0.053950, 0.004691, 0.037526
11.080064, 0.050476, 0.000364, 0.045802
11.100064, 0.056494, 0.002299, 0.048864
11.120065, 0.049486, -0.000451, 0.046046
11.140065, 0.054530, -0.004533, 0.047345
11.160066, 0.050501, -0.000849, 0.044975
11.180066, 0.048297, 0.001582, 0.051732
11.200067, 0.048847, 0.001494, 0.047313
11.220067, 0.054145, -0.001556, 0.050101
11.240067, 0.054956, 0.005382, 0.049028
11.260068, 0.054931, 0.005145, 0.048275
11.280068, 0.056486, 0.005189, 0.054463
11.300069, 0.060361, 0.008560, 0.061373
11.320069, 0.058838, 0.007513, 0.065740
11.340070, 0.056516, 0.007749, 0.066759
11.360070, 0.051987, 0.012646, 0.069007
11.380071, 0.050030, 0.018252, 0.076404
11.400071, 0.051887, 0.021913, 0.075485
11.420072, 0.048515, 0.020868, 0.073878
11.440072, 0.054342, 0.022468, 0.075502
11.460073, 0.056250, 0.020838, 0.074216
11.480073, 0.057665, 0.022054, 0.069283
11.500073, 0.060615, 0.022739, 0.070515
11.520074, 0.057684, 0.024034, 0.073064
11.540074, 0.060051, 0.021422, 0.070470
11.560075, 0.056656, 0.022509, 0.066204
11.580075, 0.054239, 0.020154, 0.066582
11.600076, 0.053425, 0.021755, 0.061329
11.620076, 0.058619, 0.016413, 0.061289
11.640077, 0.051792, 0.013132, 0.061003
11.660077, 0.053351, 0.016328, 0.059070
11.680078, 0.059616, 0.015907, 0.056902
11.700078, 0.055554, 0.020996, 0.056781
11.720078, 0.059362, 0.019575, 0.058509
11.740079, 0.059496, 0.018781, 0.059909
11.760079, 0.059588, 0.012628, 0.063307
11.780080, 0.053453, 0.011519, 0.062572
11.800080, 0.052259, 0.017532, 0.061150
11.820081, 0.053377, 0.017699, 0.061905
11.840081, 0.051914, 0.020647, 0.066088
11.860082, 0.051149, 0.031756, 0.062731
11.880082, 0.038810, 0.031223, 0.065524
11.900083, 0.035328, 0.027315, 0.059725
11.920083, 0.038431, 0.027118, 0.053360
11.940084, 0.041543, 0.021030, 0.055396
11.960084, 0.038623, 0.021290, 0.058654
11.980084, 0.035503, 0.019250, 0.062612
12.000085, 0.029792, 0.011768, 0.062402
12.020085, 0.033982, 0.015360, 0.060392
12.040086, 0.032398, 0.017943, 0.063596
12.060086, 0.033165, 0.016057, 0.062455
12.080087, 0.022648, 0.016853, 0.061322
12.100087, 0.026831, 0.012859, 0.058488
12.120088, 0.026743, 0.009631, 0.047658
12.140088, 0.026941, 0.014783, 0.048468
12.160089, 0.026687, 0.017678, 0.055640
12.180089, 0.025747, 0.022796, 0.056156
12.200089, 0.020717, 0.014504, 0.060501
12.220090, 0.026058, 0.009724, 0.060518
12.240090, 0.032101, 0.012576, 0.056972
12.260091, 0.027663, 0.008989, 0.059234
12.280091, 0.028551, 0.006541, 0.059448
12.300092, 0.027986, 0.008317, 0.059344
12.320092, 0.031329, 0.013437, 0.052758
12.340093, 0.030854, 0.011062, 0.058758
12.360093, 0.033415, 0.007244, 0.059861
12.380094, 0.028244, 0.010779, 0.061535
12.400094, 0.026264, 0.017074, 0.057432
12.420094, 0.023062, 0.017579, 0.051108
12.440095, 0.023836, 0.018894, 0.049983
12.460095, 0.017929, 0.022212, 0.050324
12.480096, 0.014305, 0.022124, 0.049472
12.500096, 0.019913, 0.017827, 0.052436
12.520097, 0.020195, 0.015362, 0.053003
12.540097, 0.019166, 0.012318, 0.063421
12.560098, 0.021080, 0.017676, 0.061438
12.580098, 0.021319, 0.000922, 0.065721
12.600099, 0.031452, 0.017461, 0.055034
12.620099, 0.033803, 0.021704, 0.061125
12.640100, 0.031929, 0.018331, 0.063924
12.660100, 0.029588, 0.021246, 0.062645
12.680100, 0.033229, 0.019867, 0.063345
12.700101, 0.034455, 0.018128, 0.067846
12.720101, 0.038355, 0.018929, 0.066441
12.740102, 0.032099, 0.024165, 0.066472
12.760102, 0.034633, 0.024672, 0.063988
12.780103, 0.038391, 0.017309, 0.070143
12.800103, 0.038845, 0.023988, 0.062849
12.820104, 0.041893, 0.024302, 0.070409
12.840104, 0.032156, 0.028761, 0.068683
12.860105, 0.034831, 0.026750, 0.068188
12.880105, 0.028400, 0.029631, 0.066500
12.900105, 0.029241, 0.021385, 0.068084
12.920106, 0.020989, 0.022333, 0.066995
12.940106, 0.022282, 0.022590, 0.062234
12.960107, 0.018747, 0.020633, 0.066575
12.980107, 0.021818, 0.011187, 0.058858
13.000108, 0.021550, 0.015768, 0.057092
13.020108, 0.014516, 0.014513, 0.050437
13.040109, 0.012548, 0.020204, 0.051187
13.060109, 0.020378, 0.023597, 0.060331
13.080110, 0.019848, 0.027455, 0.058348
13.100110, 0.016268, 0.022053, 0.058636
13.120111, 0.012510, 0.027069, 0.060284
13.140111, 0.001901, 0.026873, 0.048211
13.160111, 0.002019, 0.030980, 0.044895
13.180112, -0.001886, 0.044803, 0.039711
13.200112, -0.009678, 0.041970, 0.044677
13.220113, 0.007071, 0.047306, 0.044183
13.240113, 0.008039, 0.046099, 0.053653
13.260114, 0.016613, 0.043586, 0.053420
13.280114, 0.015298, 0.038192, 0.054952
13.300115, 0.016441, 0.043730, 0.054079
13.320115, 0.015665, 0.049640, 0.052558
13.340116, 0.010419, 0.051002, 0.051490
13.360116, 0.004270, 0.041944, 0.047682
13.380116, 0.006252, 0.040731, 0.046143
13.400117, 0.008850, 0.038936, 0.049534
13.420117, -0.002046, 0.040206, 0.059969
13.440118, -0.005220, 0.037581, 0.058596
13.460118, -0.009357, 0.032502, 0.058696
13.480119, -0.005221, 0.033056, 0.056028
13.500119, -0.002126, 0.038911, 0.059844
13.520120, -0.000855, 0.041137, 0.057252
13.540120, 0.003333, 0.041988, 0.068601
13.560121, 0.001167, 0.043463, 0.065001
13.580121, 0.005603, 0.045921, 0.080797
13.600121, 0.003186, 0.044609, 0.075467
13.620122, -0.008488, 0.052910, 0.069370
13.640122, 0.006230, 0.053238, 0.065238
13.660123, -0.006064, 0.053901, 0.062486
13.680123, -0.014103, 0.058601, 0.041911
13.700124, -0.023439, 0.046335, 0.021802
13.720124, -0.014657, 0.042508, 0.013903
13.740125, -0.002065, 0.012644, -0.006423
13.760125, -0.002662, 0.021692, -0.010917
13.780126, -0.001922, 0.049754, -0.005205
13.800126, -0.021127, 0.060998, -0.001885
13.820127, -0.019155, 0.060049, 0.017214
13.840127, -0.018734, 0.036394, 0.029601
13.860127, -0.019317, 0.043238, 0.001826
13.880128, -0.014229, 0.066245, -0.036763
13.900128, -0.006485, 0.056201, -0.026841
13.920129, -0.027521, 0.001887, -0.028625
13.940129, -0.018136, 0.046622, -0.039645
13.960130, -0.016204, 0.036335, -0.028487
13.980130, -0.038859, 0.037761, -0.030898
14.000131, -0.014414, 0.076515, -0.025212
14.020131, -0.026856, 0.067134, 0.003993
14.040132, -0.016049, 0.082254, -0.018056
14.060132, -0.031798, 0.099337, 0.017930
14.080132, -0.039362, 0.125271, 0.003727
14.100133, -0.085317, 0.080489, 0.007697
14.120133, -0.061504, 0.058626, 0.003454
14.140134, -0.009793, 0.060090, -0.029849
14.160134, -0.016870, 0.035690, -0.007783
14.180135, -0.029145, 0.032435, 0.055864
14.200135, -0.047689, -0.006833, -0.002568
14.220136, -0.016136, -0.023312, 0.076223
14.240136, -0.012031, 0.001809, 0.058249
14.260137, 0.013609, 0.013055, 0.028876
14.280137, -0.010396, 0.015584, 0.006557
14.300138, -0.005792, 0.032261, -0.039687
14.320138, -0.039296, 0.016660, -0.078519
14.340138, 0.000788, 0.003504, -0.059959
14.360139, 0.016660, -0.019941, -0.073916
14.380139, 0.005467, -0.015733, -0.022543
14.400140, 0.009593, 0.021398, 0.030581
14.420140, 0.114670, 0.030008, 0.030936
14.440141, 0.083946, 0.031744, 0.050557
14.460141, 0.098033, 0.029954, 0.041820
14.480142, 0.083922, 0.046614, 0.088709
14.500142, 0.111479, 0.049694, 0.105121
14.520143, 0.127980, 0.053324, 0.073817
14.540143, 0.094040, 0.015468, 0.067134
14.560143, 0.148695, 0.056420, 0.033493
14.580144, 0.137173, 0.056044, 0.091405
14.600144, 0.183545, 0.070967, 0.080807
14.620145, 0.132258, 0.062211, 0.080277
14.640145, 0.194386, 0.081119, 0.065940
14.660146, 0.148805, 0.082659, 0.020542
14.680146, 0.189828, 0.111017, 0.032205
14.700147, 0.171006, 0.099550, 0.013254
14.720147, 0.254754, 0.171992, 0.012570
14.740148, 0.236336, 0.178094, -0.044057
14.760148, 0.198283, 0.136623, 0.007630
14.780149, 0.220089, 0.098781, -0.050582
14.800149, 0.253991, 0.146318, -0.067021
14.820149, 0.248750, 0.094732, -0.085282
14.840150, 0.273866, 0.086436, -0.126283
14.860150, 0.297628, 0.076216, -0.129075
14.880151, 0.271501, 0.077245, -0.122461
14.900151, 0.278391, 0.045778, -0.113887
14.920152, 0.251406, 0.053502, -0.125818
14.940152, 0.225390, 0.042645, -0.184193
14.960153, 0.259283, 0.028597, -0.138548
14.980153, 0.229890, 0.040056, -0.106225
15.000154, 0.220262, 0.032858, -0.102960
15.020154, 0.350914, 0.057455, -0.161226
15.040154, 0.248150, -0.005608, -0.099128
15.060155, 0.259781, -0.043222, -0.021236
15.080155, 0.274685, -0.054973, -0.093496
15.100156, 0.234683, -0.028199, -0.065862
15.120156, 0.220904, -0.051365, -0.125033
15.140157, 0.192017, -0.065853, -0.109542
15.160157, 0.179354, -0.072572, -0.115826
15.180158, 0.168544, -0.206007, -0.104343
15.200158, 0.179344, -0.182049, -0.084934
15.220159, 0.198857, -0.162477, -0.050850
15.240159, 0.188690, -0.167282, -0.031566
15.260159, 0.207304, -0.163096, -0.029332
15.280160, 0.189045, -0.160159, -0.012811
15.300160, 0.190945, -0.183307, -0.002631
15.320161, 0.216797, -0.186570, 0.005867
15.340161, 0.262859, -0.170236, 0.017289
15.360162, 0.221173, -0.193614, -0.042523
15.380162, 0.261955, -0.160545, -0.012690
15.400163, 0.279365, -0.182777, -0.066291
15.420163, 0.327945, -0.205136, -0.087703
15.440164, 0.285411, -0.194053, -0.087552
15.460164, 0.243821, -0.179170, -0.100605
15.480165, 0.271250, -0.192644, -0.030508
15.500165, 0.298646, -0.139005, 0.021015
15.520165, 0.266402, -0.156360, 0.061632
15.540166, 0.202885, -0.134019, 0.171953
15.560166, 0.185406, -0.202373, 0.128180
15.580167, 0.275001, -0.056567, 0.250510
15.600167, 0.119385, -0.164500, 0.274310
15.620168, 0.227292, -0.114031, 0.255464
15.640168, 0.228513, -0.075025, 0.256625
15.660169, 0.248961, -0.024390, 0.340037
15.680169, 0.284844, 0.019533, 0.387321
15.700170, 0.291427, 0.038469, 0.420161
15.720170, 0.198714, 0.041609, 0.374310
15.740170, 0.206491, 0.049803, 0.315052
15.760171, 0.286121, 0.055308, 0.343640
15.780171, 0.145900, 0.021079, 0.216419
15.800172, 0.061724, 0.072174, 0.222402
15.820172, 0.125109, 0.094736, 0.159032
15.840173, 0.163460, 0.050199, 0.141784
15.860173, 0.228513, 0.000506, 0.216701
15.880174, 0.071112, -0.016704, 0.133459
15.900174, -0.001627, -0.010036, 0.098731
15.920175, 0.023669, -0.030449, 0.081537
15.940175, 0.052749, 0.020382, 0.093090
15.960176, 0.157011, 0.121246, 0.066311
15.980176, 0.310785, 0.251925, -0.052065
16.000175, 0.174469, 0.211675, -0.035040
16.020176, 0.164289, 0.180605, -0.050592
16.040176, 0.247103, 0.225457, -0.046310
16.060177, 0.171938, 0.175897, -0.027364
16.080177, 0.276302, 0.169986, -0.063802
16.100178, 0.308436, 0.058341, -0.137659
16.120178, 0.460185, 0.044532, -0.210895
16.140179, 0.462184, 0.160589, -0.107685
16.160179, 0.462785, 0.090125, -0.122785
16.180180, 0.469660, 0.062125, -0.003930
16.200180, 0.550181, 0.155430, 0.018875
16.220181, 0.504735, 0.128746, 0.039693
16.240181, 0.602733, 0.109614, -0.011495
16.260181, 0.513775, 0.091579, -0.022616
16.280182, 0.537076, 0.131550, 0.026867
16.300182, 0.576374, 0.129926, -0.021580
16.320183, 0.532851, 0.111024, -0.071976
16.340183, 0.558908, 0.074200, -0.079734
16.360184, 0.489733, 0.017331, -0.045447
16.380184, 0.437010, 0.039156, -0.009283
16.400185, 0.409578, 0.053587, 0.005242
16.420185, 0.420619, 0.253928, -0.020434
16.440186, 0.346357, 0.289891, 0.014077
16.460186, 0.332982, 0.273263, -0.075047
16.480186, 0.284798, 0.250698, -0.122692
16.500187, 0.301503, 0.209761, -0.163740
16.520187, 0.275227, 0.227069, -0.132302
16.540188, 0.484239, 0.284863, 0.170747
16.560188, 0.716453, 0.368182, 0.467089
16.580189, 0.932712, 0.249745, 0.651811
16.600189, 0.829904, -0.062535, 0.740835
16.620190, 0.945265, 0.161521, 0.749829
16.640190, 0.861509, 0.049055, 0.795417
16.660191, 0.702034, 0.052145, 0.705456
16.680191, 0.429324, 0.080427, 0.515970
16.700191, 0.224661, -0.066449, 0.361272
16.720192, 0.126398, -0.061744, 0.193294
16.740192, -0.076050, -0.162975, 0.124008
16.760193, -0.252787, -0.144615, -0.043748
16.780193, -0.292802, -0.113123, -0.093836
16.800194, -0.252175, -0.042296, -0.057421
16.820194, -0.131301, -0.007798, 0.053881
16.840195, -0.089900, 0.006070, 0.112608
16.860195, -0.014514, 0.005942, 0.203445
16.880196, 0.087728, -0.006781, 0.279750
16.900196, 0.111564, -0.037537, 0.365423
16.920197, 0.009935, -0.107818, 0.315042
16.940197, -0.083706, -0.108699, 0.225980
16.960197, -0.182927, -0.084536, 0.081872
16.980198, -0.260544, -0.113609, -0.052202
17.000198, -0.266170, -0.050034, -0.118420
17.020199, -0.207938, -0.054045, -0.086059
17.040199, -0.082691, -0.071590, 0.070537
17.060200, -0.050247, -0.077957, 0.164687
17.080200, 0.077888, -0.154621, 0.247958
17.100201, 0.092220, -0.133434, 0.272776
17.120201, 0.011538, -0.145185, 0.253044
17.140202, 0.002598, -0.138671, 0.261292
17.160202, -0.146210, -0.071386, 0.207999
17.180202, -0.292085, -0.181290, 0.082233
17.200203, -0.366851, -0.072831, -0.051452
17.220203, -0.401262, 0.031831, -0.134423
17.240204, -0.361475, -0.020179, -0.081036
17.260204, -0.325970, -0.039655, -0.069708
17.280205, -0.188255, -0.050884, 0.055337
17.300205, -0.166391, -0.096694, 0.165449
17.320206, -0.167864, -0.088505, 0.221655
17.340206, -0.166686, -0.017515, 0.193027
17.360207, -0.286012, 0.031621, 0.183431
17.380207, -0.437619, 0.018276, 0.028482
17.400208, -0.470005, 0.047387, -0.050462
17.420208, -0.382460, 0.104946, -0.037498
17.440208, -0.247286, 0.164436, -0.003219
17.460209, -0.110912, 0.096241, 0.058226
17.480209, -0.055642, 0.017659, 0.205494
17.500210, -0.102261, -0.015567, 0.171745
17.520210, -0.154927, -0.053426, 0.114477
17.540211, -0.178839, 0.051905, 0.071597
17.560211, -0.213037, 0.196746, -0.010608
17.580212, -0.189103, 0.141525, 0.010608
17.600212, -0.072600, 0.032971, 0.080034
17.620213, -0.028254, -0.093612, 0.196050
17.640213, -0.042497, -0.185869, 0.225445
17.660213, -0.115410, -0.160479, 0.134165
17.680214, -0.101969, -0.063990, 0.114327
17.700214, -0.185082, 0.068227, 0.041717
17.720215, -0.291598, -0.002276, -0.005819
17.740215, -0.193174, -0.086077, -0.045681
17.760216, -0.056476, -0.171931, -0.007013
17.780216, 0.092929, -0.173236, 0.011519
17.800217, 0.149032, -0.176859, 0.045017
17.820217, 0.012282, -0.131893, 0.077152
17.840218, -0.132141, -0.177659, 0.047273
17.860218, -0.178876, -0.170999, -0.072215
17.880219, -0.086428, -0.096712, -0.167753
17.900219, 0.056128, -0.073867, -0.108884
17.920219, 0.211768, -0.000160, -0.114829
17.940220, 0.337056, -0.153976, 0.019907
17.960220, 0.232392, -0.177877, 0.032168
17.980221, 0.117202, -0.191854, -0.053161
18.000221, 0.028884, -0.190973, -0.243532
18.020222, 0.070812, -0.104793, -0.361070
18.040222, 0.253037, -0.020759, -0.330372
18.060223, 0.305085, 0.006503, -0.318077
18.080223, 0.447216, -0.014203, -0.260954
18.100224, 0.468303, -0.058018, -0.213036
18.120224, 0.329977, -0.019712, -0.241849
18.140224, 0.175695, 0.006950, -0.307626
18.160225, 0.045160, 0.090836, -0.462183
18.180225, 0.001521, -0.066520, -0.439535
18.200226, 0.044062, -0.184698, -0.429895
18.220226, 0.034958, -0.285376, -0.431512
18.240227, 0.020272, -0.258022, -0.383251
18.260227, 0.067180, -0.223803, -0.341164
18.280228, 0.127803, -0.118736, -0.340423
18.300228, 0.248216, 0.061795, -0.277335
18.320229, 0.278791, 0.082789, -0.208125
18.340229, 0.271467, 0.065643, -0.246428
18.360229, 0.281849, -0.016503, -0.249219
18.380230, 0.309384, 0.111195, -0.198765
18.400230, 0.305115, 0.147799, -0.187242
18.420231, 0.259611, 0.143105, -0.189401
18.440231, 0.254902, 0.203379, -0.197070
18.460232, 0.188104, 0.105425, -0.233135
18.480232, 0.139822, 0.043194, -0.204361
18.500233, 0.111755, 0.091300, -0.206751
18.520233, 0.056946, 0.245343, -0.234372
18.540234, -0.073439, 0.396961, -0.195605
18.560234, -0.216724, 0.409604, -0.158884
18.580235, -0.294587, 0.338543, -0.333668
18.600235, -0.318909, 0.291579, -0.335837
18.620235, -0.311001, 0.356288, -0.364120
18.640236, -0.315814, 0.455767, -0.366172
18.660236, -0.388199, 0.522652, -0.400049
18.680237, -0.544440, 0.425181, -0.416008
18.700237, -0.579484, 0.430140, -0.458133
18.720238, -0.588502, 0.532316, -0.466487
18.740238, -0.530240, 0.659942, -0.444815
18.760239, -0.449067, 0.763999, -0.390945
18.780239, -0.426329, 0.803383, -0.372670
18.800240, -0.405453, 0.774871, -0.427823
18.820240, -0.285954, 0.766615, -0.372119
18.840240, -0.075162, 0.830237, -0.338280
18.860241, 0.047162, 0.800704, -0.318048
18.880241, 0.142685, 0.636247, -0.166101
18.900242, 0.033651, 0.408782, -0.044051
18.920242, 0.013146, 0.305401, -0.007285
18.940243, 0.000229, 0.356742, -0.014112
18.960243, -0.072770, 0.488374, -0.079088
18.980244, -0.188209, 0.551997, -0.085638
19.000244, -0.368846, 0.497561, -0.168065
19.020245, -0.342873, 0.556049, -0.206335
19.040245, -0.229949, 0.596799, -0.215716
19.060246, -0.146322, 0.706745, -0.239804
19.080246, -0.119354, 0.621117, -0.079276
19.100246, -0.213264, 0.369796, 0.007816
19.120247, -0.190419, 0.324815, 0.040476
19.140247, -0.126242, 0.440556, 0.044731
19.160248, -0.203070, 0.545506, -0.031503
19.180248, -0.251679, 0.610798, -0.107039
19.200249, -0.354848, 0.641166, -0.113988
19.220249, -0.268271, 0.650931, -0.066512
19.240250, -0.083701, 0.698420, -0.079610
19.260250, -0.075308, 0.620788, -0.073761
19.280251, -0.169083, 0.560603, -0.147504
19.300251, -0.179421, 0.632903, -0.243383
19.320251, -0.084596, 0.703026, -0.199954
19.340252, 0.008040, 0.705562, -0.165963
19.360252, 0.045306, 0.640369, -0.159717
19.380253, 0.042163, 0.543637, -0.077064
19.400253, -0.019071, 0.479539, -0.011526
19.420254, 0.043475, 0.537212, -0.025279
19.440254, 0.025292, 0.576343, -0.011390
19.460255, -0.044632, 0.464200, 0.050007
19.480255, 0.002165, 0.380292, 0.061757
19.500256, 0.099654, 0.441365, 0.123961
19.520256, 0.047849, 0.547598, 0.105614
19.540257, -0.067552, 0.493722, -0.007562
19.560257, -0.031912, 0.500615, 0.003647
19.580257, 0.092339, 0.529340, 0.106692
19.600258, 0.035542, 0.553987, 0.079298
