t, a_x, a_y, a_z, w_x, w_y, w_z
0.000000, -16134.000000, -82.000000, 2562.000000, 48.000000, 90.000000, 105.000000
0.020000, -16147.000000, -72.000000, 2541.000000, 45.000000, 83.000000, 99.000000
0.040000, -16167.000000, -62.000000, 2563.000000, 42.000000, 87.000000, 93.000000
0.060000, -16160.000000, -70.000000, 2513.000000, 43.000000, 89.000000, 98.000000
0.080000, -16163.000000, -76.000000, 2483.000000, 43.000000, 96.000000, 92.000000
0.100000, -16173.000000, -58.000000, 2525.000000, 41.000000, 91.000000, 96.000000
0.120000, -16161.000000, -58.000000, 2556.000000, 38.000000, 91.000000, 107.000000
0.140000, -16146.000000, -52.000000, 2541.000000, 44.000000, 95.000000, 96.000000
0.160000, -16172.000000, -61.000000, 2538.000000, 37.000000, 85.000000, 95.000000
0.180000, -16151.000000, -64.000000, 2521.000000, 33.000000, 102.000000, 95.000000
0.200000, -16158.000000, -72.000000, 2567.000000, 41.000000, 86.000000, 86.000000
0.220000, -16158.000000, -54.000000, 2543.000000, 35.000000, 83.000000, 102.000000
0.240000, -16162.000000, -68.000000, 2582.000000, 37.000000, 90.000000, 98.000000
0.260000, -16173.000000, -70.000000, 2525.000000, 28.000000, 89.000000, 91.000000
0.280000, -16182.000000, -84.000000, 2534.000000, 34.000000, 95.000000, 97.000000
0.300000, -16169.000000, -48.000000, 2542.000000, 41.000000, 95.000000, 96.000000
0.320000, -16164.000000, -60.000000, 2552.000000, 44.000000, 91.000000, 93.000000
0.340000, -16160.000000, -78.000000, 2532.000000, 37.000000, 89.000000, 94.000000
0.360000, -16167.000000, -73.000000, 2559.000000, 46.000000, 91.000000, 95.000000
0.380000, -16154.000000, -87.000000, 2546.000000, 35.000000, 91.000000, 97.000000
0.400000, -16155.000000, -70.000000, 2509.000000, 37.000000, 84.000000, 94.000000
0.420000, -16163.000000, -73.000000, 2548.000000, 34.000000, 80.000000, 90.000000
0.440000, -16172.000000, -60.000000, 2545.000000, 39.000000, 81.000000, 91.000000
0.460000, -16174.000000, -62.000000, 2541.000000, 38.000000, 83.000000, 88.000000
0.480000, -16179.000000, -52.000000, 2560.000000, 32.000000, 102.000000, 93.000000
0.500000, -16158.000000, -57.000000, 2539.000000, 35.000000, 88.000000, 99.000000
0.520000, -16130.000000, -57.000000, 2571.000000, 43.000000, 92.000000, 92.000000
0.540000, -16166.000000, -69.000000, 2526.000000, 38.000000, 93.000000, 96.000000
0.560000, -16158.000000, -57.000000, 2563.000000, 35.000000, 86.000000, 99.000000
0.580000, -16138.000000, -67.000000, 2545.000000, 41.000000, 88.000000, 84.000000
0.600000, -16150.000000, -79.000000, 2564.000000, 40.000000, 92.000000, 87.000000
0.620000, -16138.000000, -70.000000, 2548.000000, 42.000000, 84.000000, 90.000000
0.640000, -16163.000000, -63.000000, 2512.000000, 28.000000, 96.000000, 103.000000
0.660000, -16146.000000, -91.000000, 2513.000000, 38.000000, 82.000000, 103.000000
0.680000, -16155.000000, -79.000000, 2536.000000, 29.000000, 97.000000, 97.000000
0.700000, -16155.000000, -70.000000, 2553.000000, 37.000000, 89.000000, 100.000000
0.720000, -16156.000000, -53.000000, 2526.000000, 45.000000, 87.000000, 106.000000
0.740000, -16154.000000, -51.000000, 2549.000000, 38.000000, 90.000000, 95.000000
0.760000, -16168.000000, -83.000000, 2542.000000, 40.000000, 99.000000, 100.000000
0.780000, -16150.000000, -66.000000, 2508.000000, 41.000000, 86.000000, 97.000000
0.800000, -16162.000000, -88.000000, 2525.000000, 37.000000, 88.000000, 94.000000
0.820000, -16164.000000, -65.000000, 2559.000000, 37.000000, 92.000000, 94.000000
0.840000, -16138.000000, -73.000000, 2549.000000, 36.000000, 95.000000, 98.000000
0.860000, -16160.000000, -81.000000, 2503.000000, 42.000000, 81.000000, 86.000000
0.880000, -16152.000000, -55.000000, 2561.000000, 39.000000, 96.000000, 91.000000
0.900000, -16153.000000, -70.000000, 2527.000000, 39.000000, 93.000000, 108.000000
0.920000, -16140.000000, -65.000000, 2525.000000, 39.000000, 78.000000, 96.000000
0.940000, -16157.000000, -63.000000, 2518.000000, 38.000000, 97.000000, 99.000000
0.960000, -16177.000000, -26.000000, 2551.000000, 44.000000, 97.000000, 91.000000
0.980000, -16173.000000, -53.000000, 2529.000000, 36.000000, 80.000000, 95.000000
1.000000, -16157.000000, -77.000000, 2520.000000, 37.000000, 79.000000, 97.000000
1.020000, -16147.000000, -71.000000, 2573.000000, 36.000000, 86.000000, 103.000000
1.040000, -16156.000000, -57.000000, 2517.000000, 35.000000, 90.000000, 97.000000
1.060000, -16165.000000, -81.000000, 2521.000000, 36.000000, 91.000000, 85.000000
1.080000, -16145.000000, -63.000000, 2531.000000, 34.000000, 87.000000, 99.000000
1.100000, -16159.000000, -75.000000, 2531.000000, 33.000000, 88.000000, 93.000000
1.120000, -16165.000000, -66.000000, 2523.000000, 41.000000, 95.000000, 98.000000
1.140000, -16163.000000, -82.000000, 2558.000000, 35.000000, 92.000000, 105.000000
1.159999, -16138.000000, -78.000000, 2516.000000, 36.000000, 86.000000, 110.000000
1.179999, -16142.000000, -77.000000, 2544.000000, 38.000000, 93.000000, 105.000000
1.199999, -16154.000000, -83.000000, 2555.000000, 48.000000, 98.000000, 99.000000
1.219999, -16171.000000, -72.000000, 2537.000000, 50.000000, 88.000000, 85.000000
1.239999, -16166.000000, -65.000000, 2557.000000, 41.000000, 87.000000, 90.000000
1.259999, -16175.000000, -74.000000, 2536.000000, 27.000000, 86.000000, 98.000000
1.279999, -16156.000000, -82.000000, 2546.000000, 34.000000, 102.000000, 98.000000
1.299999, -16156.000000, -90.000000, 2533.000000, 45.000000, 88.000000, 91.000000
1.319999, -16176.000000, -70.000000, 2545.000000, 28.000000, 98.000000, 92.000000
1.339999, -16161.000000, -86.000000, 2558.000000, 27.000000, 85.000000, 92.000000
1.359999, -16134.000000, -60.000000, 2515.000000, 32.000000, 101.000000, 97.000000
1.379999, -16163.000000, -63.000000, 2509.000000, 42.000000, 88.000000, 87.000000
1.399999, -16176.000000, -53.000000, 2551.000000, 36.000000, 83.000000, 103.000000
1.419999, -16143.000000, -62.000000, 2559.000000, 37.000000, 95.000000, 98.000000
1.439999, -16165.000000, -54.000000, 2521.000000, 28.000000, 102.000000, 94.000000
1.459999, -16157.000000, -93.000000, 2561.000000, 40.000000, 91.000000, 93.000000
1.479999, -16153.000000, -72.000000, 2500.000000, 40.000000, 103.000000, 95.000000
1.499999, -16148.000000, -51.000000, 2533.000000, 44.000000, 92.000000, 101.000000
1.519999, -16168.000000, -64.000000, 2569.000000, 40.000000, 85.000000, 98.000000
1.539999, -16149.000000, -79.000000, 2529.000000, 45.000000, 90.000000, 96.000000
1.559999, -16156.000000, -70.000000, 2545.000000, 37.000000, 94.000000, 87.000000
1.579999, -16157.000000, -47.000000, 2547.000000, 32.000000, 94.000000, 88.000000
1.599999, -16138.000000, -64.000000, 2525.000000, 37.000000, 104.000000, 91.000000
1.619999, -16147.000000, -50.000000, 2497.000000, 39.000000, 82.000000, 94.000000
1.639999, -16144.000000, -105.000000, 2505.000000, 39.000000, 91.000000, 88.000000
1.659999, -16149.000000, -70.000000, 2539.000000, 34.000000, 88.000000, 90.000000
1.679999, -16160.000000, -59.000000, 2535.000000, 39.000000, 94.000000, 93.000000
1.699999, -16154.000000, -79.000000, 2504.000000, 38.000000, 89.000000, 90.000000
1.719999, -16162.000000, -91.000000, 2520.000000, 41.000000, 83.000000, 102.000000
1.739999, -16172.000000, -61.000000, 2528.000000, 40.000000, 83.000000, 93.000000
1.759999, -16157.000000, -52.000000, 2556.000000, 37.000000, 101.000000, 89.000000
1.779999, -16159.000000, -70.000000, 2534.000000, 36.000000, 91.000000, 84.000000
1.799999, -16147.000000, -56.000000, 2508.000000, 49.000000, 86.000000, 97.000000
1.819999, -16144.000000, -98.000000, 2523.000000, 42.000000, 77.000000, 107.000000
1.839999, -16131.000000, -62.000000, 2575.000000, 36.000000, 83.000000, 92.000000
1.859999, -16173.000000, -49.000000, 2554.000000, 40.000000, 107.000000, 100.000000
1.879999, -16128.000000, -76.000000, 2501.000000, 39.000000, 99.000000, 101.000000
1.899999, -16189.000000, -96.000000, 2532.000000, 36.000000, 87.000000, 78.000000
1.919999, -16158.000000, -76.000000, 2549.000000, 36.000000, 100.000000, 94.000000
1.939999, -16162.000000, -51.000000, 2512.000000, 33.000000, 96.000000, 95.000000
1.959999, -16156.000000, -75.000000, 2505.000000, 50.000000, 99.000000, 93.000000
1.979999, -16159.000000, -77.000000, 2555.000000, 38.000000, 94.000000, 102.000000
1.999999, -16156.000000, -59.000000, 2508.000000, 26.000000, 87.000000, 107.000000
2.019999, -16167.000000, -48.000000, 2524.000000, 37.000000, 84.000000, 106.000000
2.039999, -16146.000000, -61.000000, 2532.000000, 44.000000, 96.000000, 100.000000
2.059999, -16165.000000, -83.000000, 2542.000000, 40.000000, 90.000000, 97.000000
2.079999, -16151.000000, -71.000000, 2563.000000, 46.000000, 102.000000, 103.000000
2.099999, -16151.000000, -69.000000, 2538.000000, 43.000000, 105.000000, 103.000000
2.119999, -16152.000000, -66.000000, 2571.000000, 34.000000, 91.000000, 92.000000
2.139999, -16158.000000, -72.000000, 2544.000000, 40.000000, 85.000000, 89.000000
2.159999, -16155.000000, -63.000000, 2545.000000, 42.000000, 87.000000, 95.000000
2.179999, -16156.000000, -76.000000, 2534.000000, 38.000000, 90.000000, 101.000000
2.199999, -16155.000000, -61.000000, 2532.000000, 45.000000, 87.000000, 98.000000
2.219999, -16143.000000, -78.000000, 2533.000000, 35.000000, 87.000000, 104.000000
2.239999, -16139.000000, -72.000000, 2553.000000, 38.000000, 85.000000, 99.000000
2.259999, -16138.000000, -59.000000, 2545.000000, 42.000000, 80.000000, 89.000000
2.279999, -16140.000000, -80.000000, 2535.000000, 30.000000, 94.000000, 92.000000
2.299999, -16146.000000, -52.000000, 2524.000000, 27.000000, 88.000000, 98.000000
2.319999, -16137.000000, -69.000000, 2515.000000, 35.000000, 95.000000, 103.000000
2.339998, -16144.000000, -82.000000, 2529.000000, 40.000000, 94.000000, 105.000000
2.359998, -16124.000000, -73.000000, 2574.000000, 25.000000, 92.000000, 92.000000
2.379998, -16154.000000, -50.000000, 2562.000000, 39.000000, 97.000000, 101.000000
2.399998, -16153.000000, -61.000000, 2528.000000, 36.000000, 96.000000, 109.000000
2.419998, -16137.000000, -84.000000, 2535.000000, 46.000000, 94.000000, 95.000000
2.439998, -16135.000000, -77.000000, 2517.000000, 44.000000, 87.000000, 98.000000
2.459998, -16127.000000, -53.000000, 2535.000000, 33.000000, 89.000000, 84.000000
2.479998, -16161.000000, -52.000000, 2548.000000, 40.000000, 84.000000, 89.000000
2.499998, -16145.000000, -62.000000, 2530.000000, 32.000000, 87.000000, 100.000000
2.519998, -16167.000000, -63.000000, 2554.000000, 45.000000, 86.000000, 104.000000
2.539998, -16171.000000, -67.000000, 2536.000000, 35.000000, 102.000000, 94.000000
2.559998, -16163.000000, -74.000000, 2517.000000, 45.000000, 101.000000, 102.000000
2.579998, -16158.000000, -67.000000, 2523.000000, 37.000000, 92.000000, 98.000000
2.599998, -16155.000000, -43.000000, 2526.000000, 22.000000, 86.000000, 96.000000
2.619998, -16149.000000, -54.000000, 2522.000000, 43.000000, 89.000000, 89.000000
2.639998, -16154.000000, -63.000000, 2547.000000, 45.000000, 88.000000, 92.000000
2.659998, -16150.000000, -47.000000, 2541.000000, 47.000000, 101.000000, 101.000000
2.679998, -16166.000000, -62.000000, 2543.000000, 41.000000, 73.000000, 103.000000
2.699998, -16145.000000, -59.000000, 2501.000000, 36.000000, 88.000000, 93.000000
2.719998, -16158.000000, -79.000000, 2542.000000, 42.000000, 96.000000, 103.000000
2.739998, -16157.000000, -84.000000, 2535.000000, 43.000000, 100.000000, 96.000000
2.759998, -16135.000000, -59.000000, 2525.000000, 31.000000, 86.000000, 86.000000
2.779998, -16160.000000, -57.000000, 2507.000000, 37.000000, 92.000000, 91.000000
2.799998, -16140.000000, -60.000000, 2547.000000, 38.000000, 83.000000, 101.000000
2.819998, -16152.000000, -84.000000, 2561.000000, 38.000000, 81.000000, 98.000000
2.839998, -16151.000000, -72.000000, 2557.000000, 35.000000, 91.000000, 94.000000
2.859998, -16144.000000, -58.000000, 2507.000000, 32.000000, 85.000000, 98.000000
2.879998, -16142.000000, -71.000000, 2565.000000, 37.000000, 84.000000, 83.000000
2.899998, -16105.000000, -93.000000, 2552.000000, 34.000000, 99.000000, 100.000000
2.919998, -16145.000000, -86.000000, 2541.000000, 44.000000, 100.000000, 100.000000
2.939998, -16158.000000, -69.000000, 2535.000000, 34.000000, 80.000000, 98.000000
2.959998, -16168.000000, -47.000000, 2539.000000, 28.000000, 95.000000, 85.000000
2.979998, -16180.000000, -72.000000, 2535.000000, 36.000000, 96.000000, 81.000000
2.999998, -16149.000000, -52.000000, 2515.000000, 34.000000, 94.000000, 96.000000
3.019998, -16168.000000, -65.000000, 2547.000000, 40.000000, 98.000000, 96.000000
3.039998, -16149.000000, -57.000000, 2556.000000, 35.000000, 89.000000, 91.000000
3.059998, -16169.000000, -59.000000, 2534.000000, 31.000000, 86.000000, 97.000000
3.079998, -16166.000000, -76.000000, 2535.000000, 42.000000, 92.000000, 98.000000
3.099998, -16164.000000, -54.000000, 2500.000000, 39.000000, 82.000000, 93.000000
3.119998, -16170.000000, -78.000000, 2517.000000, 34.000000, 87.000000, 91.000000
3.139998, -16153.000000, -74.000000, 2538.000000, 42.000000, 91.000000, 95.000000
3.159998, -16160.000000, -60.000000, 2506.000000, 28.000000, 85.000000, 92.000000
3.179998, -16137.000000, -63.000000, 2564.000000, 40.000000, 94.000000, 95.000000
3.199998, -16148.000000, -76.000000, 2559.000000, 41.000000, 94.000000, 94.000000
3.219998, -16147.000000, -80.000000, 2525.000000, 39.000000, 102.000000, 90.000000
3.239998, -16163.000000, -73.000000, 2579.000000, 38.000000, 85.000000, 94.000000
3.259998, -16163.000000, -58.000000, 2558.000000, 41.000000, 91.000000, 95.000000
3.279998, -16166.000000, -96.000000, 2533.000000, 43.000000, 88.000000, 100.000000
3.299998, -16164.000000, -73.000000, 2554.000000, 42.000000, 88.000000, 102.000000
3.319998, -16169.000000, -66.000000, 2554.000000, 39.000000, 88.000000, 98.000000
3.339998, -16147.000000, -64.000000, 2554.000000, 34.000000, 98.000000, 92.000000
3.359998, -16134.000000, -72.000000, 2525.000000, 25.000000, 86.000000, 101.000000
3.379997, -16147.000000, -60.000000, 2531.000000, 44.000000, 85.000000, 93.000000
3.399997, -16150.000000, -49.000000, 2553.000000, 43.000000, 98.000000, 102.000000
3.419997, -16171.000000, -64.000000, 2519.000000, 43.000000, 90.000000, 97.000000
3.439997, -16164.000000, -65.000000, 2566.000000, 36.000000, 93.000000, 86.000000
3.459997, -16157.000000, -61.000000, 2527.000000, 48.000000, 85.000000, 92.000000
3.479997, -16158.000000, -71.000000, 2536.000000, 38.000000, 84.000000, 95.000000
3.499997, -16158.000000, -92.000000, 2526.000000, 44.000000, 81.000000, 92.000000
3.519997, -16154.000000, -59.000000, 2536.000000, 38.000000, 81.000000, 93.000000
3.539997, -16156.000000, -77.000000, 2553.000000, 35.000000, 89.000000, 105.000000
3.559997, -16130.000000, -67.000000, 2524.000000, 52.000000, 96.000000, 94.000000
3.579997, -16150.000000, -93.000000, 2557.000000, 40.000000, 93.000000, 107.000000
3.599997, -16166.000000, -55.000000, 2547.000000, 41.000000, 91.000000, 89.000000
3.619997, -16154.000000, -87.000000, 2532.000000, 37.000000, 93.000000, 94.000000
3.639997, -16166.000000, -66.000000, 2528.000000, 35.000000, 96.000000, 93.000000
3.659997, -16169.000000, -60.000000, 2549.000000, 36.000000, 88.000000, 102.000000
3.679997, -16155.000000, -85.000000, 2543.000000, 42.000000, 91.000000, 100.000000
3.699997, -16129.000000, -81.000000, 2516.000000, 39.000000, 94.000000, 95.000000
3.719997, -16157.000000, -73.000000, 2544.000000, 45.000000, 82.000000, 98.000000
3.739997, -16156.000000, -77.000000, 2522.000000, 36.000000, 79.000000, 105.000000
3.759997, -16163.000000, -65.000000, 2541.000000, 38.000000, 87.000000, 95.000000
3.779997, -16142.000000, -75.000000, 2589.000000, 34.000000, 96.000000, 99.000000
3.799997, -16137.000000, -65.000000, 2551.000000, 41.000000, 97.000000, 94.000000
3.819997, -16157.000000, -73.000000, 2514.000000, 33.000000, 74.000000, 87.000000
3.839997, -16155.000000, -100.000000, 2538.000000, 42.000000, 87.000000, 94.000000
3.859997, -16132.000000, -67.000000, 2523.000000, 41.000000, 86.000000, 91.000000
3.879997, -16173.000000, -31.000000, 2571.000000, 31.000000, 87.000000, 95.000000
3.899997, -16156.000000, -74.000000, 2526.000000, 40.000000, 92.000000, 110.000000
3.919997, -16170.000000, -71.000000, 2587.000000, 44.000000, 80.000000, 100.000000
3.939997, -16147.000000, -77.000000, 2534.000000, 40.000000, 75.000000, 100.000000
3.959997, -16143.000000, -69.000000, 2527.000000, 44.000000, 97.000000, 90.000000
3.979997, -16125.000000, -76.000000, 2546.000000, 49.000000, 85.000000, 96.000000
3.999997, -16156.000000, -87.000000, 2520.000000, 30.000000, 88.000000, 110.000000
4.019997, -16170.000000, -81.000000, 2516.000000, 38.000000, 84.000000, 99.000000
4.039997, -16173.000000, -52.000000, 2539.000000, 39.000000, 88.000000, 100.000000
4.059997, -16168.000000, -85.000000, 2548.000000, 32.000000, 83.000000, 89.000000
4.079997, -16154.000000, -70.000000, 2544.000000, 41.000000, 89.000000, 88.000000
4.099997, -16173.000000, -73.000000, 2512.000000, 32.000000, 92.000000, 88.000000
4.119997, -16154.000000, -50.000000, 2537.000000, 41.000000, 97.000000, 90.000000
4.139997, -16151.000000, -74.000000, 2558.000000, 34.000000, 91.000000, 96.000000
4.159997, -16170.000000, -82.000000, 2545.000000, 41.000000, 96.000000, 102.000000
4.179997, -16154.000000, -75.000000, 2546.000000, 46.000000, 91.000000, 93.000000
4.199997, -16151.000000, -76.000000, 2519.000000, 34.000000, 91.000000, 94.000000
4.219997, -16148.000000, -68.000000, 2514.000000, 40.000000, 86.000000, 95.000000
4.239997, -16157.000000, -64.000000, 2548.000000, 35.000000, 95.000000, 95.000000
4.259997, -16162.000000, -51.000000, 2531.000000, 46.000000, 90.000000, 99.000000
4.279997, -16164.000000, -62.000000, 2528.000000, 41.000000, 89.000000, 99.000000
4.299997, -16130.000000, -69.000000, 2553.000000, 41.000000, 90.000000, 91.000000
4.319997, -16134.000000, -53.000000, 2542.000000, 44.000000, 77.000000, 92.000000
4.339997, -16129.000000, -68.000000, 2514.000000, 42.000000, 90.000000, 102.000000
4.359997, -16147.000000, -60.000000, 2550.000000, 30.000000, 91.000000, 94.000000
4.379997, -16148.000000, -80.000000, 2531.000000, 33.000000, 90.000000, 91.000000
4.399997, -16162.000000, -79.000000, 2550.000000, 53.000000, 96.000000, 94.000000
4.419997, -16149.000000, -77.000000, 2553.000000, 41.000000, 87.000000, 93.000000
4.439997, -16141.000000, -76.000000, 2526.000000, 47.000000, 86.000000, 103.000000
4.459997, -16147.000000, -81.000000, 2515.000000, 34.000000, 83.000000, 101.000000
4.479997, -16171.000000, -86.000000, 2533.000000, 41.000000, 84.000000, 102.000000
4.499997, -16162.000000, -61.000000, 2535.000000, 35.000000, 96.000000, 91.000000
4.519997, -16156.000000, -75.000000, 2550.000000, 44.000000, 94.000000, 93.000000
4.539997, -16157.000000, -87.000000, 2542.000000, 36.000000, 91.000000, 93.000000
4.559997, -16154.000000, -60.000000, 2527.000000, 40.000000, 83.000000, 106.000000
4.579997, -16167.000000, -68.000000, 2539.000000, 36.000000, 84.000000, 95.000000
4.599997, -16138.000000, -58.000000, 2528.000000, 34.000000, 99.000000, 90.000000
4.619997, -16158.000000, -89.000000, 2530.000000, 47.000000, 85.000000, 96.000000
4.639997, -16158.000000, -58.000000, 2580.000000, 39.000000, 86.000000, 102.000000
4.659997, -16162.000000, -69.000000, 2568.000000, 45.000000, 88.000000, 101.000000
4.679996, -16149.000000, -68.000000, 2539.000000, 46.000000, 93.000000, 88.000000
4.699996, -16174.000000, -60.000000, 2540.000000, 38.000000, 86.000000, 84.000000
4.719996, -16133.000000, -58.000000, 2516.000000, 46.000000, 103.000000, 103.000000
4.739996, -16161.000000, -67.000000, 2532.000000, 41.000000, 98.000000, 97.000000
4.759996, -16162.000000, -80.000000, 2527.000000, 37.000000, 89.000000, 100.000000
4.779996, -16155.000000, -56.000000, 2545.000000, 50.000000, 81.000000, 90.000000
4.799996, -16163.000000, -82.000000, 2572.000000, 44.000000, 97.000000, 101.000000
4.819996, -16177.000000, -72.000000, 2560.000000, 34.000000, 88.000000, 102.000000
4.839996, -16155.000000, -89.000000, 2553.000000, 45.000000, 106.000000, 104.000000
4.859996, -16169.000000, -60.000000, 2516.000000, 35.000000, 92.000000, 91.000000
4.879996, -16141.000000, -51.000000, 2520.000000, 37.000000, 100.000000, 98.000000
4.899996, -16163.000000, -60.000000, 2522.000000, 41.000000, 88.000000, 96.000000
4.919996, -16154.000000, -81.000000, 2519.000000, 39.000000, 82.000000, 95.000000
4.939996, -16150.000000, -91.000000, 2519.000000, 39.000000, 93.000000, 92.000000
4.959996, -16140.000000, -77.000000, 2527.000000, 46.000000, 86.000000, 91.000000
4.979996, -16138.000000, -78.000000, 2536.000000, 40.000000, 102.000000, 94.000000
4.999996, -16167.000000, -94.000000, 2535.000000, 39.000000, 96.000000, 100.000000
5.019996, -16131.000000, -67.000000, 2562.000000, 42.000000, 96.000000, 106.000000
5.039996, -16144.000000, -70.000000, 2514.000000, 34.000000, 87.000000, 100.000000
5.059996, -16154.000000, -71.000000, 2524.000000, 41.000000, 92.000000, 95.000000
5.079996, -16152.000000, -75.000000, 2560.000000, 34.000000, 98.000000, 91.000000
5.099996, -16146.000000, -66.000000, 2514.000000, 42.000000, 95.000000, 112.000000
5.119996, -16163.000000, -43.000000, 2561.000000, 34.000000, 78.000000, 99.000000
5.139996, -16157.000000, -61.000000, 2550.000000, 33.000000, 95.000000, 92.000000
5.159996, -16136.000000, -76.000000, 2540.000000, 35.000000, 92.000000, 86.000000
5.179996, -16148.000000, -80.000000, 2553.000000, 37.000000, 88.000000, 100.000000
5.199996, -16161.000000, -66.000000, 2541.000000, 36.000000, 90.000000, 94.000000
5.219996, -16176.000000, -73.000000, 2505.000000, 36.000000, 94.000000, 99.000000
5.239996, -16135.000000, -69.000000, 2521.000000, 47.000000, 80.000000, 103.000000
5.259996, -16173.000000, -51.000000, 2527.000000, 36.000000, 89.000000, 101.000000
5.279996, -16151.000000, -87.000000, 2526.000000, 41.000000, 108.000000, 100.000000
5.299996, -16146.000000, -57.000000, 2541.000000, 34.000000, 85.000000, 90.000000
5.319996, -16147.000000, -76.000000, 2525.000000, 32.000000, 91.000000, 86.000000
5.339996, -16147.000000, -68.000000, 2565.000000, 36.000000, 86.000000, 102.000000
5.359996, -16149.000000, -53.000000, 2525.000000, 36.000000, 98.000000, 94.000000
5.379996, -16163.000000, -75.000000, 2507.000000, 31.000000, 97.000000, 96.000000
5.399996, -16169.000000, -84.000000, 2562.000000, 26.000000, 98.000000, 95.000000
5.419996, -16155.000000, -73.000000, 2527.000000, 43.000000, 89.000000, 96.000000
5.439996, -16136.000000, -82.000000, 2530.000000, 39.000000, 90.000000, 91.000000
5.459996, -16159.000000, -68.000000, 2558.000000, 34.000000, 83.000000, 91.000000
5.479996, -16166.000000, -73.000000, 2571.000000, 37.000000, 77.000000, 100.000000
5.499996, -16165.000000, -58.000000, 2527.000000, 40.000000, 91.000000, 99.000000
5.519996, -16149.000000, -66.000000, 2525.000000, 42.000000, 88.000000, 89.000000
5.539996, -16160.000000, -65.000000, 2549.000000, 33.000000, 85.000000, 91.000000
5.559996, -16168.000000, -79.000000, 2562.000000, 37.000000, 101.000000, 103.000000
5.579996, -16160.000000, -72.000000, 2562.000000, 41.000000, 76.000000, 89.000000
5.599996, -16159.000000, -63.000000, 2551.000000, 26.000000, 92.000000, 92.000000
5.619996, -16166.000000, -54.000000, 2538.000000, 35.000000, 93.000000, 94.000000
5.639996, -16161.000000, -78.000000, 2518.000000, 34.000000, 109.000000, 86.000000
5.659996, -16181.000000, -70.000000, 2555.000000, 40.000000, 92.000000, 102.000000
5.679996, -16132.000000, -77.000000, 2558.000000, 39.000000, 89.000000, 95.000000
5.699996, -16146.000000, -79.000000, 2561.000000, 40.000000, 103.000000, 101.000000
5.719995, -16159.000000, -107.000000, 2514.000000, 42.000000, 95.000000, 90.000000
5.739995, -16145.000000, -73.000000, 2553.000000, 42.000000, 88.000000, 87.000000
5.759995, -16154.000000, -80.000000, 2526.000000, 36.000000, 83.000000, 88.000000
5.779995, -16134.000000, -75.000000, 2564.000000, 37.000000, 91.000000, 91.000000
5.799995, -16162.000000, -66.000000, 2525.000000, 37.000000, 92.000000, 85.000000
5.819995, -16158.000000, -86.000000, 2561.000000, 31.000000, 97.000000, 101.000000
5.839995, -16152.000000, -76.000000, 2557.000000, 48.000000, 78.000000, 107.000000
5.859995, -16133.000000, -85.000000, 2535.000000, 39.000000, 86.000000, 95.000000
5.879995, -16155.000000, -85.000000, 2548.000000, 46.000000, 93.000000, 98.000000
5.899995, -16139.000000, -102.000000, 2541.000000, 28.000000, 92.000000, 99.000000
5.919995, -16166.000000, -69.000000, 2546.000000, 38.000000, 102.000000, 90.000000
5.939995, -16154.000000, -90.000000, 2549.000000, 53.000000, 88.000000, 113.000000
5.959995, -16145.000000, -77.000000, 2505.000000, 41.000000, 92.000000, 96.000000
5.979995, -16165.000000, -68.000000, 2522.000000, 32.000000, 85.000000, 94.000000
5.999995, -16150.000000, -54.000000, 2566.000000, 35.000000, 83.000000, 97.000000
6.019995, -16136.000000, -65.000000, 2533.000000, 35.000000, 97.000000, 94.000000
6.039995, -16132.000000, -72.000000, 2524.000000, 29.000000, 88.000000, 88.000000
6.059995, -16163.000000, -70.000000, 2563.000000, 34.000000, 99.000000, 98.000000
6.079995, -16161.000000, -89.000000, 2538.000000, 34.000000, 102.000000, 93.000000
6.099995, -16153.000000, -78.000000, 2501.000000, 38.000000, 94.000000, 99.000000
6.119995, -16157.000000, -66.000000, 2533.000000, 26.000000, 94.000000, 84.000000
6.139995, -16147.000000, -86.000000, 2524.000000, 35.000000, 86.000000, 96.000000
6.159995, -16151.000000, -82.000000, 2527.000000, 27.000000, 97.000000, 96.000000
6.179995, -16168.000000, -83.000000, 2525.000000, 30.000000, 89.000000, 95.000000
6.199995, -16156.000000, -71.000000, 2533.000000, 39.000000, 93.000000, 97.000000
6.219995, -16155.000000, -75.000000, 2535.000000, 40.000000, 96.000000, 96.000000
6.239995, -16145.000000, -83.000000, 2570.000000, 46.000000, 88.000000, 96.000000
6.259995, -16128.000000, -63.000000, 2550.000000, 44.000000, 87.000000, 88.000000
6.279995, -16150.000000, -64.000000, 2561.000000, 43.000000, 94.000000, 99.000000
6.299995, -16127.000000, -59.000000, 2522.000000, 32.000000, 94.000000, 97.000000
6.319995, -16163.000000, -83.000000, 2555.000000, 41.000000, 101.000000, 94.000000
6.339995, -16161.000000, -72.000000, 2532.000000, 41.000000, 95.000000, 96.000000
6.359995, -16149.000000, -69.000000, 2541.000000, 36.000000, 85.000000, 96.000000
6.379995, -16146.000000, -56.000000, 2518.000000, 35.000000, 89.000000, 85.000000
6.399995, -16147.000000, -73.000000, 2524.000000, 40.000000, 95.000000, 96.000000
6.419995, -16161.000000, -66.000000, 2524.000000, 33.000000, 90.000000, 100.000000
6.439995, -16164.000000, -63.000000, 2558.000000, 34.000000, 85.000000, 102.000000
6.459995, -16149.000000, -69.000000, 2505.000000, 41.000000, 97.000000, 94.000000
6.479995, -16153.000000, -70.000000, 2541.000000, 35.000000, 87.000000, 89.000000
6.499995, -16168.000000, -91.000000, 2531.000000, 36.000000, 93.000000, 102.000000
6.519995, -16153.000000, -66.000000, 2521.000000, 35.000000, 88.000000, 96.000000
6.539995, -16158.000000, -83.000000, 2531.000000, 42.000000, 91.000000, 86.000000
6.559995, -16159.000000, -72.000000, 2517.000000, 30.000000, 96.000000, 98.000000
6.579995, -16147.000000, -73.000000, 2536.000000, 32.000000, 101.000000, 102.000000
6.599995, -16148.000000, -54.000000, 2551.000000, 28.000000, 91.000000, 103.000000
6.619995, -16148.000000, -73.000000, 2568.000000, 31.000000, 93.000000, 96.000000
6.639995, -16150.000000, -66.000000, 2552.000000, 31.000000, 96.000000, 98.000000
6.659995, -16165.000000, -64.000000, 2566.000000, 35.000000, 93.000000, 100.000000
6.679995, -16161.000000, -97.000000, 2560.000000, 36.000000, 95.000000, 86.000000
6.699995, -16129.000000, -62.000000, 2549.000000, 39.000000, 91.000000, 84.000000
6.719995, -16171.000000, -74.000000, 2546.000000, 43.000000, 87.000000, 99.000000
6.739995, -16149.000000, -62.000000, 2530.000000, 44.000000, 83.000000, 105.000000
6.759995, -16159.000000, -58.000000, 2510.000000, 35.000000, 100.000000, 99.000000
6.779994, -16145.000000, -75.000000, 2532.000000, 33.000000, 93.000000, 99.000000
6.799994, -16150.000000, -69.000000, 2546.000000, 38.000000, 90.000000, 101.000000
6.819994, -16149.000000, -65.000000, 2543.000000, 34.000000, 105.000000, 94.000000
6.839994, -16155.000000, -58.000000, 2535.000000, 34.000000, 84.000000, 102.000000
6.859994, -16174.000000, -69.000000, 2545.000000, 41.000000, 99.000000, 93.000000
6.879994, -16149.000000, -90.000000, 2570.000000, 37.000000, 90.000000, 91.000000
6.899994, -16165.000000, -84.000000, 2560.000000, 36.000000, 95.000000, 96.000000
6.919994, -16149.000000, -90.000000, 2521.000000, 37.000000, 89.000000, 102.000000
6.939994, -16165.000000, -90.000000, 2555.000000, 42.000000, 98.000000, 82.000000
6.959994, -16150.000000, -76.000000, 2581.000000, 36.000000, 86.000000, 90.000000
6.979994, -16146.000000, -76.000000, 2535.000000, 48.000000, 95.000000, 96.000000
6.999994, -16160.000000, -59.000000, 2547.000000, 42.000000, 86.000000, 104.000000
7.019994, -16134.000000, -80.000000, 2531.000000, 40.000000, 95.000000, 87.000000
7.039994, -16146.000000, -77.000000, 2545.000000, 43.000000, 82.000000, 91.000000
7.059994, -16170.000000, -70.000000, 2533.000000, 41.000000, 90.000000, 104.000000
7.079994, -16157.000000, -86.000000, 2552.000000, 40.000000, 85.000000, 103.000000
7.099994, -16157.000000, -75.000000, 2526.000000, 40.000000, 96.000000, 94.000000
7.119994, -16154.000000, -96.000000, 2531.000000, 38.000000, 92.000000, 91.000000
7.139994, -16158.000000, -66.000000, 2561.000000, 38.000000, 82.000000, 107.000000
7.159994, -16142.000000, -76.000000, 2550.000000, 39.000000, 87.000000, 94.000000
7.179994, -16144.000000, -104.000000, 2512.000000, 41.000000, 93.000000, 102.000000
7.199994, -16134.000000, -86.000000, 2550.000000, 33.000000, 84.000000, 97.000000
7.219994, -16157.000000, -74.000000, 2523.000000, 37.000000, 85.000000, 101.000000
7.239994, -16158.000000, -82.000000, 2540.000000, 38.000000, 86.000000, 97.000000
7.259994, -16162.000000, -62.000000, 2554.000000, 34.000000, 101.000000, 94.000000
7.279994, -16153.000000, -44.000000, 2540.000000, 39.000000, 88.000000, 86.000000
7.299994, -16167.000000, -62.000000, 2567.000000, 44.000000, 92.000000, 99.000000
7.319994, -16161.000000, -67.000000, 2533.000000, 34.000000, 91.000000, 99.000000
7.339994, -16141.000000, -74.000000, 2512.000000, 37.000000, 96.000000, 97.000000
7.359994, -16146.000000, -64.000000, 2528.000000, 38.000000, 91.000000, 99.000000
7.379994, -16144.000000, -74.000000, 2547.000000, 43.000000, 89.000000, 97.000000
7.399994, -16143.000000, -60.000000, 2515.000000, 27.000000, 82.000000, 109.000000
7.419994, -16143.000000, -84.000000, 2504.000000, 37.000000, 92.000000, 85.000000
7.439994, -16138.000000, -70.000000, 2550.000000, 35.000000, 87.000000, 87.000000
7.459994, -16152.000000, -85.000000, 2522.000000, 40.000000, 89.000000, 92.000000
7.479994, -16156.000000, -48.000000, 2492.000000, 49.000000, 83.000000, 102.000000
7.499994, -16146.000000, -65.000000, 2554.000000, 40.000000, 80.000000, 98.000000
7.519994, -16142.000000, -72.000000, 2541.000000, 36.000000, 85.000000, 99.000000
7.539994, -16145.000000, -71.000000, 2549.000000, 40.000000, 91.000000, 100.000000
7.559994, -16175.000000, -75.000000, 2525.000000, 46.000000, 101.000000, 103.000000
7.579994, -16162.000000, -69.000000, 2547.000000, 43.000000, 100.000000, 92.000000
7.599994, -16165.000000, -70.000000, 2568.000000, 30.000000, 93.000000, 101.000000
7.619994, -16142.000000, -84.000000, 2528.000000, 37.000000, 94.000000, 98.000000
7.639994, -16136.000000, -71.000000, 2511.000000, 41.000000, 93.000000, 99.000000
7.659994, -16158.000000, -67.000000, 2561.000000, 36.000000, 82.000000, 97.000000
7.679994, -16158.000000, -61.000000, 2559.000000, 34.000000, 99.000000, 91.000000
7.699994, -16153.000000, -64.000000, 2547.000000, 41.000000, 82.000000, 98.000000
7.719994, -16149.000000, -84.000000, 2539.000000, 35.000000, 91.000000, 93.000000
7.739994, -16139.000000, -72.000000, 2566.000000, 40.000000, 91.000000, 94.000000
7.759994, -16163.000000, -68.000000, 2498.000000, 36.000000, 95.000000, 103.000000
7.779994, -16148.000000, -51.000000, 2545.000000, 38.000000, 105.000000, 96.000000
7.799994, -16150.000000, -41.000000, 2518.000000, 34.000000, 93.000000, 94.000000
7.819993, -16172.000000, -70.000000, 2541.000000, 31.000000, 89.000000, 91.000000
7.839993, -16143.000000, -68.000000, 2578.000000, 40.000000, 97.000000, 100.000000
7.859993, -16149.000000, -77.000000, 2519.000000, 41.000000, 95.000000, 95.000000
7.879993, -16171.000000, -66.000000, 2557.000000, 36.000000, 95.000000, 93.000000
7.899993, -16156.000000, -50.000000, 2547.000000, 31.000000, 85.000000, 97.000000
7.919993, -16145.000000, -61.000000, 2532.000000, 36.000000, 81.000000, 98.000000
7.939993, -16165.000000, -94.000000, 2567.000000, 37.000000, 93.000000, 98.000000
7.959993, -16143.000000, -68.000000, 2522.000000, 37.000000, 89.000000, 94.000000
7.979993, -16159.000000, -79.000000, 2519.000000, 39.000000, 88.000000, 98.000000
7.999993, -16148.000000, -76.000000, 2520.000000, 34.000000, 91.000000, 97.000000
8.019994, -16153.000000, -72.000000, 2526.000000, 42.000000, 101.000000, 99.000000
8.039994, -16156.000000, -78.000000, 2531.000000, 37.000000, 101.000000, 91.000000
8.059995, -16151.000000, -44.000000, 2532.000000, 34.000000, 91.000000, 99.000000
8.079995, -16164.000000, -79.000000, 2529.000000, 43.000000, 94.000000, 98.000000
8.099996, -16158.000000, -56.000000, 2500.000000, 29.000000, 80.000000, 103.000000
8.119996, -16156.000000, -78.000000, 2524.000000, 42.000000, 91.000000, 97.000000
8.139997, -16148.000000, -63.000000, 2494.000000, 30.000000, 94.000000, 100.000000
8.159997, -16158.000000, -65.000000, 2501.000000, 40.000000, 91.000000, 98.000000
8.179997, -16147.000000, -82.000000, 2482.000000, 38.000000, 85.000000, 100.000000
8.199998, -16145.000000, -65.000000, 2549.000000, 45.000000, 91.000000, 100.000000
8.219998, -16151.000000, -76.000000, 2524.000000, 49.000000, 95.000000, 86.000000
8.239999, -16159.000000, -66.000000, 2509.000000, 34.000000, 86.000000, 97.000000
8.259999, -16150.000000, -77.000000, 2529.000000, 37.000000, 88.000000, 90.000000
8.280000, -16150.000000, -78.000000, 2521.000000, 38.000000, 94.000000, 99.000000
8.300000, -16162.000000, -63.000000, 2498.000000, 36.000000, 88.000000, 104.000000
8.320001, -16153.000000, -81.000000, 2539.000000, 41.000000, 96.000000, 99.000000
8.340001, -16180.000000, -57.000000, 2544.000000, 33.000000, 89.000000, 88.000000
8.360002, -16158.000000, -79.000000, 2526.000000, 37.000000, 93.000000, 99.000000
8.380002, -16156.000000, -53.000000, 2550.000000, 36.000000, 108.000000, 93.000000
8.400002, -16154.000000, -84.000000, 2536.000000, 42.000000, 88.000000, 94.000000
8.420003, -16165.000000, -63.000000, 2481.000000, 39.000000, 91.000000, 99.000000
8.440003, -16157.000000, -56.000000, 2526.000000, 44.000000, 91.000000, 100.000000
8.460004, -16149.000000, -75.000000, 2512.000000, 44.000000, 81.000000, 95.000000
8.480004, -16150.000000, -62.000000, 2527.000000, 38.000000, 91.000000, 101.000000
8.500005, -16166.000000, -59.000000, 2514.000000, 41.000000, 93.000000, 96.000000
8.520005, -16161.000000, -77.000000, 2523.000000, 42.000000, 95.000000, 94.000000
8.540006, -16152.000000, -85.000000, 2532.000000, 29.000000, 98.000000, 100.000000
8.560006, -16165.000000, -71.000000, 2545.000000, 41.000000, 89.000000, 96.000000
8.580007, -16160.000000, -55.000000, 2527.000000, 38.000000, 93.000000, 100.000000
8.600007, -16135.000000, -77.000000, 2521.000000, 37.000000, 85.000000, 101.000000
8.620008, -16148.000000, -51.000000, 2544.000000, 35.000000, 89.000000, 92.000000
8.640008, -16139.000000, -80.000000, 2569.000000, 42.000000, 88.000000, 92.000000
8.660008, -16160.000000, -67.000000, 2582.000000, 41.000000, 86.000000, 95.000000
8.680009, -16138.000000, -81.000000, 2531.000000, 45.000000, 90.000000, 100.000000
8.700009, -16159.000000, -74.000000, 2503.000000, 43.000000, 90.000000, 84.000000
8.720010, -16159.000000, -76.000000, 2582.000000, 35.000000, 83.000000, 100.000000
8.740010, -16157.000000, -88.000000, 2554.000000, 34.000000, 84.000000, 93.000000
8.760011, -16156.000000, -73.000000, 2539.000000, 39.000000, 97.000000, 90.000000
8.780011, -16148.000000, -66.000000, 2520.000000, 46.000000, 95.000000, 92.000000
8.800012, -16171.000000, -69.000000, 2535.000000, 32.000000, 90.000000, 96.000000
8.820012, -16155.000000, -51.000000, 2510.000000, 35.000000, 102.000000, 101.000000
8.840013, -16154.000000, -77.000000, 2551.000000, 33.000000, 87.000000, 97.000000
8.860013, -16141.000000, -74.000000, 2537.000000, 33.000000, 92.000000, 100.000000
8.880013, -16156.000000, -84.000000, 2533.000000, 46.000000, 83.000000, 92.000000
8.900014, -16150.000000, -84.000000, 2537.000000, 51.000000, 91.000000, 96.000000
8.920014, -16137.000000, -76.000000, 2533.000000, 37.000000, 92.000000, 106.000000
8.940015, -16167.000000, -75.000000, 2522.000000, 41.000000, 92.000000, 96.000000
8.960015, -16139.000000, -61.000000, 2541.000000, 42.000000, 80.000000, 92.000000
8.980016, -16161.000000, -56.000000, 2540.000000, 38.000000, 95.000000, 95.000000
9.000016, -16130.000000, -68.000000, 2553.000000, 36.000000, 96.000000, 98.000000
9.020017, -16165.000000, -72.000000, 2531.000000, 39.000000, 83.000000, 98.000000
9.040017, -16149.000000, -69.000000, 2540.000000, 38.000000, 83.000000, 96.000000
9.060018, -16164.000000, -54.000000, 2556.000000, 41.000000, 95.000000, 91.000000
9.080018, -16143.000000, -89.000000, 2566.000000, 35.000000, 91.000000, 94.000000
9.100019, -16155.000000, -70.000000, 2533.000000, 39.000000, 97.000000, 100.000000
9.120019, -16164.000000, -69.000000, 2528.000000, 45.000000, 88.000000, 90.000000
9.140019, -16125.000000, -79.000000, 2499.000000, 37.000000, 90.000000, 102.000000
9.160020, -16172.000000, -80.000000, 2512.000000, 35.000000, 94.000000, 98.000000
9.180020, -16133.000000, -68.000000, 2532.000000, 36.000000, 88.000000, 97.000000
9.200021, -16142.000000, -45.000000, 2554.000000, 39.000000, 99.000000, 92.000000
9.220021, -16147.000000, -88.000000, 2554.000000, 29.000000, 93.000000, 95.000000
9.240022, -16146.000000, -77.000000, 2579.000000, 36.000000, 97.000000, 96.000000
9.260022, -16153.000000, -79.000000, 2555.000000, 35.000000, 98.000000, 105.000000
9.280023, -16165.000000, -52.000000, 2535.000000, 38.000000, 92.000000, 100.000000
9.300023, -16146.000000, -80.000000, 2553.000000, 43.000000, 88.000000, 103.000000
9.320024, -16154.000000, -82.000000, 2548.000000, 41.000000, 82.000000, 90.000000
9.340024, -16156.000000, -89.000000, 2544.000000, 44.000000, 91.000000, 104.000000
9.360024, -16137.000000, -60.000000, 2534.000000, 42.000000, 85.000000, 91.000000
9.380025, -16134.000000, -84.000000, 2567.000000, 36.000000, 81.000000, 95.000000
9.400025, -16157.000000, -79.000000, 2527.000000, 38.000000, 86.000000, 96.000000
9.420026, -16152.000000, -63.000000, 2521.000000, 35.000000, 101.000000, 98.000000
9.440026, -16127.000000, -68.000000, 2503.000000, 38.000000, 89.000000, 95.000000
9.460027, -16138.000000, -51.000000, 2541.000000, 43.000000, 87.000000, 95.000000
9.480027, -16154.000000, -72.000000, 2526.000000, 39.000000, 90.000000, 102.000000
9.500028, -16164.000000, -84.000000, 2523.000000, 41.000000, 86.000000, 97.000000
9.520028, -16143.000000, -63.000000, 2504.000000, 43.000000, 86.000000, 97.000000
9.540029, -16152.000000, -66.000000, 2554.000000, 46.000000, 98.000000, 95.000000
9.560029, -16166.000000, -62.000000, 2498.000000, 45.000000, 94.000000, 97.000000
9.580029, -16138.000000, -62.000000, 2555.000000, 40.000000, 91.000000, 102.000000
9.600030, -16146.000000, -63.000000, 2534.000000, 40.000000, 83.000000, 97.000000
9.620030, -16156.000000, -68.000000, 2518.000000, 33.000000, 95.000000, 93.000000
9.640031, -16140.000000, -71.000000, 2528.000000, 38.000000, 95.000000, 92.000000
9.660031, -16159.000000, -72.000000, 2565.000000, 40.000000, 99.000000, 86.000000
9.680032, -16148.000000, -59.000000, 2529.000000, 36.000000, 99.000000, 89.000000
9.700032, -16147.000000, -80.000000, 2545.000000, 37.000000, 95.000000, 94.000000
9.720033, -16126.000000, -72.000000, 2531.000000, 34.000000, 104.000000, 99.000000
9.740033, -16147.000000, -63.000000, 2523.000000, 38.000000, 101.000000, 102.000000
9.760034, -16131.000000, -82.000000, 2535.000000, 36.000000, 91.000000, 102.000000
9.780034, -16130.000000, -68.000000, 2522.000000, 38.000000, 85.000000, 97.000000
9.800035, -16154.000000, -53.000000, 2534.000000, 37.000000, 91.000000, 99.000000
9.820035, -16153.000000, -63.000000, 2549.000000, 39.000000, 91.000000, 91.000000
9.840035, -16154.000000, -80.000000, 2530.000000, 31.000000, 99.000000, 98.000000
9.860036, -16148.000000, -90.000000, 2525.000000, 35.000000, 93.000000, 99.000000
9.880036, -16145.000000, -49.000000, 2537.000000, 31.000000, 102.000000, 95.000000
9.900037, -16154.000000, -88.000000, 2535.000000, 30.000000, 92.000000, 98.000000
9.920037, -16168.000000, -68.000000, 2558.000000, 42.000000, 91.000000, 100.000000
9.940038, -16166.000000, -60.000000, 2556.000000, 40.000000, 99.000000, 100.000000
9.960038, -16144.000000, -78.000000, 2529.000000, 45.000000, 82.000000, 102.000000
