t, phi, uk, ur, tm
0.000000, 0.028413, 0.000623, 7.970302, 0.134884
0.020000, 0.042490, -0.003016, 2.856678, 0.184501
0.040000, 0.056049, -0.000615, 0.304025, 0.239235
0.060000, 0.069514, 0.000361, 17.168037, 0.325501
0.080000, 0.081620, -0.000259, 21.766417, 0.384552
0.100000, 0.093957, 0.002087, 33.521755, 0.458103
0.120000, 0.106193, 0.000019, 40.673679, 0.521277
0.140000, 0.118363, 0.000415, 45.784119, 0.581969
0.160000, 0.130729, 0.000079, 52.426727, 0.645705
0.180000, 0.142532, 0.000154, 52.426804, 0.696077
0.200000, 0.153302, 0.000404, 64.180107, 0.761895
0.220000, 0.137757, -0.462028, -0.157388, 0.355950
0.240000, 0.128819, -0.526401, 0.289225, 0.286359
0.260000, 0.116614, -0.659917, 0.155710, 0.167249
0.280000, 0.102953, -0.798243, 12.792407, 0.060995
0.300000, 0.086367, -0.904164, 20.862513, -0.049190
0.320000, 0.069452, -0.904425, 20.862251, -0.121462
0.340000, 0.054187, -0.808058, 18.914612, -0.141597
0.360000, 0.042010, -0.646615, 13.455022, -0.121894
0.380000, 0.034429, -0.437337, 8.043327, -0.058566
0.400000, 0.031989, -0.185119, 3.696547, 0.049972
0.420000, 0.033956, 0.003595, 0.819221, 0.147991
0.440000, 0.037145, 0.099428, 0.915054, 0.209720
0.460000, 0.040213, 0.148216, -1.080103, 0.243874
0.480000, 0.041377, 0.199763, 13.790413, 0.299640
0.500000, 0.046862, 0.249849, 23.038559, 0.363652
0.520000, 0.055835, 0.304032, 29.735685, 0.440303
0.540000, 0.063349, 0.362711, 34.904411, 0.510412
0.560000, 0.071289, 0.428071, 43.145737, 0.590846
0.580000, 0.083982, 0.492079, 49.852749, 0.688297
0.600000, 0.095621, 0.574477, 57.089138, 0.791344
0.620000, 0.109254, 0.682517, 61.796177, 0.911482
0.640000, 0.126490, 0.804459, 71.627167, 1.062558
0.660000, 0.143905, 0.928503, 77.372185, 1.208579
0.680000, 0.165165, 1.075575, 81.607269, 1.379986
0.700000, 0.137161, -0.552622, 72.314034, 0.429905
0.720000, 0.128763, -0.442236, 78.556435, 0.459841
0.740000, 0.122217, -0.349740, 80.181953, 0.480958
0.760000, 0.117295, -0.245345, 94.594330, 0.536459
0.780000, 0.116245, -0.113933, 93.703773, 0.596264
0.800000, 0.117903, 0.019800, 108.656471, 0.695417
0.820000, 0.120129, 0.122398, 107.226051, 0.753861
0.840000, 0.126730, 0.259527, 117.072227, 0.867212
0.860000, 0.131234, 0.377182, 122.299866, 0.954102
0.880000, 0.139131, 0.502001, 125.490669, 1.055625
0.900000, 0.153203, 0.652860, 133.817535, 1.205156
0.920000, 0.128590, -0.787718, 130.332962, 0.373217
0.940000, 0.114008, -0.786508, 137.488159, 0.323668
0.960000, 0.097372, -0.893426, 144.024246, 0.210190
0.980000, 0.079178, -0.950064, 150.610611, 0.115317
1.000000, 0.060284, -1.033889, 153.592773, -0.002204
1.020000, 0.039571, -0.998759, 156.693939, -0.067743
1.040000, 0.021168, -0.894445, 153.732208, -0.098987
1.060000, 0.003665, -0.796071, 154.341568, -0.123366
1.080000, -0.011474, -0.736017, 153.890640, -0.158624
1.100000, -0.026476, -0.715766, 151.355896, -0.216730
1.120000, -0.040115, -0.690908, 152.913773, -0.259834
1.140000, -0.056736, -0.727461, 151.344208, -0.351653
1.160000, -0.070720, -0.739147, 154.398499, -0.412003
1.180000, -0.088133, -0.820595, 151.251068, -0.532327
1.200000, -0.104633, -0.814949, 151.256714, -0.599861
1.220000, -0.122381, -0.851232, 151.731415, -0.692913
1.240000, -0.139160, -0.809537, 153.817123, -0.740093
1.260000, -0.154074, -0.765242, 151.306427, -0.785746
1.280000, -0.131446, 0.714057, 150.741714, 0.050300
1.300000, -0.116791, 0.754678, 145.672348, 0.124607
1.320000, -0.102984, 0.716514, 152.788177, 0.176353
1.340000, -0.091140, 0.601184, 162.892883, 0.186121
1.360000, -0.082656, 0.468603, 164.293259, 0.158292
1.380000, -0.077418, 0.295161, 173.828796, 0.109840
1.400000, -0.072958, 0.207899, 180.384537, 0.096206
1.420000, -0.068941, 0.103702, 183.346390, 0.066157
1.440000, -0.069951, 0.058016, 186.877670, 0.044919
1.460000, -0.066199, 0.111068, 191.018738, 0.094438
1.480000, -0.061767, 0.173880, 200.279541, 0.160350
1.500000, -0.059976, 0.213576, 203.385223, 0.193081
1.520000, -0.054289, 0.232033, 209.535690, 0.236916
1.540000, -0.048794, 0.198381, 217.678070, 0.257195
1.560000, -0.047659, 0.129374, 224.763046, 0.239406
1.580000, -0.046756, 0.054213, 225.198883, 0.206363
1.600000, -0.046068, -0.025962, 237.382675, 0.189651
1.620000, -0.045244, -0.133844, 244.428848, 0.151007
1.640000, -0.051269, -0.232939, 232.576706, 0.055784
1.660000, -0.062833, -0.265470, 254.517197, 0.027068
1.680000, -0.074328, -0.246878, 256.068817, -0.010036
1.700000, -0.079933, -0.226123, 252.001541, -0.030391
1.720000, -0.084161, -0.226594, 248.424057, -0.054673
1.740000, -0.084778, -0.270449, 255.023193, -0.068159
1.760000, -0.088697, -0.343036, 250.862595, -0.128205
1.780000, -0.097073, -0.424203, 253.336487, -0.200394
1.800000, -0.112047, -0.504127, 254.789520, -0.301820
1.820000, -0.128174, -0.573504, 252.676132, -0.408879
1.840000, -0.144777, -0.638663, 249.544998, -0.517564
1.860000, -0.158181, -0.698445, 246.419235, -0.609911
1.880000, -0.127162, 0.720573, 226.376221, 0.198995
1.900000, -0.114526, 0.607643, 230.862289, 0.203897
1.920000, -0.108777, 0.453467, 238.373154, 0.163867
1.940000, -0.104379, 0.339862, 242.858551, 0.133298
1.960000, -0.096426, 0.254820, 244.817505, 0.127937
1.980000, -0.087728, 0.159988, 259.030670, 0.141458
2.000000, -0.085150, 0.065527, 269.156158, 0.122194
2.020000, -0.085597, -0.041175, 272.626495, 0.072710
2.040000, -0.090948, -0.155080, 268.935577, -0.013334
2.060000, -0.095575, -0.227785, 274.483887, -0.060131
2.080000, -0.103659, -0.245448, 277.532196, -0.098322
2.100000, -0.110318, -0.242613, 273.958069, -0.131311
2.120000, -0.116740, -0.215217, 277.051453, -0.139788
2.140000, -0.120565, -0.213415, 271.943268, -0.163785
2.160000, -0.124771, -0.232556, 271.413086, -0.192195
2.180000, -0.129641, -0.254193, 266.281464, -0.232421
2.200000, -0.131181, -0.264358, 268.826294, -0.239800
2.220000, -0.134384, -0.242161, 266.804474, -0.245746
2.240000, -0.135493, -0.192717, 268.897919, -0.222206
2.260000, -0.136652, -0.167588, 274.033112, -0.205937
2.280000, -0.137945, -0.176131, 266.870514, -0.227771
2.300000, -0.137630, -0.166969, 268.923676, -0.218390
2.320000, -0.143097, -0.108152, 270.004517, -0.210446
2.340000, -0.140731, 0.004636, 272.161316, -0.140269
2.360000, -0.138715, 0.210176, 269.811859, -0.032735
2.380000, -0.133542, 0.497346, 270.099030, 0.133559
2.400000, -0.120681, 0.800073, 269.890717, 0.339589
2.420000, -0.103907, 1.073908, 267.098572, 0.543509
2.440000, -0.076708, 1.310396, 264.780060, 0.773982
2.460000, -0.045130, 1.525800, 265.506470, 1.017698
2.480000, -0.008882, 1.728834, 267.753510, 1.277697
2.500000, 0.031837, 1.920923, 260.280609, 1.534943
2.520000, 0.079324, 2.113915, 262.517609, 1.837824
2.540000, 0.126559, 2.306566, 268.842224, 2.146337
2.560000, 0.172411, 2.493063, 263.407745, 2.426100
2.580000, 0.128597, -0.656490, -0.351851, 0.219216
2.600000, 0.115267, -0.689129, 0.637606, 0.147693
2.620000, 0.103471, -0.666709, -0.873056, 0.106069
2.640000, 0.092392, -0.550958, 15.083760, 0.143592
2.660000, 0.084471, -0.443160, 21.834501, 0.175121
2.680000, 0.078277, -0.403575, 32.605106, 0.186628
2.700000, 0.072824, -0.375394, 36.210312, 0.183542
2.720000, 0.069076, -0.305881, 48.032818, 0.222233
2.740000, 0.063753, -0.230553, 53.729115, 0.246815
2.760000, 0.061703, -0.168822, 59.411880, 0.278528
2.780000, 0.059894, -0.116015, 70.706696, 0.316233
2.800000, 0.058460, -0.052832, 69.236855, 0.339276
2.820000, 0.059295, 0.011093, 80.542786, 0.393844
2.840000, 0.060242, 0.051477, 84.671181, 0.425039
2.860000, 0.062967, 0.097743, 92.382431, 0.472786
2.880000, 0.066036, 0.158305, 100.107971, 0.529176
2.900000, 0.070365, 0.199600, 104.237274, 0.575256
2.920000, 0.073298, 0.245979, 111.437645, 0.623085
2.940000, 0.086101, 0.319119, 120.708786, 0.729885
2.960000, 0.090862, 0.358989, 136.078659, 0.795987
2.980000, 0.100939, 0.449769, 134.636429, 0.881981
3.000000, 0.108958, 0.508365, 137.250015, 0.949902
3.020000, 0.123424, 0.612279, 144.507980, 1.075818
3.040000, 0.135183, 0.700140, 149.705826, 1.178683
3.060000, 0.151467, 0.837084, 159.551758, 1.333237
3.080000, 0.120568, -1.245588, -0.429962, -0.110043
3.100000, 0.096514, -1.060861, 0.265873, -0.118983
3.120000, 0.080277, -0.752928, 0.062698, -0.034431
3.140000, 0.070174, -0.527453, -15.552769, 0.009093
3.160000, 0.062264, -0.437841, -15.463158, 0.020369
3.180000, 0.054568, -0.404571, -15.429888, 0.004257
3.200000, 0.047578, -0.323871, -16.371161, 0.013263
3.220000, 0.042101, -0.239569, -15.775871, 0.033102
3.240000, 0.038330, -0.174977, -13.667335, 0.052898
3.260000, 0.035801, -0.135781, -11.073084, 0.066095
3.280000, 0.033475, -0.118895, -7.479171, 0.070669
3.300000, 0.029972, -0.119563, -8.501935, 0.053678
3.320000, 0.027814, -0.123637, -4.417996, 0.049300
3.340000, 0.025123, -0.111179, 0.193461, 0.051814
3.360000, 0.022431, -0.099026, 8.381639, 0.060184
3.380000, 0.018808, -0.095555, 13.495096, 0.055066
3.400000, 0.016765, -0.099443, 13.491207, 0.044400
3.420000, 0.014958, -0.098252, 18.602444, 0.045884
3.440000, 0.012306, -0.096015, 21.670660, 0.040853
3.460000, 0.010056, -0.096558, 24.225111, 0.035281
3.480000, 0.009155, -0.096341, 26.269333, 0.034983
3.500000, 0.006642, -0.090263, 26.786398, 0.028181
3.520000, 0.004449, -0.082157, 29.349497, 0.027196
3.540000, 0.002319, -0.073292, 31.913416, 0.026860
3.560000, 0.001055, -0.063862, 31.922846, 0.026203
3.580000, -0.000574, -0.059365, 32.438332, 0.022374
3.600000, -0.002429, -0.057076, 34.484623, 0.019051
3.620000, -0.004124, -0.054223, 37.553455, 0.018409
3.640000, -0.005827, -0.053296, 40.109375, 0.015906
3.660000, -0.005971, -0.049700, 40.623959, 0.017957
3.680000, -0.007088, -0.043908, 39.607777, 0.014387
3.700000, -0.008207, -0.036802, 40.125870, 0.014042
3.720000, -0.008875, -0.027649, 41.668041, 0.018368
3.740000, -0.009883, -0.026200, 41.669491, 0.014798
3.760000, -0.011239, -0.029888, 39.110813, 0.002867
3.780000, -0.012144, -0.029261, 39.622425, 0.000179
3.800000, -0.012801, -0.020964, 42.185715, 0.005840
3.820000, -0.012855, -0.009079, 42.708584, 0.012440
3.840000, -0.013147, -0.000551, 42.717113, 0.015478
3.860000, -0.013721, 0.000415, 42.718079, 0.013513
3.880000, -0.013592, -0.003820, 42.202858, 0.011076
3.900000, -0.014225, -0.011404, 45.261253, 0.009723
3.920000, -0.014627, -0.017414, 46.277275, 0.006709
3.940000, -0.015494, -0.019039, 43.209610, -0.002959
3.960000, -0.016019, -0.007854, 44.753819, 0.002999
3.980000, -0.015682, 0.005705, 45.278362, 0.012102
4.000000, -0.015726, 0.008960, 37.616638, 0.000663
4.020000, -0.015709, 0.006501, 48.345200, 0.017542
4.040000, -0.016002, -0.000043, 45.272614, 0.007853
4.060000, -0.016644, -0.010470, 42.707195, -0.004420
4.080000, -0.016499, -0.004709, 45.267948, 0.003389
4.100000, -0.016618, 0.007988, 42.725651, 0.004961
4.120000, -0.016721, 0.014570, 45.287228, 0.012124
4.140000, -0.017068, 0.013330, 45.797035, 0.010879
4.160000, -0.017433, 0.001525, 47.829174, 0.006834
4.180000, -0.017960, -0.008046, 47.819603, -0.000222
4.200000, -0.018315, -0.004059, 43.224590, -0.007467
4.220000, -0.018362, 0.010501, 45.794205, 0.003944
4.240000, -0.018050, 0.021834, 45.805538, 0.010965
4.260000, -0.017619, 0.021810, 44.783482, 0.011073
4.280000, -0.017514, 0.010988, 48.349686, 0.012097
4.300000, -0.017559, -0.000522, 45.783184, 0.001832
4.320000, -0.017514, -0.004549, 48.334148, 0.004293
4.340000, -0.018102, 0.002526, 48.852211, 0.006201
4.360000, -0.018304, 0.008752, 46.303444, 0.004169
4.380000, -0.018279, 0.010318, 45.282974, 0.003343
4.400000, -0.018019, 0.006928, 47.834579, 0.007046
4.420000, -0.018172, 0.000140, 48.338837, 0.003845
4.440000, -0.018164, -0.000727, 47.315937, 0.001722
4.460000, -0.017908, 0.005993, 48.344688, 0.007911
4.480000, -0.017438, 0.011907, 45.284565, 0.007727
4.500000, -0.017255, 0.010782, 45.794487, 0.008803
4.520000, -0.016827, 0.002927, 50.896618, 0.015274
4.540000, -0.017019, -0.010498, 50.372204, 0.006854
4.560000, -0.017012, -0.017699, 47.809952, -0.001029
4.580000, -0.016952, -0.012404, 47.815247, 0.001889
4.600000, -0.017647, -0.001254, 48.337444, 0.005383
4.620000, -0.017828, 0.000806, 50.894497, 0.009943
4.640000, -0.018470, -0.007526, 51.397148, 0.003877
4.660000, -0.018911, -0.016320, 44.745350, -0.013589
4.680000, -0.018992, -0.008270, 50.885418, 0.000420
4.700000, -0.019851, 0.007198, 51.411873, 0.005382
4.720000, -0.019782, 0.014208, 50.396912, 0.007479
4.740000, -0.020025, 0.012437, 47.840088, 0.001259
4.760000, -0.019727, 0.007328, 50.901020, 0.005119
4.780000, -0.019739, 0.001165, 45.784870, -0.006620
4.800000, -0.019688, 0.003856, 50.897545, 0.003541
4.820000, -0.018776, 0.014862, 47.331524, 0.006945
4.840000, -0.018382, 0.018981, 50.401684, 0.015848
4.860000, -0.018403, 0.012597, 48.351295, 0.009117
4.880000, -0.018694, -0.001706, 51.402969, 0.005844
4.900000, -0.018833, -0.012366, 51.392311, -0.000103
4.920000, -0.019005, -0.012223, 45.771481, -0.010213
4.940000, -0.018815, 0.001935, 47.318600, 0.000283
4.960000, -0.018426, 0.015962, 48.354660, 0.010709
4.980000, -0.018476, 0.014271, 48.352970, 0.009647
5.000000, -0.018326, 0.003135, 47.319798, 0.002973
5.020000, -0.018405, -0.005891, 47.821758, -0.001039
5.040000, -0.018782, -0.004984, 45.267673, -0.006485
5.060000, -0.018450, 0.007895, 47.835545, 0.005694
5.080000, -0.017658, 0.019020, 48.357716, 0.015518
5.100000, -0.017650, 0.012060, 47.839710, 0.011199
5.120000, -0.017336, -0.003636, 47.313026, 0.003795
5.140000, -0.017548, -0.014268, 48.324429, -0.000733
5.160000, -0.017584, -0.011562, 45.772144, -0.003823
5.180000, -0.017456, -0.000811, 48.848873, 0.007280
5.200000, -0.017005, 0.006563, 46.812241, 0.009468
5.220000, -0.016828, 0.002333, 48.341030, 0.010676
5.240000, -0.017198, -0.009972, 50.372730, 0.006353
5.260000, -0.017605, -0.021367, 51.383308, 0.000617
5.280000, -0.018320, -0.021654, 49.850002, -0.005155
5.300000, -0.018924, -0.010535, 50.372169, -0.001289
5.320000, -0.019116, 0.000108, 47.827759, -0.001059
5.340000, -0.019250, 0.002664, 47.830315, -0.000343
5.360000, -0.019596, -0.000561, 48.338135, -0.002583
5.380000, -0.019344, -0.001241, 48.848442, -0.000987
5.400000, -0.019242, 0.003696, 48.853378, 0.001925
5.420000, -0.018994, 0.011047, 51.415722, 0.010971
5.440000, -0.018919, 0.012093, 47.839741, 0.005802
5.460000, -0.018857, 0.004407, 47.321072, 0.001348
5.480000, -0.018879, -0.003391, 48.335304, -0.000943
5.500000, -0.018962, -0.008488, 47.819160, -0.004716
5.520000, -0.019525, -0.002785, 47.824863, -0.004255
5.540000, -0.019525, 0.009258, 44.770927, -0.003362
5.560000, -0.019302, 0.019494, 45.803200, 0.004450
5.580000, -0.018463, 0.021517, 44.272202, 0.006466
5.600000, -0.018051, 0.013706, 48.863388, 0.012034
5.620000, -0.017891, 0.001884, 42.719547, -0.003530
5.640000, -0.017697, -0.002216, 47.825436, 0.003829
5.660000, -0.018048, 0.003649, 45.787354, 0.001841
5.680000, -0.018109, 0.008838, 44.770508, 0.002467
5.700000, -0.018034, 0.010863, 45.794567, 0.005522
5.720000, -0.018113, 0.004828, 47.321491, 0.004731
5.740000, -0.018362, -0.004288, 48.334408, 0.000811
5.760000, -0.018738, -0.006110, 43.222542, -0.010302
5.780000, -0.018821, 0.003013, 42.720676, -0.006931
5.800000, -0.018887, 0.019172, 45.802876, 0.006058
5.820000, -0.018080, 0.024917, 45.297573, 0.011527
5.840000, -0.018034, 0.018267, 48.356964, 0.013537
5.860000, -0.017443, 0.002796, 45.275452, 0.003134
5.880000, -0.017159, -0.006965, 43.221687, -0.003995
5.900000, -0.017122, -0.003018, 44.758652, 0.000722
5.920000, -0.016978, 0.006493, 47.834145, 0.011266
5.940000, -0.017341, 0.009515, 45.793221, 0.007803
5.960000, -0.017329, 0.002060, 45.785763, 0.004106
5.980000, -0.017738, -0.006897, 42.199780, -0.008148
6.000000, -0.017945, -0.007335, 45.265324, -0.004099
6.020000, -0.018285, 0.001577, 45.785282, -0.000212
6.040000, -0.017957, 0.011140, 43.239792, 0.001695
6.060000, -0.017729, 0.019391, 41.715084, 0.004232
6.080000, -0.017042, 0.022289, 45.805992, 0.015492
6.100000, -0.016946, 0.012895, 45.796600, 0.011184
6.120000, -0.017206, -0.004066, 43.224586, -0.002742
6.140000, -0.017482, -0.007097, 45.776608, -0.001143
6.160000, -0.017577, 0.001594, 45.785297, 0.002818
6.180000, -0.018388, 0.013379, 45.286037, 0.004416
6.200000, -0.017925, 0.011639, 45.795345, 0.006378
6.220000, -0.017541, 0.011012, 42.728676, 0.002545
6.240000, -0.016973, 0.008244, 45.280903, 0.007871
6.260000, -0.017225, 0.004077, 45.787781, 0.005562
6.280000, -0.016893, -0.000097, 42.717567, -0.000273
6.300000, -0.015912, 0.007728, 45.791431, 0.012999
6.320000, -0.015594, 0.014387, 47.842037, 0.021135
6.340000, -0.015456, 0.001916, 48.340614, 0.016319
6.360000, -0.016074, -0.017066, 47.299599, 0.002430
6.380000, -0.016417, -0.027969, 45.755733, -0.007085
6.400000, -0.017466, -0.022606, 47.294056, -0.006287
6.420000, -0.017892, -0.007376, 45.776329, -0.003034
6.440000, -0.017513, 0.007776, 45.791481, 0.006196
6.460000, -0.016692, 0.013605, 42.731270, 0.007469
6.480000, -0.016628, 0.009060, 45.792763, 0.010612
6.500000, -0.016794, -0.001617, 48.337082, 0.008840
6.520000, -0.017231, -0.009840, 45.773865, -0.001449
6.540000, -0.017298, -0.006432, 47.310230, 0.002551
6.560000, -0.017273, 0.004042, 48.342739, 0.009637
6.580000, -0.017057, 0.005171, 44.766842, 0.005111
6.600000, -0.016698, -0.001907, 45.270748, 0.003945
6.620000, -0.016518, -0.007218, 42.710445, -0.002250
6.640000, -0.016254, -0.007715, 47.819935, 0.007220
6.660000, -0.016178, -0.002692, 44.758980, 0.004911
6.680000, -0.015995, 0.002410, 48.341106, 0.014269
6.700000, -0.016494, 0.000916, 47.317581, 0.009673
6.720000, -0.016893, -0.009020, 50.884670, 0.008995
6.740000, -0.017316, -0.021871, 48.316826, -0.003560
6.760000, -0.017839, -0.026395, 50.356308, -0.004628
6.780000, -0.018098, -0.016274, 48.833408, -0.003224
6.800000, -0.018202, -0.002745, 48.335953, 0.002267
6.820000, -0.018392, 0.005755, 48.344452, 0.005724
6.840000, -0.018308, 0.002084, 45.785789, -0.000054
6.860000, -0.018508, -0.003229, 47.824421, -0.000139
6.880000, -0.018628, -0.005051, 42.712612, -0.010159
6.900000, -0.018070, 0.002814, 45.786518, 0.001328
6.920000, -0.017580, 0.016031, 48.354729, 0.014349
6.940000, -0.017022, 0.017345, 45.290001, 0.012233
6.960000, -0.016751, 0.005889, 44.767559, 0.006776
6.980000, -0.016987, -0.008799, 45.774906, 0.000114
7.000000, -0.016654, -0.014760, 48.834923, 0.003692
7.020000, -0.016894, -0.013339, 43.215313, -0.006066
7.040000, -0.016568, -0.005316, 45.267342, 0.002790
7.060000, -0.016380, 0.002986, 48.341682, 0.012914
7.080000, -0.016062, -0.000341, 45.272316, 0.007447
7.100000, -0.016293, -0.012601, 48.326096, 0.005457
7.120000, -0.017230, -0.023399, 45.760303, -0.008259
7.140000, -0.017533, -0.022885, 45.760818, -0.009293
7.160000, -0.017679, -0.008384, 45.775322, -0.002632
7.180000, -0.017823, 0.004788, 43.233440, -0.000926
7.200000, -0.018075, 0.009255, 45.792961, 0.004541
7.220000, -0.017828, 0.006355, 42.724018, -0.001018
7.240000, -0.017515, -0.000210, 42.717453, -0.002980
7.260000, -0.017532, 0.000386, 45.784092, 0.002400
7.280000, -0.017787, 0.004023, 42.721687, -0.002016
7.300000, -0.017137, 0.009416, 40.172089, -0.000829
7.320000, -0.016659, 0.015693, 42.733356, 0.008658
7.340000, -0.016553, 0.013684, 42.220364, 0.007241
7.360000, -0.016174, 0.001426, 42.208103, 0.002703
7.380000, -0.015762, -0.007518, 39.644169, -0.004331
7.400000, -0.016231, -0.006958, 45.776745, 0.004261
7.420000, -0.016116, -0.001951, 42.715714, 0.002112
7.440000, -0.016001, 0.002266, 42.208942, 0.003860
7.460000, -0.015636, 0.001873, 41.697563, 0.004361
7.480000, -0.015780, -0.004607, 40.158066, -0.002083
7.500000, -0.015968, -0.010218, 42.707447, -0.001410
7.520000, -0.015925, -0.011210, 40.151463, -0.006018
7.540000, -0.015692, -0.005149, 42.712517, 0.002315
7.560000, -0.015342, 0.002302, 40.675961, 0.004113
7.580000, -0.014712, 0.004448, 42.211124, 0.010452
7.600000, -0.014410, -0.002133, 40.160538, 0.005000
7.620000, -0.014820, -0.013221, 42.704445, 0.001976
7.640000, -0.015753, -0.022059, 40.140614, -0.010735
7.660000, -0.016182, -0.020762, 42.696903, -0.007618
7.680000, -0.016556, -0.009492, 40.664165, -0.006991
7.700000, -0.016598, 0.002101, 42.719765, 0.002092
7.720000, -0.015859, 0.009213, 40.171886, 0.004520
7.740000, -0.016340, 0.005299, 41.190006, 0.002219
7.760000, -0.016542, -0.002743, 39.648941, -0.005259
7.780000, -0.016367, -0.007403, 37.600277, -0.010287
7.800000, -0.016853, -0.003670, 40.159000, -0.006190
7.820000, -0.015901, 0.005370, 40.168041, 0.002411
7.840000, -0.016282, 0.011314, 37.108006, -0.001383
7.860000, -0.015798, 0.013467, 37.621147, 0.002618
7.880000, -0.015544, 0.012968, 37.620647, 0.003454
7.900000, -0.015014, 0.007481, 40.170151, 0.007252
7.920000, -0.014936, -0.003539, 37.604141, -0.002246
7.940000, -0.015285, -0.010661, 34.531040, -0.012466
7.960000, -0.016133, -0.003666, 37.604012, -0.007412
7.980000, -0.015643, 0.008364, 35.061050, -0.003579
8.000000, -0.015265, 0.017410, 35.070095, 0.002577
8.020000, -0.014863, 0.020018, 34.050671, 0.003882
8.040000, -0.014725, 0.016206, 35.068893, 0.004277
8.060000, -0.014529, 0.009612, 35.062298, 0.001800
8.080000, -0.014469, 0.002376, 34.544075, -0.002438
8.100000, -0.014355, -0.001112, 36.073547, -0.001126
8.120000, -0.014571, 0.000472, 31.987179, -0.008123
8.140000, -0.014267, 0.007079, 35.570751, 0.002506
8.160000, -0.014105, 0.013483, 35.066170, 0.005553
8.180000, -0.013797, 0.013283, 34.554981, 0.005907
8.200000, -0.013618, 0.008470, 35.572144, 0.005971
8.220000, -0.013833, 0.000350, 35.053036, 0.000117
8.240000, -0.014207, -0.006410, 31.469250, -0.010889
8.260000, -0.014046, -0.003803, 35.048885, -0.002879
8.280000, -0.014493, 0.002826, 35.566498, -0.000595
8.300000, -0.014322, 0.006298, 35.569969, 0.001876
8.320000, -0.014326, 0.008678, 32.506374, -0.002098
8.340000, -0.013902, 0.013723, 32.511417, 0.002244
8.360000, -0.013713, 0.015694, 32.002403, 0.003180
8.380000, -0.013025, 0.013334, 32.511028, 0.005789
8.400000, -0.012763, 0.007268, 31.993975, 0.003001
8.420000, -0.013288, 0.000421, 31.987129, -0.002680
8.440000, -0.013108, -0.000970, 32.496723, -0.001750
8.460000, -0.012977, 0.001170, 32.498863, -0.000118
8.480000, -0.012871, 0.005208, 33.013889, 0.003222
8.500000, -0.012462, 0.008579, 31.484240, 0.004080
8.520000, -0.012237, 0.009428, 32.507122, 0.007185
8.540000, -0.012521, 0.007120, 31.482780, 0.003099
8.560000, -0.012319, 0.002098, 31.988806, 0.002295
8.580000, -0.011901, -0.000841, 29.941860, -0.000835
8.600000, -0.012261, -0.004022, 32.493671, 0.000329
8.620000, -0.012392, -0.003709, 29.938992, -0.004370
8.640000, -0.011914, -0.000900, 31.985807, 0.002519
8.660000, -0.012200, 0.002872, 31.989580, 0.003194
8.680000, -0.012398, 0.004138, 29.435791, -0.001312
8.700000, -0.012934, 0.008497, 31.484158, 0.002027
8.720000, -0.012499, 0.012126, 31.998835, 0.006564
8.740000, -0.011937, 0.010865, 29.953566, 0.004892
8.760000, -0.011324, 0.004217, 31.990925, 0.007606
8.780000, -0.011179, -0.003098, 29.428556, 0.000252
8.800000, -0.011134, -0.007445, 31.468216, 0.001697
8.820000, -0.011822, -0.006898, 29.424755, -0.004398
8.840000, -0.012373, -0.001400, 32.496296, 0.001169
8.860000, -0.012568, 0.004869, 29.947571, -0.000810
8.880000, -0.011906, 0.010094, 29.441748, 0.003779
8.900000, -0.011598, 0.012901, 31.999609, 0.010797
8.920000, -0.011239, 0.008880, 29.440535, 0.006014
8.940000, -0.010675, 0.001166, 32.498859, 0.009700
8.960000, -0.010880, -0.006217, 32.491478, 0.005114
8.980000, -0.010994, -0.014743, 31.971964, -0.000513
9.000000, -0.011843, -0.016961, 31.969746, -0.005246
9.020000, -0.012323, -0.010136, 28.910532, -0.009020
9.040000, -0.013089, 0.000815, 29.432468, -0.005927
9.060000, -0.012897, 0.015188, 30.468876, 0.003829
9.080000, -0.012748, 0.020296, 29.962997, 0.006169
9.100000, -0.012139, 0.020210, 29.451864, 0.007864
9.120000, -0.011504, 0.015074, 29.957775, 0.008853
9.140000, -0.011043, 0.008019, 32.505714, 0.011572
9.160000, -0.010517, -0.002353, 29.940348, 0.004307
9.180000, -0.010443, -0.010144, 33.509521, 0.006725
9.200000, -0.010666, -0.014448, 29.928253, -0.002403
9.220000, -0.011460, -0.013294, 32.995388, -0.000052
9.240000, -0.011998, -0.006296, 29.936405, -0.003988
9.260000, -0.012402, 0.001527, 32.499222, 0.002513
9.280000, -0.012563, 0.008020, 29.439674, -0.000066
9.300000, -0.012724, 0.010008, 29.952709, 0.001104
9.320000, -0.012724, 0.011500, 29.443153, 0.000996
9.340000, -0.012578, 0.011981, 29.443634, 0.001860
9.360000, -0.011897, 0.011006, 29.442659, 0.004272
9.380000, -0.011090, 0.009722, 26.886383, 0.002775
9.400000, -0.010811, 0.010478, 28.931145, 0.007781
9.420000, -0.010977, 0.009839, 27.397549, 0.004175
9.440000, -0.011257, 0.009781, 25.864470, 0.000373
9.460000, -0.011461, 0.013516, 26.890177, 0.003100
9.480000, -0.011328, 0.017934, 31.493595, 0.013618
9.500000, -0.010547, 0.014933, 29.446587, 0.012004
9.520000, -0.010195, 0.004959, 30.458647, 0.010213
9.540000, -0.010381, -0.003791, 32.493904, 0.008463
9.560000, -0.011050, -0.010855, 32.486839, 0.002061
9.580000, -0.011701, -0.013034, 31.973673, -0.002670
9.600000, -0.011822, -0.007235, 30.446453, -0.002849
9.620000, -0.011737, 0.001644, 29.433298, 0.000256
9.640000, -0.011341, 0.010807, 29.953508, 0.007407
9.660000, -0.010395, 0.015604, 28.936272, 0.012128
9.680000, -0.009776, 0.012060, 31.998768, 0.018147
9.700000, -0.010051, 0.000938, 32.498634, 0.012244
9.720000, -0.010619, -0.011548, 30.953127, 0.000974
9.740000, -0.010590, -0.016620, 32.481075, 0.001130
9.760000, -0.010981, -0.015654, 31.971054, -0.000914
9.780000, -0.011025, -0.011853, 32.996826, 0.002525
9.800000, -0.010863, -0.003607, 31.983101, 0.005640
9.820000, -0.011166, 0.000073, 31.986780, 0.006196
9.840000, -0.011156, 0.001938, 30.966612, 0.005459
9.860000, -0.010799, 0.002698, 31.478357, 0.008222
9.880000, -0.010636, -0.000256, 32.497440, 0.009150
9.900000, -0.010857, -0.006530, 31.469130, 0.003338
9.920000, -0.011301, -0.011939, 32.485756, 0.000445
9.940000, -0.011468, -0.011072, 32.486622, 0.000169
9.960000, -0.011727, -0.007544, 32.490150, 0.000838
9.980000, -0.011285, -0.001228, 33.007454, 0.006754
10.000000, -0.011073, 0.002731, 32.500427, 0.008788
10.020000, -0.011233, 0.002588, 32.500282, 0.008035
10.040000, -0.011068, -0.001103, 31.474558, 0.005164
10.060000, -0.011285, -0.004623, 31.471037, 0.002473
10.080000, -0.011660, -0.008223, 35.555450, 0.005937
10.100000, -0.011585, -0.011375, 32.486320, -0.000479
10.120000, -0.012265, -0.011884, 31.974823, -0.004497
10.140000, -0.012123, -0.004566, 35.559105, 0.005799
10.160000, -0.012133, 0.001551, 31.988258, 0.002814
10.180000, -0.011877, 0.004971, 32.502666, 0.006481
10.200000, -0.012199, 0.006708, 34.548409, 0.009420
10.220000, -0.011813, 0.002894, 32.500587, 0.005714
10.240000, -0.011881, -0.003536, 35.049149, 0.006489
10.260000, -0.012094, -0.009552, 31.977156, -0.002594
10.280000, -0.012456, -0.011230, 35.552444, 0.001031
10.300000, -0.012797, -0.008106, 35.044579, 0.000286
10.320000, -0.012604, -0.003799, 35.048889, 0.003275
10.340000, -0.012646, 0.000701, 32.498398, 0.001058
10.360000, -0.012276, 0.005183, 32.502876, 0.004888
10.380000, -0.012517, 0.006974, 32.504669, 0.004760
10.400000, -0.012509, 0.005738, 32.503433, 0.004172
10.420000, -0.012651, 0.001065, 31.987772, 0.000364
10.440000, -0.012176, -0.001223, 32.496471, 0.002095
10.460000, -0.012326, -0.001896, 32.495800, 0.001121
10.480000, -0.012605, 0.000107, 31.986814, 0.000078
10.500000, -0.012301, 0.004394, 31.991102, 0.003525
10.520000, -0.012074, 0.009154, 32.506847, 0.007743
10.540000, -0.011671, 0.010305, 31.997013, 0.009180
10.560000, -0.011404, 0.005439, 31.481098, 0.007016
10.580000, -0.011475, -0.000303, 31.986404, 0.004689
10.600000, -0.011303, -0.006180, 34.024471, 0.005910
10.620000, -0.011538, -0.011309, 35.041378, 0.004049
10.640000, -0.011993, -0.014400, 34.527302, -0.000305
10.660000, -0.012499, -0.013463, 34.017189, -0.002852
10.680000, -0.012078, -0.006827, 31.979881, -0.001158
10.700000, -0.012291, 0.001643, 32.499336, 0.003046
10.720000, -0.012028, 0.006844, 35.059532, 0.011075
10.740000, -0.012241, 0.003889, 31.990597, 0.003530
10.760000, -0.011927, -0.003099, 31.983608, 0.001359
10.780000, -0.012211, -0.006318, 32.491375, -0.000611
10.800000, -0.011969, -0.007362, 35.556309, 0.005049
10.820000, -0.012347, -0.007143, 34.534557, 0.001833
10.840000, -0.012337, -0.006677, 32.491016, -0.001329
10.860000, -0.012542, -0.001909, 31.984798, -0.000666
10.880000, -0.012188, 0.004196, 31.990904, 0.003910
10.900000, -0.012225, 0.007776, 32.505470, 0.006409
10.920000, -0.011923, 0.004903, 32.502598, 0.006251
10.940000, -0.011865, -0.000746, 35.051941, 0.007957
10.960000, -0.012100, -0.009324, 32.488373, -0.001647
10.980000, -0.011825, -0.013146, 31.973562, -0.003252
11.000000, -0.012371, -0.009956, 32.998722, -0.002263
11.020000, -0.012200, -0.003975, 32.493721, 0.000613
11.040000, -0.011829, 0.001556, 31.988264, 0.004112
11.060000, -0.012308, 0.004749, 30.969423, 0.001955
11.080000, -0.011596, 0.006277, 33.014957, 0.009198
11.100000, -0.011575, 0.001321, 32.499016, 0.005940
11.120000, -0.011511, -0.006889, 32.490807, 0.002089
11.140000, -0.011745, -0.011290, 31.975418, -0.001980
11.160000, -0.011752, -0.013347, 31.462313, -0.003903
11.180000, -0.012542, -0.009992, 31.976715, -0.004726
11.200000, -0.012276, -0.002020, 33.006660, 0.002127
11.220000, -0.011842, 0.003465, 29.435120, 0.000721
11.240000, -0.011326, 0.006555, 32.504250, 0.009629
11.260000, -0.011716, 0.002800, 29.434454, 0.000925
11.280000, -0.012088, -0.000170, 32.497524, 0.003001
11.300000, -0.013009, -0.003225, 29.428429, -0.007617
11.320000, -0.013555, -0.003738, 29.427916, -0.010203
11.340000, -0.013687, 0.004194, 26.880856, -0.011079
11.360000, -0.013707, 0.014858, 29.957560, -0.000653
11.380000, -0.013411, 0.022085, 26.898746, -0.000915
11.400000, -0.012540, 0.026803, 27.414511, 0.006029
11.420000, -0.012195, 0.028829, 29.971529, 0.012816
11.440000, -0.011834, 0.023562, 29.455215, 0.010848
11.460000, -0.011405, 0.014979, 29.957680, 0.009225
11.480000, -0.011027, 0.005098, 29.436752, 0.005016
11.500000, -0.010852, -0.001175, 31.985533, 0.006907
11.520000, -0.010578, -0.007765, 28.912903, -0.000386
11.540000, -0.010571, -0.011801, 32.485893, 0.003629
11.560000, -0.010525, -0.010822, 27.376886, -0.004273
11.580000, -0.010920, -0.008199, 29.423454, -0.001207
11.600000, -0.011277, -0.001071, 30.452616, 0.002569
11.620000, -0.011508, 0.002945, 30.456633, 0.003603
11.640000, -0.011260, 0.004842, 30.969515, 0.006474
11.660000, -0.010437, 0.002530, 29.434183, 0.006245
11.680000, -0.010319, -0.001234, 30.452454, 0.006574
11.700000, -0.010365, -0.007072, 27.380636, -0.001710
11.720000, -0.010425, -0.009947, 29.421707, 0.000027
11.740000, -0.011132, -0.009751, 29.421904, -0.002890
11.760000, -0.011441, -0.007235, 26.869427, -0.007240
11.780000, -0.011399, 0.000450, 29.432104, 0.001095
11.800000, -0.010933, 0.008631, 27.396339, 0.003757
11.820000, -0.011380, 0.011364, 27.399073, 0.003222
11.840000, -0.011018, 0.011280, 25.865969, 0.002146
11.860000, -0.011108, 0.011575, 26.888235, 0.003628
11.880000, -0.011147, 0.010618, 27.909313, 0.004700
11.900000, -0.010844, 0.006202, 29.437855, 0.006352
11.920000, -0.010948, 0.001426, 30.455114, 0.005228
11.940000, -0.010957, -0.004643, 26.872019, -0.003871
11.960000, -0.010412, -0.005104, 30.448584, 0.004234
11.980000, -0.011112, -0.002021, 26.363653, -0.004078
12.000000, -0.010658, 0.001811, 26.878471, 0.000642
12.020000, -0.010384, 0.008234, 27.395943, 0.005898
12.040000, -0.010172, 0.011310, 26.376986, 0.006628
12.060000, -0.009857, 0.008403, 26.885065, 0.007373
12.080000, -0.010128, 0.004278, 26.880939, 0.004145
12.100000, -0.010062, -0.000322, 26.876339, 0.002116
12.120000, -0.009809, -0.003145, 29.428509, 0.006069
12.140000, -0.010658, -0.006192, 26.870468, -0.003375
12.160000, -0.010792, -0.007446, 26.358229, -0.005434
12.180000, -0.010477, -0.000661, 28.409019, 0.002750
12.200000, -0.010274, 0.004839, 24.837494, 0.000366
12.220000, -0.010037, 0.008706, 27.396414, 0.007616
12.240000, -0.010756, 0.010579, 28.931246, 0.008066
12.260000, -0.010837, 0.005895, 26.882555, 0.001933
12.280000, -0.010678, 0.004912, 26.370586, 0.001257
12.300000, -0.010727, 0.005301, 26.881962, 0.002105
12.320000, -0.011221, 0.004963, 27.392672, 0.000685
12.340000, -0.010948, 0.004141, 27.391850, 0.001435
12.360000, -0.010551, 0.005566, 25.860254, 0.001269
12.380000, -0.010063, 0.005785, 26.882446, 0.005176
12.400000, -0.010323, 0.006637, 24.328306, 0.000202
12.420000, -0.010221, 0.008693, 26.885355, 0.005965
12.440000, -0.010563, 0.011496, 26.377171, 0.005055
12.460000, -0.009708, 0.012220, 26.888882, 0.009922
12.480000, -0.009121, 0.010057, 28.419739, 0.013917
12.500000, -0.008792, 0.002003, 27.389711, 0.009558
12.520000, -0.008370, -0.006643, 26.870018, 0.006155
12.540000, -0.008331, -0.012752, 29.418901, 0.007549
12.560000, -0.008849, -0.017976, 29.924725, 0.003575
12.580000, -0.009511, -0.021364, 26.344311, -0.006962
12.600000, -0.009958, -0.017271, 29.925430, -0.000801
12.620000, -0.010531, -0.008313, 30.445374, 0.002113
12.640000, -0.011336, -0.002105, 28.918562, -0.000779
12.660000, -0.011266, 0.002725, 26.879387, -0.001490
12.680000, -0.011316, 0.009205, 29.440859, 0.005846
12.700000, -0.011413, 0.011246, 26.887907, 0.002164
12.720000, -0.011152, 0.011259, 26.887920, 0.003284
12.740000, -0.011233, 0.010661, 27.398369, 0.003496
12.760000, -0.011032, 0.007612, 26.884274, 0.001961
12.780000, -0.011216, 0.007011, 27.905706, 0.002593
12.800000, -0.011175, 0.007745, 23.818426, -0.003734
12.820000, -0.010251, 0.011959, 26.888620, 0.007477
12.840000, -0.009346, 0.016887, 26.382561, 0.012951
12.860000, -0.008092, 0.013704, 26.890366, 0.017560
12.880000, -0.007954, 0.005871, 29.437525, 0.018511
12.900000, -0.007891, -0.006685, 29.424969, 0.012471
12.920000, -0.008529, -0.019342, 29.923359, 0.004253
12.940000, -0.009328, -0.026190, 31.960518, 0.000844
12.960000, -0.009887, -0.026978, 28.893688, -0.007091
12.980000, -0.011070, -0.022323, 31.964384, -0.004643
13.000000, -0.011842, -0.013751, 26.862909, -0.012223
13.020000, -0.012033, -0.000232, 30.964441, 0.000629
13.040000, -0.011120, 0.012245, 26.888906, 0.003914
13.060000, -0.010863, 0.016800, 26.893461, 0.007298
13.080000, -0.011124, 0.017108, 26.893770, 0.006340
13.100000, -0.010560, 0.014838, 26.891499, 0.007606
13.120000, -0.010243, 0.011195, 26.887856, 0.007125
13.140000, -0.010104, 0.005485, 33.014164, 0.015163
13.160000, -0.010315, -0.004775, 29.937925, 0.003955
13.180000, -0.010551, -0.013119, 31.973587, 0.002192
13.200000, -0.010444, -0.013886, 26.862776, -0.006326
13.220000, -0.010107, -0.008046, 28.912621, 0.001482
13.240000, -0.009606, 0.000459, 26.877119, 0.004451
13.260000, -0.009600, 0.006500, 29.438154, 0.011809
13.280000, -0.010243, 0.004068, 29.435722, 0.007842
13.300000, -0.010240, -0.001710, 29.429943, 0.004953
13.320000, -0.010622, -0.005288, 30.448400, 0.003248
13.340000, -0.011457, -0.007911, 29.423742, -0.003349
13.360000, -0.012165, -0.008012, 30.956661, -0.003845
13.380000, -0.012179, -0.003281, 29.939421, -0.003247
13.400000, -0.011864, 0.003701, 29.946402, 0.001603
13.420000, -0.011650, 0.010502, 26.887163, 0.000777
13.440000, -0.011063, 0.015630, 26.381306, 0.004998
13.460000, -0.011104, 0.018184, 29.960886, 0.012121
13.480000, -0.011483, 0.016114, 26.892776, 0.004310
13.500000, -0.010240, 0.012351, 27.400061, 0.008578
13.520000, -0.009502, 0.008544, 29.440197, 0.013250
13.540000, -0.008650, -0.000238, 28.920429, 0.011617
13.560000, -0.008295, -0.011175, 29.931526, 0.009355
13.580000, -0.007887, -0.019681, 29.923019, 0.006822
13.600000, -0.008606, -0.025284, 31.961424, 0.004377
13.620000, -0.009066, -0.025533, 31.961174, 0.002294
13.640000, -0.010107, -0.022022, 32.986656, 0.001332
13.660000, -0.010226, -0.016503, 33.503162, 0.004456
13.680000, -0.010011, -0.014165, 31.972544, 0.003973
13.700000, -0.009779, -0.016355, 29.415298, -0.000434
13.720000, -0.010392, -0.016824, 30.947849, -0.000709
13.740000, -0.011184, -0.016665, 28.904003, -0.007440
13.760000, -0.012176, -0.012054, 31.974653, -0.004202
13.780000, -0.012725, -0.004247, 26.872414, -0.011216
13.800000, -0.012799, 0.005670, 30.459358, -0.000534
13.820000, -0.012747, 0.015121, 27.402830, -0.000721
13.840000, -0.012521, 0.020150, 29.451803, 0.006206
13.860000, -0.011851, 0.023446, 27.411154, 0.007283
13.880000, -0.011858, 0.019827, 29.962528, 0.009729
13.900000, -0.011738, 0.011830, 29.443483, 0.005367
13.920000, -0.011393, 0.004810, 26.881472, -0.000985
13.940000, -0.010608, 0.001090, 29.432743, 0.004792
13.960000, -0.010683, 0.001142, 29.943844, 0.005358
13.980000, -0.011022, -0.001613, 26.364061, -0.003488
14.000000, -0.011570, 0.000728, 30.454414, 0.002224
14.020000, -0.011708, 0.005275, 26.881937, -0.002093
14.040000, -0.011430, 0.010356, 28.420036, 0.004221
14.060000, -0.011098, 0.015300, 28.424980, 0.008122
14.080000, -0.010573, 0.012824, 26.378500, 0.005678
14.100000, -0.010303, 0.008395, 30.462082, 0.011479
14.120000, -0.009716, 0.000279, 27.387987, 0.004751
14.140000, -0.009790, -0.007582, 29.424072, 0.003922
14.160000, -0.009836, -0.010574, 28.910093, 0.001367
14.180000, -0.010162, -0.011103, 26.865559, -0.003725
14.200000, -0.010575, -0.006517, 29.425137, 0.001111
14.220000, -0.010842, -0.000278, 26.876383, -0.001190
14.240000, -0.010848, 0.005516, 28.926184, 0.005130
14.260000, -0.010301, 0.009822, 26.886482, 0.006188
14.280000, -0.010417, 0.009083, 29.951784, 0.010478
14.300000, -0.010629, 0.003043, 29.434696, 0.005681
14.320000, -0.010340, -0.004985, 27.382723, -0.000553
14.340000, -0.009742, -0.007713, 29.934988, 0.004924
14.360000, -0.009319, -0.008575, 31.978132, 0.009728
14.380000, -0.009302, -0.012099, 32.485596, 0.008892
14.400000, -0.009361, -0.017600, 26.348074, -0.004432
14.420000, -0.009309, -0.015498, 28.394184, 0.000281
14.440000, -0.009435, -0.009854, 30.443834, 0.006017
14.460000, -0.009537, -0.007101, 28.913567, 0.004384
14.480000, -0.009837, -0.008966, 29.422688, 0.003028
14.500000, -0.010558, -0.011125, 29.931576, -0.000272
14.520000, -0.010891, -0.013606, 29.418049, -0.003796
14.540000, -0.010768, -0.012799, 29.929901, -0.002008
14.560000, -0.010835, -0.009475, 27.378233, -0.004921
14.580000, -0.010979, -0.004489, 29.427166, 0.000406
14.600000, -0.011427, 0.001154, 27.388863, -0.002104
14.620000, -0.011184, 0.004653, 26.881313, -0.000173
14.640000, -0.010897, 0.009935, 29.441589, 0.008002
14.660000, -0.010672, 0.009441, 26.886103, 0.004415
14.680000, -0.010481, 0.005288, 29.947989, 0.008299
14.700000, -0.011207, -0.000573, 26.876087, -0.002894
14.720000, -0.011290, -0.005500, 26.871161, -0.005723
14.740000, -0.012180, -0.001768, 27.385941, -0.006783
14.760000, -0.011967, 0.003361, 26.880022, -0.004158
14.780000, -0.011627, 0.010212, 27.397921, 0.001589
14.800000, -0.010756, 0.012811, 24.334480, 0.001455
14.820000, -0.010188, 0.014827, 25.358530, 0.006607
14.840000, -0.010281, 0.014607, 24.336275, 0.004384
14.860000, -0.009582, 0.011531, 24.333200, 0.005819
14.880000, -0.009733, 0.009527, 26.375202, 0.007604
14.900000, -0.009997, 0.005740, 26.882401, 0.005437
14.920000, -0.009734, -0.001094, 27.386616, 0.003984
14.940000, -0.010018, -0.005026, 23.805656, -0.005214
14.960000, -0.010767, -0.005910, 27.381798, -0.002841
14.980000, -0.010051, -0.002407, 27.385302, 0.001973
15.000000, -0.010090, 0.000604, 27.388313, 0.003321
15.020000, -0.010088, 0.000286, 23.810968, -0.002846
15.040000, -0.009096, 0.003271, 23.813953, 0.002883
15.060000, -0.009144, 0.006953, 25.350655, 0.007105
15.080000, -0.009973, 0.006534, 24.328201, 0.001642
15.100000, -0.009854, 0.005309, 24.326977, 0.001536
15.120000, -0.009634, 0.005643, 24.327311, 0.002639
15.140000, -0.008555, 0.004909, 24.326578, 0.006874
15.160000, -0.009127, 0.001451, 27.389158, 0.007852
15.180000, -0.009056, -0.005654, 27.382055, 0.004587
15.200000, -0.008410, -0.012770, 23.286926, -0.003106
15.220000, -0.008765, -0.011810, 24.309858, -0.002419
15.240000, -0.009359, -0.006592, 23.804090, -0.003191
15.260000, -0.009860, -0.002006, 21.253683, -0.007319
15.280000, -0.009422, 0.007461, 23.818142, 0.003597
15.300000, -0.008909, 0.013234, 24.334902, 0.009543
15.320000, -0.007690, 0.010433, 24.332102, 0.013337
15.340000, -0.007053, 0.002372, 23.813055, 0.011143
15.360000, -0.008045, -0.007355, 23.803328, 0.002029
15.380000, -0.009079, -0.014811, 24.306858, -0.005265
15.400000, -0.008968, -0.015124, 26.861536, -0.000652
15.420000, -0.009362, -0.012546, 23.798136, -0.006194
15.440000, -0.008878, -0.008113, 23.802568, -0.001904
15.460000, -0.008461, -0.002627, 22.275036, 0.000054
15.480000, -0.008734, 0.001164, 24.322832, 0.004230
15.500000, -0.009520, 0.002300, 24.323969, 0.001448
15.520000, -0.009716, 0.002649, 21.258339, -0.004369
15.540000, -0.010145, 0.006005, 21.772680, -0.003655
15.560000, -0.010304, 0.012431, 22.290092, -0.000246
15.580000, -0.009221, 0.016239, 22.293901, 0.006286
15.600000, -0.008384, 0.014524, 21.781199, 0.008136
15.620000, -0.007317, 0.008667, 21.264357, 0.008884
15.640000, -0.007653, -0.000438, 21.766237, 0.003738
15.660000, -0.007638, -0.006220, 24.826435, 0.006053
15.680000, -0.009605, -0.010580, 23.289116, -0.007102
15.700000, -0.011025, -0.009977, 24.311691, -0.011136
15.720000, -0.011464, 0.000629, 21.256317, -0.012837
15.740000, -0.011102, 0.015319, 21.271008, -0.003918
15.760000, -0.010407, 0.027547, 21.283237, 0.005191
15.780000, -0.010442, 0.032356, 21.288046, 0.007455
15.800000, -0.009452, 0.029772, 21.285461, 0.010380
15.820000, -0.009274, 0.024357, 21.280046, 0.008418
15.840000, -0.008408, 0.016815, 22.805525, 0.010904
15.860000, -0.008203, 0.009671, 21.776346, 0.006471
15.880000, -0.008693, 0.003574, 21.770250, 0.001319
15.900000, -0.009080, 0.001958, 21.257647, -0.002001
15.920000, -0.008262, 0.003892, 21.259581, 0.002456
15.940000, -0.007653, 0.007087, 22.284748, 0.008378
15.960000, -0.008579, 0.006970, 21.773645, 0.003512
15.980000, -0.008619, 0.005571, 20.750275, 0.000920
16.000000, -0.007646, 0.007511, 21.263201, 0.006902
16.020000, -0.007585, 0.010199, 21.265888, 0.008513
16.040000, -0.007940, 0.010496, 21.266186, 0.007145
16.060000, -0.008375, 0.009220, 24.841875, 0.010663
16.080000, -0.007491, 0.006133, 21.261822, 0.006871
16.100000, -0.006824, 0.002097, 24.834751, 0.013701
16.120000, -0.007064, -0.003019, 23.807663, 0.008391
16.140000, -0.007329, -0.010765, 24.310904, 0.004229
16.160000, -0.008420, -0.013310, 24.308359, -0.001702
16.180000, -0.008863, -0.011365, 21.755310, -0.006909
16.200000, -0.009116, -0.002538, 24.319130, 0.000741
16.220000, -0.008210, 0.005896, 25.860584, 0.011419
16.240000, -0.007181, 0.008275, 21.774950, 0.010126
16.260000, -0.006557, 0.003641, 24.836296, 0.015618
16.280000, -0.005869, -0.001521, 26.364153, 0.018536
16.300000, -0.006849, -0.011151, 27.376556, 0.011236
16.320000, -0.007287, -0.019731, 28.389950, 0.006779
16.340000, -0.008275, -0.024383, 26.852278, -0.002349
16.360000, -0.008415, -0.023985, 29.407669, 0.001548
16.380000, -0.008933, -0.021073, 27.366636, -0.002632
16.400000, -0.008919, -0.017489, 24.304180, -0.005929
16.420000, -0.009185, -0.009688, 27.378021, 0.002011
16.440000, -0.009600, -0.001796, 27.385912, 0.004204
16.460000, -0.008373, 0.000454, 27.388163, 0.010566
16.480000, -0.009291, -0.000506, 26.365170, 0.004452
16.500000, -0.009666, -0.002422, 26.874239, 0.002750
16.520000, -0.009115, -0.001394, 24.320274, 0.001321
16.540000, -0.009601, 0.001623, 26.878284, 0.005059
16.560000, -0.009874, 0.000908, 26.877569, 0.003533
16.580000, -0.010194, -0.000713, 26.875948, 0.001355
16.600000, -0.010460, -0.002120, 24.830536, -0.003921
16.620000, -0.010043, 0.000320, 23.811003, -0.002635
16.640000, -0.010381, 0.007154, 25.350857, 0.001933
16.660000, -0.010174, 0.011606, 26.377281, 0.006768
16.680000, -0.009051, 0.012166, 25.866856, 0.010981
16.700000, -0.008725, 0.009461, 26.886122, 0.012730
16.720000, -0.008797, 0.004103, 26.880764, 0.009733
16.740000, -0.008415, -0.003510, 26.873152, 0.007538
16.760000, -0.009148, -0.006685, 27.381023, 0.003675
16.780000, -0.008999, -0.010663, 26.865997, 0.001453
16.800000, -0.009819, -0.010610, 26.866051, -0.002015
16.820000, -0.010194, -0.009255, 27.378454, -0.002075
16.840000, -0.010254, -0.005299, 26.871363, -0.001203
16.860000, -0.009824, -0.000741, 25.853949, 0.001200
16.880000, -0.009546, 0.003866, 24.325535, 0.002123
16.900000, -0.008878, 0.006317, 27.394026, 0.011358
16.920000, -0.009195, 0.006259, 26.882919, 0.009116
16.940000, -0.009433, 0.000525, 25.344227, 0.002645
16.960000, -0.009926, -0.000763, 29.941938, 0.007628
16.980000, -0.010104, -0.003373, 26.873289, 0.000401
17.000000, -0.010372, -0.004472, 26.872189, -0.001293
17.020000, -0.009615, -0.001847, 26.874815, 0.003256
17.040000, -0.010113, -0.001521, 26.364153, 0.000435
17.060000, -0.009968, -0.001540, 27.386169, 0.002761
17.080000, -0.009633, -0.000698, 24.320971, -0.000539
17.100000, -0.009580, 0.002968, 26.879629, 0.005822
17.120000, -0.009257, 0.004812, 26.370487, 0.007269
17.140000, -0.009938, 0.004920, 26.881580, 0.005278
17.160000, -0.009698, 0.002729, 26.879391, 0.005200
17.180000, -0.010266, 0.002881, 26.879541, 0.002855
17.200000, -0.009804, 0.001909, 26.367584, 0.003479
17.220000, -0.010439, 0.001052, 27.388762, 0.002056
17.240000, -0.009916, -0.001330, 26.364346, 0.001374
17.260000, -0.009865, -0.000701, 26.364973, 0.001907
17.280000, -0.009716, -0.000914, 24.320755, -0.001002
17.300000, -0.009807, 0.001484, 26.367159, 0.003251
17.320000, -0.009227, 0.005144, 26.370819, 0.007562
17.340000, -0.008988, 0.004718, 26.370394, 0.008368
17.360000, -0.008918, 0.003626, 27.391335, 0.009835
17.380000, -0.009154, -0.000753, 26.875908, 0.005772
17.400000, -0.008791, -0.004478, 26.872183, 0.005448
17.420000, -0.009313, -0.007261, 27.380447, 0.002683
17.440000, -0.008761, -0.010060, 28.910606, 0.006209
17.460000, -0.009614, -0.012885, 29.418768, 0.002010
17.480000, -0.010433, -0.016881, 26.859779, -0.007783
17.500000, -0.010540, -0.012250, 26.353424, -0.006774
17.520000, -0.010747, -0.002068, 23.808615, -0.006839
17.540000, -0.010812, 0.009445, 26.886106, 0.003822
17.560000, -0.009757, 0.016682, 24.338350, 0.007659
17.580000, -0.009476, 0.016374, 22.805082, 0.006127
17.600000, -0.008589, 0.013101, 26.889763, 0.015138
17.620000, -0.009230, 0.006536, 27.394245, 0.009965
17.640000, -0.009382, -0.004305, 26.872356, 0.003014
17.660000, -0.009838, -0.009771, 26.866890, -0.001676
17.680000, -0.009810, -0.010619, 27.377089, -0.001123
17.700000, -0.010404, -0.007596, 26.869066, -0.002997
17.720000, -0.009789, -0.003719, 25.339983, -0.001004
17.740000, -0.009914, 0.002395, 26.879055, 0.004109
17.760000, -0.009801, 0.006084, 26.371758, 0.005588
17.780000, -0.009612, 0.006556, 26.372231, 0.006630
17.800000, -0.009752, 0.006758, 26.883419, 0.006991
17.820000, -0.009286, 0.002732, 27.390440, 0.007816
17.840000, -0.009510, -0.000584, 27.898111, 0.006054
17.860000, -0.009012, -0.006458, 26.870203, 0.003511
17.880000, -0.008999, -0.010555, 26.866106, 0.001510
17.900000, -0.009744, -0.012650, 27.375057, -0.001864
17.920000, -0.010137, -0.012017, 24.820637, -0.007514
17.940000, -0.010316, -0.004959, 26.871702, -0.001297
17.960000, -0.009911, 0.003942, 26.880604, 0.004898
17.980000, -0.009003, 0.006762, 24.328430, 0.005892
18.000000, -0.008993, 0.007794, 24.329462, 0.006453
18.020000, -0.008209, 0.005520, 26.882181, 0.012952
18.040000, -0.007628, -0.000268, 27.387440, 0.013379
18.060000, -0.007470, -0.011432, 26.354242, 0.006728
18.080000, -0.008468, -0.021272, 26.855389, -0.001609
18.100000, -0.008785, -0.024311, 28.896357, -0.001053
18.120000, -0.009623, -0.023081, 26.853580, -0.007444
18.140000, -0.010179, -0.019075, 26.857586, -0.007803
18.160000, -0.010802, -0.008572, 26.868090, -0.005183
18.180000, -0.010100, -0.000398, 26.365276, 0.001057
18.200000, -0.010124, 0.007092, 26.372766, 0.004713
18.220000, -0.010335, 0.007543, 26.373217, 0.004040
18.240000, -0.009259, 0.004842, 25.348543, 0.005554
18.260000, -0.009277, 0.002029, 24.834684, 0.003207
18.280000, -0.009607, -0.001299, 24.320370, -0.000731
18.300000, -0.010040, -0.003470, 26.873192, 0.000629
18.320000, -0.009421, -0.004363, 25.850325, 0.001101
18.340000, -0.009307, -0.006015, 24.315653, -0.001821
18.360000, -0.010228, -0.005754, 24.826900, -0.004759
18.380000, -0.010543, -0.001673, 24.830982, -0.004052
18.400000, -0.011309, 0.004269, 24.325937, -0.005194
18.420000, -0.010827, 0.010889, 21.266579, -0.004969
18.440000, -0.010435, 0.018538, 22.296200, 0.002264
18.460000, -0.010792, 0.023408, 21.279099, 0.001470
18.480000, -0.010646, 0.023760, 24.345428, 0.007422
18.500000, -0.009364, 0.020201, 21.275890, 0.005948
18.520000, -0.008277, 0.014116, 21.780792, 0.008387
18.540000, -0.007571, 0.007247, 22.284910, 0.008806
18.560000, -0.007200, -0.001172, 23.809509, 0.008738
18.580000, -0.007195, -0.010358, 24.311310, 0.005003
18.600000, -0.007309, -0.016908, 24.815746, 0.002090
18.620000, -0.006882, -0.019019, 23.791664, 0.001129
18.640000, -0.006547, -0.018618, 24.303051, 0.003619
18.660000, -0.006864, -0.017673, 24.814981, 0.003600
18.680000, -0.005925, -0.017044, 28.903624, 0.014794
18.700000, -0.006256, -0.023210, 24.298458, 0.002556
18.720000, -0.006910, -0.029733, 26.335941, -0.000073
18.740000, -0.007956, -0.030112, 24.802544, -0.007303
18.760000, -0.009203, -0.027773, 24.293896, -0.012303
18.780000, -0.010262, -0.019733, 24.301935, -0.012784
18.800000, -0.011427, -0.008607, 21.247082, -0.017320
18.820000, -0.012297, 0.003866, 21.259556, -0.014764
18.840000, -0.011486, 0.018199, 21.273888, -0.004107
18.860000, -0.011094, 0.029432, 18.730129, -0.001091
18.880000, -0.010606, 0.031815, 19.243498, 0.003050
18.900000, -0.009895, 0.031498, 18.732195, 0.005064
18.920000, -0.009744, 0.027681, 18.728378, 0.003790
18.940000, -0.009580, 0.024201, 18.213911, 0.001881
18.960000, -0.009446, 0.021856, 19.233540, 0.002995
18.980000, -0.009203, 0.020025, 18.209736, 0.001393
19.000000, -0.008827, 0.019003, 18.719700, 0.003343
19.020000, -0.008810, 0.017438, 18.718134, 0.002626
19.040000, -0.008612, 0.015561, 19.227243, 0.003388
19.060000, -0.008241, 0.013354, 18.714050, 0.003004
19.080000, -0.008421, 0.010449, 18.711145, 0.000775
19.100000, -0.008425, 0.008705, 19.220388, 0.000745
19.120000, -0.008043, 0.008660, 18.709356, 0.001490
19.140000, -0.007696, 0.009932, 18.199642, 0.002748
19.160000, -0.007483, 0.009799, 19.221483, 0.005311
19.180000, -0.007353, 0.009031, 18.198742, 0.003759
19.200000, -0.007034, 0.007863, 18.708559, 0.005395
19.220000, -0.007047, 0.007180, 18.707876, 0.004993
19.240000, -0.006700, 0.005993, 19.217676, 0.006738
19.260000, -0.006475, 0.004880, 21.771555, 0.011434
19.280000, -0.006314, 0.000367, 18.701063, 0.004697
19.300000, -0.006422, -0.004803, 23.294891, 0.009374
19.320000, -0.006413, -0.008039, 21.247650, 0.004351
19.340000, -0.006780, -0.011982, 19.199701, -0.002630
19.360000, -0.007057, -0.010431, 19.201252, -0.003034
19.380000, -0.007119, -0.006034, 17.672630, -0.003666
19.400000, -0.007145, -0.000117, 18.700579, 0.000913
19.420000, -0.007399, 0.004340, 18.705036, 0.002068
19.440000, -0.007493, 0.006155, 19.728825, 0.004294
19.460000, -0.007421, 0.005764, 15.640481, -0.002468
19.480000, -0.007448, 0.008563, 19.220245, 0.004837
19.500000, -0.007199, 0.012471, 16.158176, 0.002706
19.520000, -0.007005, 0.012850, 19.224533, 0.008881
19.540000, -0.006900, 0.012219, 19.223902, 0.009010
19.560000, -0.006606, 0.008437, 18.709133, 0.007508
19.580000, -0.005796, 0.005100, 19.216784, 0.010145
19.600000, -0.006071, 0.000874, 19.212557, 0.006848
19.620000, -0.006108, -0.004620, 20.740084, 0.006509
19.640000, -0.005956, -0.006714, 21.248976, 0.006966
19.660000, -0.006255, -0.009987, 21.756689, 0.004905
19.680000, -0.006306, -0.013212, 21.753464, 0.003067
19.700000, -0.006662, -0.014277, 22.263386, 0.001873
19.720000, -0.007062, -0.013613, 21.242077, -0.001215
19.740000, -0.007298, -0.011027, 21.755648, -0.000064
19.760000, -0.007245, -0.006574, 21.760101, 0.002395
19.780000, -0.007033, -0.002407, 18.698290, 0.000239
19.800000, -0.006547, 0.001513, 21.257202, 0.008575
19.820000, -0.006890, 0.001930, 21.768606, 0.008180
19.840000, -0.006793, -0.001366, 19.210318, 0.002646
19.860000, -0.006624, -0.001446, 21.765228, 0.007619
19.880000, -0.006648, -0.003578, 21.763098, 0.006449
19.900000, -0.007257, -0.006233, 21.760443, 0.002516
19.920000, -0.007481, -0.008872, 21.246819, -0.000621
19.940000, -0.007849, -0.007313, 21.248377, -0.001407
19.960000, -0.007537, -0.004407, 21.762268, 0.002239
19.980000, -0.007727, -0.002638, 21.253052, 0.001460
20.000000, -0.007214, -0.001867, 21.253822, 0.004035
20.020000, -0.007439, -0.001273, 18.699423, -0.000923
20.040000, -0.007344, 0.000162, 19.211845, 0.001060
20.060000, -0.007082, 0.004130, 18.704826, 0.003311
20.080000, -0.006850, 0.006666, 18.707363, 0.005577
20.100000, -0.006654, 0.006939, 20.751642, 0.009988
20.120000, -0.006774, 0.003928, 22.281590, 0.010539
20.140000, -0.006797, -0.002262, 21.764414, 0.006475
20.160000, -0.006997, -0.008169, 21.758507, 0.002651
20.180000, -0.007224, -0.010811, 19.200872, -0.003936
20.200000, -0.007021, -0.008549, 19.714121, -0.001077
20.220000, -0.007469, -0.004300, 21.251389, 0.001724
20.240000, -0.007156, -0.003207, 21.252483, 0.003610
20.260000, -0.007060, -0.002924, 19.208759, 0.000721
20.280000, -0.007103, -0.003219, 18.697477, -0.000469
20.300000, -0.007417, -0.000862, 18.699835, -0.000622
20.320000, -0.006936, 0.002832, 21.769508, 0.008438
20.340000, -0.006181, 0.002809, 21.258499, 0.010790
20.360000, -0.005937, -0.001919, 21.253771, 0.009452
20.380000, -0.006094, -0.008204, 23.291492, 0.009066
20.400000, -0.006580, -0.014328, 21.752348, 0.001339
20.420000, -0.007409, -0.016806, 21.749870, -0.003440
20.440000, -0.007218, -0.014122, 22.263540, -0.000419
20.460000, -0.008074, -0.010964, 21.755711, -0.003345
20.480000, -0.008307, -0.008155, 21.758520, -0.002927
20.500000, -0.008626, -0.004222, 21.762453, -0.002313
20.520000, -0.008687, -0.000814, 20.743889, -0.002576
20.540000, -0.008530, 0.001827, 19.213509, -0.003158
20.560000, -0.008257, 0.006111, 18.706808, -0.000705
20.580000, -0.007767, 0.009182, 18.709879, 0.002930
20.600000, -0.007416, 0.010163, 18.710859, 0.004920
20.620000, -0.007172, 0.009127, 18.709824, 0.005439
20.640000, -0.006947, 0.006808, 19.218491, 0.006095
20.660000, -0.007083, 0.003522, 18.704220, 0.003004
20.680000, -0.006788, 0.001399, 19.213083, 0.004056
20.700000, -0.006672, -0.000213, 18.700483, 0.002881
20.720000, -0.006871, -0.000824, 18.188887, 0.000866
20.740000, -0.007232, -0.001528, 20.743176, 0.003270
20.760000, -0.007242, -0.003336, 19.208347, -0.000259
20.780000, -0.007171, -0.004187, 22.273474, 0.004771
20.800000, -0.006924, -0.005466, 18.695230, -0.000833
20.820000, -0.006947, -0.006362, 19.205320, -0.000523
20.840000, -0.007106, -0.005177, 17.673487, -0.003181
20.860000, -0.007122, -0.002320, 20.231337, 0.002482
20.880000, -0.007042, -0.001531, 18.699165, 0.000640
20.900000, -0.006934, -0.000177, 19.211506, 0.002638
20.920000, -0.006989, 0.001437, 18.702133, 0.002358
20.940000, -0.006911, 0.000513, 16.146217, -0.002072
20.960000, -0.006834, 0.002256, 19.213940, 0.004288
20.980000, -0.006365, 0.003836, 16.660528, 0.002785
21.000000, -0.006294, 0.002704, 19.214386, 0.006817
21.020000, -0.006276, -0.000249, 15.123483, -0.001464
21.040000, -0.006215, -0.001722, 19.209961, 0.004929
21.060000, -0.005768, -0.002232, 16.143473, 0.001427
21.080000, -0.005837, -0.005064, 18.695633, 0.004005
21.100000, -0.005871, -0.007747, 16.137959, -0.001785
21.120000, -0.006118, -0.008336, 19.203348, 0.002023
21.140000, -0.006048, -0.008583, 15.626135, -0.003816
21.160000, -0.006317, -0.007566, 19.204117, 0.001561
21.180000, -0.006598, -0.005309, 17.162367, -0.001941
21.200000, -0.006674, -0.004278, 16.141426, -0.003465
21.220000, -0.006914, -0.000586, 16.145119, -0.002634
21.240000, -0.006818, 0.003693, 14.105330, -0.003511
21.260000, -0.006867, 0.008123, 16.664814, 0.002799
21.280000, -0.006568, 0.010568, 15.645286, 0.003584
21.300000, -0.006485, 0.008275, 16.664965, 0.004505
21.320000, -0.006410, 0.006120, 13.085784, -0.002270
21.340000, -0.006125, 0.005738, 15.129469, 0.002186
21.360000, -0.006051, 0.006736, 16.152441, 0.004721
21.380000, -0.005893, 0.004580, 13.595231, 0.000019
21.400000, -0.005770, 0.002879, 14.104516, 0.000548
21.420000, -0.005806, 0.002943, 13.082607, -0.001293
21.440000, -0.005609, 0.003760, 14.105396, 0.001677
21.460000, -0.005609, 0.004247, 13.594897, 0.001061
21.480000, -0.005062, 0.003365, 14.105001, 0.003809
21.500000, -0.005270, 0.001728, 13.592379, 0.001242
21.520000, -0.005253, -0.000186, 14.612436, 0.002074
21.540000, -0.004894, -0.001531, 13.589119, 0.001210
21.560000, -0.004861, -0.002281, 13.077383, 0.000115
21.580000, -0.004770, -0.001625, 13.589025, 0.001690
21.600000, -0.004624, -0.000024, 13.590626, 0.003118
21.620000, -0.004458, -0.000810, 13.589841, 0.003430
21.640000, -0.004489, -0.003059, 12.565619, 0.000453
21.660000, -0.004637, -0.002362, 13.588288, 0.001890
21.680000, -0.004603, -0.001746, 14.099891, 0.003199
21.700000, -0.004509, -0.002500, 13.588151, 0.002366
21.720000, -0.004597, -0.003574, 13.587076, 0.001452
21.740000, -0.004555, -0.003480, 13.076183, 0.000818
21.760000, -0.004579, -0.004319, 13.586331, 0.001151
21.780000, -0.004743, -0.004534, 14.097102, 0.001205
21.800000, -0.005009, -0.003832, 14.608790, 0.001283
21.820000, -0.005334, -0.004668, 13.585982, -0.002241
21.840000, -0.005545, -0.004115, 13.075549, -0.003724
21.860000, -0.005706, -0.001163, 13.589487, -0.002071
21.880000, -0.005847, 0.002069, 13.081733, -0.001907
21.900000, -0.005635, 0.004686, 13.595337, 0.001170
21.920000, -0.005532, 0.006085, 11.041803, -0.001981
21.940000, -0.005504, 0.006316, 11.042034, -0.001746
21.960000, -0.005067, 0.008597, 11.044316, 0.001263
21.980000, -0.004888, 0.009621, 10.023246, 0.000820
22.000000, -0.004724, 0.009594, 11.045313, 0.003226
22.020000, -0.004223, 0.008644, 11.555349, 0.005747
22.040000, -0.004188, 0.005797, 11.552502, 0.004466
22.060000, -0.004223, 0.001758, 11.037477, 0.001427
22.080000, -0.004494, 0.000423, 11.036141, -0.000397
22.100000, -0.004703, 0.001062, 10.525794, -0.001827
22.120000, -0.004463, 0.004023, 11.039742, 0.001541
22.140000, -0.004694, 0.006087, 10.530819, 0.000734
22.160000, -0.004583, 0.006377, 10.531109, 0.001352
22.180000, -0.004490, 0.007584, 11.043303, 0.003217
22.200000, -0.004417, 0.006881, 11.042600, 0.003173
22.220000, -0.004341, 0.005966, 11.041684, 0.003040
22.240000, -0.003865, 0.004783, 11.551488, 0.005334
22.260000, -0.003703, 0.001903, 11.037622, 0.003716
22.280000, -0.003879, -0.001025, 11.034694, 0.001495
22.300000, -0.003970, -0.001675, 12.056017, 0.002502
22.320000, -0.004484, -0.001561, 10.523171, -0.002212
22.340000, -0.004751, -0.001184, 11.034534, -0.002304
22.360000, -0.004920, 0.002655, 11.549360, -0.000235
22.380000, -0.004904, 0.006109, 11.041828, 0.000710
22.400000, -0.005003, 0.007539, 8.999190, -0.002430
22.420000, -0.004665, 0.010202, 8.490867, -0.000511
22.440000, -0.004542, 0.012821, 8.493486, 0.001326
22.460000, -0.004092, 0.015322, 9.006973, 0.005363
22.480000, -0.003863, 0.014099, 8.494764, 0.004865
22.500000, -0.003495, 0.010848, 8.491513, 0.004801
22.520000, -0.003440, 0.009458, 8.490123, 0.004338
22.540000, -0.003432, 0.006953, 8.487618, 0.003114
22.560000, -0.003430, 0.006036, 8.486701, 0.002661
22.580000, -0.003334, 0.007381, 7.977060, 0.002888
22.600000, -0.003023, 0.006953, 8.487618, 0.004858
22.620000, -0.002197, 0.008789, 8.489453, 0.009305
22.640000, -0.002488, 0.003883, 7.973562, 0.004740
22.660000, -0.002775, 0.001577, 8.482243, 0.003217
22.680000, -0.002788, 0.001955, 11.037674, 0.007644
22.700000, -0.002758, 0.000683, 11.547388, 0.007996
22.720000, -0.003188, -0.002671, 11.544034, 0.004477
22.740000, -0.003626, -0.005062, 11.030657, 0.000548
22.760000, -0.003827, -0.002487, 11.544218, 0.001845
22.780000, -0.003608, 0.000277, 11.546982, 0.004165
22.800000, -0.003232, 0.002276, 11.548982, 0.006772
22.820000, -0.003064, 0.000811, 10.525544, 0.005035
22.840000, -0.003149, 0.000072, 11.035790, 0.005162
22.860000, -0.003146, -0.001693, 11.034026, 0.004286
22.880000, -0.003163, -0.003089, 11.032630, 0.003515
22.900000, -0.003439, -0.002581, 12.055110, 0.004311
22.920000, -0.003140, -0.002903, 11.032815, 0.003707
22.940000, -0.003012, -0.002182, 10.522551, 0.003756
22.960000, -0.003355, -0.002508, 13.588142, 0.007283
22.980000, -0.003364, -0.004253, 11.031466, 0.002070
23.000000, -0.003739, -0.005675, 10.519058, -0.001099
23.020000, -0.003985, -0.002305, 11.544400, 0.001261
23.040000, -0.003906, 0.001040, 11.036758, 0.002417
23.060000, -0.003763, 0.002950, 11.549655, 0.004849
23.080000, -0.003750, 0.003994, 11.039713, 0.004566
23.100000, -0.003410, 0.002586, 11.549291, 0.006171
23.120000, -0.003179, 0.001415, 10.526148, 0.004849
23.140000, -0.002997, 0.000530, 11.036248, 0.006039
23.160000, -0.002679, -0.001229, 10.523503, 0.005652
23.180000, -0.002791, -0.001901, 11.544804, 0.006556
23.200000, -0.002953, -0.003948, 13.075716, 0.007414
23.220000, -0.003162, -0.005939, 10.007685, 0.000370
23.240000, -0.003526, -0.005298, 14.096338, 0.006009
23.260000, -0.003150, -0.004319, 13.075345, 0.006389
23.280000, -0.003070, -0.005572, 11.030147, 0.002662
23.300000, -0.003061, -0.005576, 13.585074, 0.006994
23.320000, -0.003555, -0.006229, 13.073435, 0.003702
23.340000, -0.004040, -0.007920, 13.071744, 0.000782
23.360000, -0.004144, -0.006884, 13.583767, 0.001721
23.380000, -0.004123, -0.004744, 14.096892, 0.003741
23.400000, -0.004253, -0.005040, 13.074624, 0.001320
23.420000, -0.003996, -0.004299, 13.075364, 0.002791
23.440000, -0.003921, -0.002770, 14.098867, 0.005595
23.460000, -0.003993, -0.004532, 13.586119, 0.003544
23.480000, -0.004246, -0.006594, 14.095043, 0.002288
23.500000, -0.004420, -0.006624, 13.584026, 0.000675
23.520000, -0.004365, -0.005566, 13.074098, 0.000582
23.540000, -0.004261, -0.002949, 13.587702, 0.003196
23.560000, -0.004047, -0.002200, 14.099437, 0.005346
23.580000, -0.004034, -0.002781, 13.076882, 0.003389
23.600000, -0.004443, -0.004111, 14.097526, 0.002697
23.620000, -0.004959, -0.004420, 14.097217, 0.000342
23.640000, -0.005146, -0.002220, 13.588430, -0.000210
23.660000, -0.005044, 0.000275, 14.101912, 0.002338
23.680000, -0.004837, 0.002233, 14.103869, 0.004200
23.700000, -0.005145, 0.001676, 14.103312, 0.002611
23.720000, -0.005248, 0.001509, 13.081174, 0.000367
23.740000, -0.005481, 0.003085, 13.593736, 0.001024
23.760000, -0.005526, 0.004272, 13.594922, 0.001431
23.780000, -0.005472, 0.005542, 14.107179, 0.003158
23.800000, -0.005387, 0.006899, 11.042618, -0.000956
23.820000, -0.005048, 0.007613, 11.554318, 0.001708
23.840000, -0.004647, 0.009618, 11.556323, 0.004426
23.860000, -0.004548, 0.009772, 11.556477, 0.004926
23.880000, -0.004193, 0.006410, 9.509048, 0.001316
23.900000, -0.003900, 0.005977, 11.552683, 0.005784
23.920000, -0.004027, 0.005405, 10.019030, 0.002376
23.940000, -0.004014, 0.003018, 12.060709, 0.004671
23.960000, -0.003899, 0.002304, 12.059996, 0.004804
23.980000, -0.003503, 0.000456, 11.036175, 0.003842
24.000000, -0.003380, -0.001710, 13.077954, 0.006719
24.020000, -0.003639, -0.003617, 13.587033, 0.005513
24.040000, -0.003818, -0.005868, 11.540836, 0.000184
24.060000, -0.004409, -0.006182, 14.095455, 0.001801
24.080000, -0.004638, -0.003852, 13.586798, 0.001137
24.100000, -0.004911, -0.000809, 11.034909, -0.002795
24.120000, -0.004862, 0.003438, 14.105075, 0.004702
24.140000, -0.004576, 0.006477, 11.042196, 0.002293
24.160000, -0.004698, 0.005990, 11.041709, 0.001527
24.180000, -0.004793, 0.008175, 11.043894, 0.002221
24.200000, -0.004629, 0.010329, 11.557034, 0.004860
24.220000, -0.004423, 0.010790, 13.601440, 0.009407
24.240000, -0.004087, 0.006789, 11.042507, 0.004533
24.260000, -0.004013, 0.003785, 13.594435, 0.007638
24.280000, -0.003920, 0.000586, 13.080250, 0.005568
24.300000, -0.004078, -0.003485, 14.609138, 0.005425
24.320000, -0.004063, -0.005931, 14.095706, 0.003404
24.340000, -0.004319, -0.006828, 11.539877, -0.002436
24.360000, -0.004730, -0.004433, 13.586218, 0.000450
24.380000, -0.004717, -0.000146, 13.079518, 0.001802
24.400000, -0.004916, 0.001139, 13.080803, 0.001599
24.420000, -0.005244, 0.003679, 14.105315, 0.003192
24.440000, -0.005351, 0.004645, 13.084310, 0.001504
24.460000, -0.005470, 0.005194, 12.062885, -0.000448
24.480000, -0.005455, 0.007384, 11.554090, -0.000143
24.500000, -0.005400, 0.012139, 14.624763, 0.007634
24.520000, -0.004918, 0.012952, 13.603602, 0.008382
24.540000, -0.004618, 0.010483, 11.557188, 0.004983
24.560000, -0.004063, 0.007903, 13.598553, 0.009492
24.580000, -0.003691, 0.005542, 13.596192, 0.009891
24.600000, -0.004032, 0.000557, 13.591207, 0.005936
24.620000, -0.003734, -0.002973, 14.098664, 0.006291
24.640000, -0.003653, -0.004412, 13.586238, 0.005057
24.660000, -0.003704, -0.004645, 13.586005, 0.004719
24.680000, -0.003800, -0.004275, 13.586375, 0.004497
24.700000, -0.003648, -0.004552, 13.586099, 0.005005
24.720000, -0.003803, -0.004209, 13.075455, 0.003658
24.740000, -0.003926, -0.005314, 14.096323, 0.004297
24.760000, -0.003787, -0.004788, 13.585863, 0.004296
24.780000, -0.004154, -0.004833, 13.074831, 0.001847
24.800000, -0.004382, -0.004823, 12.563855, 0.000021
24.820000, -0.004336, -0.001394, 13.078270, 0.002800
24.840000, -0.004192, 0.000706, 14.102343, 0.006188
24.860000, -0.004538, 0.000045, 14.101682, 0.004379
24.880000, -0.004544, -0.001075, 15.122656, 0.005510
24.900000, -0.004529, -0.002691, 13.587959, 0.002183
24.920000, -0.004855, -0.001720, 13.588930, 0.001280
24.940000, -0.005024, 0.000673, 13.591323, 0.001761
24.960000, -0.005090, 0.003531, 14.105167, 0.003774
24.980000, -0.005343, 0.005297, 13.084961, 0.001865
25.000000, -0.005099, 0.007413, 13.598063, 0.004829
25.020000, -0.005059, 0.009822, 13.600472, 0.006209
25.040000, -0.005019, 0.008763, 14.110399, 0.006707
25.060000, -0.005041, 0.008124, 13.598774, 0.005431
25.080000, -0.005055, 0.005901, 13.596552, 0.004255
25.100000, -0.004722, 0.006356, 13.597007, 0.005906
25.120000, -0.004416, 0.004926, 16.661617, 0.011647
25.140000, -0.004372, 0.001297, 16.657988, 0.010013
25.160000, -0.004353, -0.005427, 16.651264, 0.006716
25.180000, -0.004237, -0.010214, 16.135490, 0.003945
25.200000, -0.004446, -0.011696, 16.134008, 0.002312
25.220000, -0.005013, -0.011554, 16.134151, -0.000037
25.240000, -0.004873, -0.008151, 15.626567, 0.001410
25.260000, -0.004920, -0.005567, 16.140139, 0.003368
25.280000, -0.005138, -0.002835, 15.631883, 0.002952
25.300000, -0.004943, -0.000850, 16.655840, 0.006499
25.320000, -0.005016, -0.001137, 16.144567, 0.005184
25.340000, -0.005445, -0.002313, 16.654377, 0.003622
25.360000, -0.005450, -0.001352, 17.166325, 0.004943
25.380000, -0.005566, -0.000052, 15.634665, 0.002524
25.400000, -0.005659, 0.001528, 17.169205, 0.005497
25.420000, -0.005423, 0.001385, 16.658075, 0.005574
25.440000, -0.005285, 0.001018, 18.190729, 0.008555
25.460000, -0.005304, -0.001119, 16.144585, 0.003964
25.480000, -0.005448, -0.003459, 15.631258, 0.001317
25.500000, -0.005529, -0.003164, 16.653528, 0.002838
25.520000, -0.005469, -0.001371, 16.144333, 0.003133
25.540000, -0.005386, -0.000878, 16.144827, 0.003735
25.560000, -0.005244, -0.001463, 16.655228, 0.004906
25.580000, -0.004966, -0.002437, 16.143269, 0.004744
25.600000, -0.004827, -0.003822, 16.141884, 0.004641
25.620000, -0.005028, -0.005068, 20.228588, 0.010032
25.640000, -0.004989, -0.008287, 18.181423, 0.005142
25.660000, -0.004997, -0.011731, 19.199953, 0.005100
25.680000, -0.005249, -0.012652, 19.199030, 0.003560
25.700000, -0.005399, -0.011919, 18.688778, 0.002428
25.720000, -0.005199, -0.010686, 17.156990, 0.001324
25.740000, -0.005146, -0.007871, 19.203812, 0.006403
25.760000, -0.005276, -0.007548, 18.693148, 0.005150
25.780000, -0.005427, -0.009362, 18.691336, 0.003594
25.800000, -0.005355, -0.011447, 18.178265, 0.001995
25.820000, -0.005851, -0.012006, 19.199677, 0.001318
25.840000, -0.006130, -0.011975, 18.688721, -0.000717
25.860000, -0.006475, -0.010891, 18.689806, -0.001641
25.880000, -0.006425, -0.009106, 16.647585, -0.003971
25.900000, -0.006913, -0.005022, 20.228634, 0.002014
25.920000, -0.007023, -0.002114, 16.654577, -0.003007
25.940000, -0.007057, -0.000044, 17.167633, -0.001255
25.960000, -0.006787, 0.003941, 15.638659, -0.000677
25.980000, -0.006668, 0.007225, 16.152929, 0.002336
26.000000, -0.006153, 0.008443, 16.154148, 0.005148
26.020000, -0.006016, 0.008128, 16.153831, 0.005570
26.040000, -0.005903, 0.005454, 17.173130, 0.006430
26.060000, -0.006143, 0.001906, 16.658596, 0.002763
26.080000, -0.006117, -0.000952, 16.144753, 0.000579
26.100000, -0.006171, -0.001322, 16.655369, 0.001024
26.120000, -0.006132, -0.000532, 15.634186, -0.000133
26.140000, -0.006479, 0.000996, 16.146700, 0.000016
26.160000, -0.006479, 0.003043, 16.659735, 0.001903
26.180000, -0.006255, 0.002231, 16.147936, 0.001589
26.200000, -0.006319, 0.002065, 16.147770, 0.001235
26.220000, -0.006331, 0.001933, 16.658623, 0.001974
26.240000, -0.005992, 0.000836, 16.146542, 0.002013
26.260000, -0.006026, -0.000118, 16.145586, 0.001387
26.280000, -0.005981, -0.000488, 16.145216, 0.001394
26.300000, -0.006078, -0.000109, 16.145596, 0.001169
26.320000, -0.005919, 0.000702, 14.102339, -0.001179
26.340000, -0.005642, 0.002617, 14.104254, 0.000960
26.360000, -0.005505, 0.005433, 13.596084, 0.002100
26.380000, -0.005364, 0.007080, 16.663771, 0.008685
26.400000, -0.005362, 0.004086, 13.594736, 0.002034
26.420000, -0.005428, 0.000594, 13.591245, -0.000001
26.440000, -0.005701, 0.002139, 13.592789, -0.000390
26.460000, -0.005049, 0.003573, 16.660263, 0.008268
26.480000, -0.004544, 0.003562, 13.594213, 0.005258
26.500000, -0.004368, -0.001575, 14.611049, 0.005151
26.520000, -0.004696, -0.004620, 16.652071, 0.005657
26.540000, -0.004506, -0.009957, 12.558721, -0.003088
26.560000, -0.004662, -0.009828, 14.602795, -0.000252
26.580000, -0.004959, -0.007189, 16.138515, 0.002385
26.600000, -0.004670, -0.006898, 13.072766, -0.001388
26.620000, -0.004770, -0.006639, 13.584011, -0.000827
26.640000, -0.004919, -0.004508, 13.586143, -0.000394
26.660000, -0.005055, -0.001254, 14.100382, 0.001520
26.680000, -0.005091, -0.001128, 13.589522, 0.000571
26.700000, -0.004941, -0.000515, 13.590135, 0.001518
26.720000, -0.004925, 0.001307, 13.080971, 0.001644
26.740000, -0.005064, 0.000537, 14.102174, 0.002381
26.760000, -0.005165, 0.000909, 13.591559, 0.001281
26.780000, -0.005354, 0.001497, 13.592148, 0.000769
26.800000, -0.005191, 0.002165, 14.103802, 0.002659
26.820000, -0.004753, 0.002142, 13.592793, 0.003658
26.840000, -0.004943, -0.000371, 14.612251, 0.003301
26.860000, -0.005011, -0.001698, 13.588952, 0.000626
26.880000, -0.004921, -0.002950, 13.587700, 0.000381
26.900000, -0.005235, -0.001369, 13.589281, -0.000163
26.920000, -0.005521, -0.001214, 13.589436, -0.001304
26.940000, -0.005962, -0.000204, 13.079460, -0.003539
26.960000, -0.005916, 0.002158, 13.081821, -0.002157
26.980000, -0.005635, 0.005900, 13.596550, 0.001780
27.000000, -0.005289, 0.007313, 10.532045, -0.001186
27.020000, -0.005049, 0.008197, 12.065888, 0.002857
27.040000, -0.004791, 0.008350, 10.533082, 0.001456
27.060000, -0.004694, 0.007086, 10.531818, 0.001236
27.080000, -0.004632, 0.006670, 11.042389, 0.002152
27.100000, -0.004638, 0.006739, 11.042458, 0.002161
27.120000, -0.004205, 0.006014, 11.041733, 0.003643
27.140000, -0.004227, 0.005110, 10.018734, 0.001376
27.160000, -0.004144, 0.004644, 11.040363, 0.003215
27.180000, -0.003591, 0.003943, 11.039661, 0.005221
27.200000, -0.003563, 0.002323, 11.549028, 0.005384
27.220000, -0.003849, -0.000471, 10.524261, 0.001045
27.240000, -0.003774, -0.001767, 11.544937, 0.002430
27.260000, -0.003914, -0.000572, 13.590078, 0.005870
27.280000, -0.004213, -0.003040, 11.543665, -0.000081
27.300000, -0.004152, -0.004018, 11.031701, -0.001169
27.320000, -0.004046, -0.001280, 13.589371, 0.004953
27.340000, -0.004248, -0.000406, 10.524326, -0.000626
27.360000, -0.004465, -0.001065, 11.545640, -0.000164
27.380000, -0.005075, 0.002015, 11.037734, -0.002078
27.400000, -0.005148, 0.003615, 11.550320, -0.000725
27.420000, -0.004903, 0.006904, 11.042623, 0.001110
27.440000, -0.004846, 0.008457, 10.533190, 0.001275
27.460000, -0.004613, 0.009329, 11.556034, 0.004425
27.480000, -0.004384, 0.008430, 11.044148, 0.004091
27.500000, -0.003994, 0.006032, 11.041751, 0.004550
27.520000, -0.003918, 0.003623, 11.550327, 0.004522
27.540000, -0.003741, 0.000300, 11.547005, 0.003609
27.560000, -0.003570, -0.000895, 11.545810, 0.003738
27.580000, -0.004133, -0.002716, 11.033003, -0.000435
27.600000, -0.004478, -0.002483, 11.544222, -0.000930
27.620000, -0.004588, 0.000578, 11.547283, 0.000137
27.640000, -0.004357, 0.004388, 11.551093, 0.003034
27.660000, -0.004160, 0.005547, 11.041265, 0.003600
27.680000, -0.003999, 0.004548, 11.040267, 0.003783
27.700000, -0.003730, 0.004963, 11.040682, 0.005140
27.720000, -0.003879, 0.003724, 11.039443, 0.003881
27.740000, -0.004177, 0.001532, 10.526264, 0.000652
27.760000, -0.004297, 0.002772, 11.038490, 0.001620
27.780000, -0.004221, 0.004242, 11.039961, 0.002682
27.800000, -0.004699, 0.005538, 11.041257, 0.001294
27.820000, -0.004584, 0.007734, 10.532467, 0.002030
27.840000, -0.004346, 0.008981, 11.044700, 0.004531
27.860000, -0.004398, 0.008680, 10.022304, 0.002440
27.880000, -0.004086, 0.009083, 10.533815, 0.004832
27.900000, -0.004063, 0.008159, 11.043879, 0.005323
27.920000, -0.003751, 0.006358, 11.553062, 0.006609
27.940000, -0.003717, 0.003882, 10.528614, 0.003794
27.960000, -0.003567, 0.002307, 11.549012, 0.005358
27.980000, -0.003680, 0.001043, 10.014667, 0.001664
28.000000, -0.003901, 0.000717, 11.547421, 0.003136
28.020000, -0.003821, 0.001784, 10.015409, 0.001437
28.040000, -0.003681, 0.002717, 11.549422, 0.005079
28.060000, -0.003682, 0.004252, 11.550958, 0.005845
28.080000, -0.003810, 0.001320, 10.526052, 0.002108
28.100000, -0.003389, 0.001774, 10.526506, 0.004133
28.120000, -0.003357, 0.001862, 11.037580, 0.005173
28.140000, -0.003313, 0.002162, 11.037881, 0.005512
28.160000, -0.002765, 0.001505, 11.037223, 0.007517
28.180000, -0.002685, -0.001180, 11.545526, 0.007371
28.200000, -0.002574, -0.003583, 11.543121, 0.006636
28.220000, -0.002601, -0.005754, 11.540951, 0.005433
28.240000, -0.002943, -0.007253, 14.094384, 0.007514
28.260000, -0.003455, -0.009333, 11.537372, -0.000010
28.280000, -0.003438, -0.007615, 13.583035, 0.004365
28.300000, -0.003365, -0.004858, 13.585793, 0.006060
28.320000, -0.003420, -0.005825, 10.518907, 0.000182
28.340000, -0.003651, -0.003685, 13.586966, 0.005430
28.360000, -0.003977, -0.002576, 13.588075, 0.004597
28.380000, -0.004252, -0.003344, 13.587306, 0.003039
28.400000, -0.004568, -0.003249, 13.587401, 0.001736
28.420000, -0.004940, -0.000535, 13.590115, 0.001513
28.440000, -0.005142, 0.001390, 13.592040, 0.001618
28.460000, -0.005372, 0.003133, 13.593783, 0.001514
28.480000, -0.005250, 0.004752, 13.595403, 0.002848
28.500000, -0.005401, 0.006611, 13.086275, 0.002276
28.520000, -0.005427, 0.006338, 13.086002, 0.002031
28.540000, -0.005093, 0.007660, 14.109297, 0.005838
28.560000, -0.005406, 0.007476, 13.598126, 0.003552
28.580000, -0.005589, 0.006248, 15.129979, 0.004731
28.600000, -0.005562, 0.005812, 11.041531, -0.002248
28.620000, -0.005380, 0.008870, 14.110507, 0.005222
28.640000, -0.004975, 0.011883, 13.091547, 0.006744
28.660000, -0.004726, 0.010377, 11.046096, 0.003610
28.680000, -0.004781, 0.010920, 13.601570, 0.007947
28.700000, -0.004648, 0.010030, 14.111666, 0.008925
28.720000, -0.004602, 0.008357, 13.599008, 0.007423
28.740000, -0.004701, 0.005899, 13.596549, 0.005766
28.760000, -0.004759, 0.005131, 14.106768, 0.005989
28.780000, -0.004761, 0.004434, 13.595084, 0.004773
28.800000, -0.004846, 0.005821, 13.596471, 0.005105
28.820000, -0.004943, 0.007547, 13.087212, 0.004699
28.840000, -0.004814, 0.008043, 13.087708, 0.005501
28.860000, -0.004736, 0.008843, 13.088508, 0.006236
28.880000, -0.004086, 0.008152, 13.598803, 0.009519
28.900000, -0.004259, 0.007479, 13.598130, 0.008443
28.920000, -0.004021, 0.004547, 16.150251, 0.012279
28.940000, -0.004311, 0.000511, 16.657202, 0.009877
28.960000, -0.004617, -0.005805, 16.139900, 0.004539
28.980000, -0.004937, -0.007297, 16.138407, 0.002428
29.000000, -0.005152, -0.004188, 15.630529, 0.002212
29.020000, -0.004904, 0.000282, 16.145987, 0.006372
29.040000, -0.004677, 0.003862, 16.660553, 0.009997
29.060000, -0.004524, 0.003873, 15.638591, 0.008940
29.080000, -0.004541, 0.002308, 16.658998, 0.009800
29.100000, -0.004610, 0.000580, 15.635298, 0.006918
29.120000, -0.004705, -0.000649, 18.189062, 0.010191
29.140000, -0.004493, -0.001264, 16.144440, 0.007352
29.160000, -0.004221, -0.001906, 18.698792, 0.012481
29.180000, -0.004643, -0.004051, 19.207632, 0.010467
29.200000, -0.005144, -0.009266, 18.691431, 0.004849
29.220000, -0.005591, -0.010028, 18.690668, 0.002561
29.240000, -0.005246, -0.008595, 19.714073, 0.006470
29.260000, -0.005406, -0.006852, 19.204830, 0.005804
29.280000, -0.005689, -0.006762, 22.781948, 0.010656
29.300000, -0.005773, -0.009169, 19.202515, 0.003074
29.320000, -0.006344, -0.009685, 18.691011, -0.000477
29.340000, -0.006306, -0.005294, 21.250395, 0.006186
29.360000, -0.006083, -0.000417, 22.277245, 0.011306
29.380000, -0.006308, -0.001017, 21.254673, 0.008324
29.400000, -0.005943, -0.002299, 21.764376, 0.010098
29.420000, -0.006696, -0.003568, 22.274094, 0.007107
29.440000, -0.006535, -0.005815, 21.760860, 0.005804
29.460000, -0.006496, -0.006101, 21.760574, 0.005827
29.480000, -0.007390, -0.004522, 21.762154, 0.002809
29.500000, -0.007532, -0.004576, 21.762100, 0.002175
29.520000, -0.007060, -0.002597, 25.341105, 0.011196
29.540000, -0.008392, -0.003429, 20.741274, -0.002632
