t, x2_estimate, x2_phiobs, x2_fullobs
0.000000, -0.005149, -0.007378, -0.204430
0.040000, -0.005393, -0.007027, -0.204810
0.060000, -0.005215, -0.007051, -0.205190
0.080000, -0.005593, -0.007018, -0.205426
0.100000, -0.005748, -0.008408, -0.204401
0.120000, -0.005393, -0.007979, -0.204982
0.140000, -0.005304, -0.007594, -0.205326
0.160000, -0.005260, -0.007381, -0.205562
0.180000, -0.005504, -0.007281, -0.205725
0.200000, -0.005193, -0.008542, -0.204593
0.220000, -0.005460, -0.008878, -0.203593
0.240000, -0.005726, -0.007942, -0.204233
0.260000, -0.005859, -0.007672, -0.204837
0.280000, -0.005082, -0.007681, -0.205369
0.300000, -0.005415, -0.007280, -0.205528
0.320000, -0.005571, -0.008436, -0.204422
0.340000, -0.005193, -0.010137, -0.202270
0.360000, -0.005792, -0.007109, -0.204461
0.380000, -0.005881, -0.007255, -0.205069
0.400000, -0.005171, -0.007472, -0.205586
0.420000, -0.005460, -0.008360, -0.204422
0.440000, -0.005615, -0.007732, -0.204930
0.460000, -0.005082, -0.008684, -0.204053
0.480000, -0.005326, -0.006483, -0.205852
0.500000, -0.005304, -0.007962, -0.204679
0.520000, -0.005371, -0.008602, -0.203743
0.540000, -0.005460, -0.008853, -0.203032
0.560000, -0.005460, -0.008926, -0.202515
0.600000, -0.005371, -0.006607, -0.204794
0.620000, -0.005770, -0.006735, -0.205236
0.640000, -0.005282, -0.009388, -0.203054
0.660000, -0.004838, -0.007951, -0.203847
0.680000, -0.005326, -0.008127, -0.202994
0.700000, -0.005881, -0.008405, -0.202490
0.720000, -0.004017, -0.007678, -0.203635
0.740000, -0.005637, -0.007413, -0.202590
0.760000, -0.005526, -0.007007, -0.203640
0.780000, -0.005681, -0.006853, -0.204451
0.800000, -0.005681, -0.008107, -0.203819
0.820000, -0.029007, -0.007559, -0.204665
0.840000, -0.004927, -0.023824, -0.210726
0.860000, -0.007790, -0.015920, -0.210380
0.880000, -0.002419, -0.014410, -0.209748
0.900000, -0.001221, -0.009043, -0.208761
0.920000, -0.013205, -0.005374, -0.207486
0.940000, -0.009299, -0.010677, -0.210497
0.960000, -0.010608, -0.011457, -0.211667
0.980000, -0.005571, -0.012782, -0.213068
1.000000, -0.007368, -0.011674, -0.211154
1.020000, -0.002641, -0.010813, -0.211532
1.040000, -0.002175, -0.007526, -0.210186
1.060000, -0.003928, -0.006547, -0.207520
1.080000, -0.000843, -0.006869, -0.205918
1.100000, 0.002952, -0.002773, -0.206220
1.120000, 0.009166, 0.001546, -0.205052
1.140000, 0.024501, 0.007540, -0.201824
1.159999, 0.037951, 0.018980, -0.192401
1.179999, 0.035132, 0.033828, -0.179811
1.199999, 0.043699, 0.040728, -0.170130
1.219999, 0.067157, 0.049966, -0.158999
1.239999, 0.102888, 0.069609, -0.141531
1.259999, 0.136822, 0.100458, -0.111832
1.279999, 0.169957, 0.141668, -0.077907
1.299999, 0.221867, 0.185544, -0.037853
1.319999, 0.241863, 0.242408, 0.013839
1.339999, 0.205155, 0.286227, 0.065758
1.359999, 0.159037, 0.289387, 0.097014
1.379999, 0.145144, 0.262190, 0.108936
1.399999, 0.158305, 0.240680, 0.111525
1.419999, 0.210082, 0.236106, 0.118358
1.439999, 0.301075, 0.264840, 0.142011
1.459999, 0.378840, 0.335561, 0.194671
1.479999, 0.465194, 0.424982, 0.264536
1.499999, 0.556587, 0.529038, 0.353303
1.519999, 0.638524, 0.643509, 0.461115
1.539999, 0.740880, 0.760765, 0.579034
1.559999, 0.852601, 0.890667, 0.713942
1.579999, 0.949031, 1.033600, 0.866448
1.599999, 1.040157, 1.173640, 1.029940
1.619999, 1.129818, 1.311303, 1.198182
1.639999, 1.192980, 1.445307, 1.371410
1.659999, 1.233949, 1.561097, 1.539808
1.679999, 1.260626, 1.651754, 1.697902
1.699999, 1.266574, 1.720588, 1.841037
1.719999, 1.264266, 1.764169, 1.964489
1.739999, 1.262779, 1.786983, 2.069874
1.759999, 1.241473, 1.800777, 2.157584
1.779999, 1.182239, 1.795857, 2.225041
1.799999, 1.088561, 1.759301, 2.259756
1.819999, 0.980790, 1.678516, 2.260533
1.839999, 0.905999, 1.567573, 2.223668
1.859999, 0.883117, 1.457895, 2.167753
1.879999, 0.869135, 1.380553, 2.113552
1.899999, 0.847452, 1.327294, 2.063840
1.919999, 0.828300, 1.283256, 2.015255
1.939999, 0.808547, 1.246092, 1.968482
1.959999, 0.793190, 1.212542, 1.923011
1.979999, 0.798538, 1.182632, 1.881461
1.999999, 0.816959, 1.169931, 1.847565
2.019999, 0.831118, 1.172579, 1.827348
2.039999, 0.832849, 1.184005, 1.814466
2.059999, 0.819578, 1.191537, 1.804918
2.079999, 0.796563, 1.187716, 1.793036
2.099999, 0.761875, 1.170302, 1.777164
2.119999, 0.752798, 1.139318, 1.752508
2.139999, 0.774570, 1.116053, 1.729208
2.159999, 0.795964, 1.115985, 1.717643
2.179999, 0.813452, 1.129045, 1.715844
2.199999, 0.834314, 1.147288, 1.720948
2.219999, 0.840173, 1.172825, 1.730375
2.239999, 0.849383, 1.188441, 1.743794
2.259999, 0.851336, 1.204325, 1.757568
2.279999, 0.829986, 1.213424, 1.771911
2.299999, 0.785466, 1.206949, 1.775995
2.319999, 0.684864, 1.174862, 1.766208
2.339998, 0.513376, 1.096382, 1.722716
2.359998, 0.309153, 0.946586, 1.627866
2.379998, 0.110989, 0.735730, 1.478400
2.399998, -0.059123, 0.493328, 1.284896
2.419998, -0.176171, 0.248655, 1.065127
2.439998, -0.236781, 0.036320, 0.839904
2.459998, -0.262836, -0.121932, 0.628041
2.479998, -0.271402, -0.230484, 0.441998
2.499998, -0.272090, -0.297193, 0.280925
2.519998, -0.261970, -0.336350, 0.144978
2.539998, -0.242085, -0.354121, 0.035229
2.559998, -0.232520, -0.351076, -0.051849
2.579998, -0.236204, -0.344816, -0.120624
2.599998, -0.238667, -0.342228, -0.181266
2.619998, -0.229723, -0.342399, -0.233226
2.639998, -0.202914, -0.337184, -0.273981
2.659998, -0.165940, -0.317960, -0.299161
2.679998, -0.122041, -0.284444, -0.307721
2.699998, -0.077144, -0.239577, -0.298562
2.719998, -0.034488, -0.186170, -0.275519
2.739998, 0.002752, -0.129231, -0.241521
2.759998, 0.021971, -0.072443, -0.201472
2.779998, 0.018820, -0.028094, -0.161062
2.799998, 0.013516, -0.004505, -0.128015
2.819998, 0.014048, 0.005819, -0.101914
2.839998, 0.015180, 0.010928, -0.078334
2.859998, 0.012850, 0.017029, -0.060760
2.879998, 0.003706, 0.017694, -0.045265
2.899998, -0.006569, 0.011373, -0.033950
2.919998, -0.015513, 0.001699, -0.027957
2.939998, -0.021838, -0.008015, -0.027326
2.959998, -0.026343, -0.017564, -0.028916
2.979998, -0.029828, -0.025892, -0.031752
2.999998, -0.034311, -0.034011, -0.033958
3.019998, -0.030494, -0.040109, -0.038727
3.039998, -0.018443, -0.042525, -0.040059
3.059998, -0.003529, -0.035292, -0.038426
3.079998, -0.021239, 0.072872, 0.068907
3.099998, -0.094189, 0.012473, -0.024584
3.119998, -0.163032, -0.060910, -0.124629
3.139998, -0.215897, -0.114169, -0.260389
3.159998, -0.261526, -0.194088, -0.370355
3.179998, -0.312571, -0.326446, -0.367681
3.199998, -0.335252, -0.337873, -0.521314
3.219998, -0.313015, -0.320984, -0.448014
3.239998, -0.293551, -0.318782, -0.433200
3.259998, -0.264101, -0.295763, -0.385218
3.279998, -0.236847, -0.270398, -0.338433
3.299998, -0.214920, -0.246368, -0.295591
3.319998, -0.195634, -0.222975, -0.255980
3.339998, -0.174906, -0.194529, -0.221202
3.359998, -0.151492, -0.161174, -0.183051
3.379997, -0.118357, -0.121886, -0.150811
3.399997, -0.079918, -0.069213, -0.114413
3.419997, -0.042123, -0.032224, -0.061912
3.439997, -0.015269, 0.000162, -0.042265
3.459997, 0.009965, 0.032003, -0.026300
3.479997, 0.017533, 0.025966, 0.014218
3.499997, 0.010653, 0.004236, 0.010164
3.519997, 0.008189, -0.000008, 0.000573
3.539997, 0.009832, 0.001369, 0.008080
3.559997, 0.013582, 0.002987, 0.009701
3.579997, 0.014670, 0.004309, 0.020072
3.599997, 0.013560, 0.001476, 0.026521
3.619997, 0.008234, -0.001390, 0.031377
3.639997, 0.004927, -0.004148, 0.033288
3.659997, 0.003351, -0.001847, 0.037520
3.679997, 0.008633, 0.017062, 0.023864
3.699997, 0.023902, 0.047122, 0.024651
3.719997, 0.036752, 0.055950, 0.048922
3.739997, 0.041013, 0.055999, 0.046269
3.759997, 0.041701, 0.056699, 0.043321
3.779997, 0.038284, 0.050153, 0.040225
3.799997, 0.033268, 0.038693, 0.035160
3.819997, 0.024390, 0.024476, 0.034400
3.839997, 0.019930, 0.017935, 0.021120
3.859997, 0.019264, 0.020771, 0.019661
3.879997, 0.022082, 0.030830, 0.011293
3.899997, 0.026299, 0.027695, 0.027913
3.919997, 0.028829, 0.023744, 0.027222
3.939997, 0.034333, 0.035582, 0.020064
3.959997, 0.038927, 0.038038, 0.030759
3.979997, 0.034000, 0.024617, 0.036667
3.999997, 0.023858, 0.008275, 0.032523
4.019997, 0.015535, 0.002202, 0.021223
4.039997, 0.006902, -0.003188, 0.024558
4.059997, 0.000000, -0.008561, 0.012963
4.079997, -0.004084, -0.009851, 0.015003
4.099997, -0.004350, -0.010245, 0.012719
4.119997, -0.005016, -0.009289, 0.017146
4.139997, -0.003218, -0.013405, 0.019293
4.159997, 0.000666, -0.008168, 0.017731
4.179997, 0.008078, 0.004397, 0.013684
4.199997, 0.009210, 0.003986, 0.028376
4.219997, 0.004084, -0.004671, 0.022081
4.239997, -0.002663, -0.009735, 0.020472
4.259997, -0.010098, -0.015132, 0.016287
4.279997, -0.015824, -0.020605, 0.015307
4.299997, -0.014426, -0.015139, 0.003240
4.319997, -0.003351, 0.002412, 0.001254
4.339997, 0.009077, 0.018684, 0.005676
4.359997, 0.017111, 0.019936, 0.018517
4.379997, 0.015091, 0.010237, 0.021284
4.399997, 0.005948, -0.002253, 0.017782
4.419997, -0.007390, -0.019830, 0.017822
4.439997, -0.019042, -0.029189, 0.004088
4.459997, -0.018709, -0.022603, -0.003750
4.479997, -0.010298, -0.008588, 0.000570
4.499997, -0.000289, -0.000828, 0.010250
4.519997, 0.008877, 0.005104, 0.012538
4.539997, 0.013516, 0.009295, 0.017176
4.559997, 0.008655, 0.005486, 0.019351
4.579997, -0.002841, -0.008728, 0.016194
4.599997, -0.018953, -0.031388, 0.017412
4.619997, -0.028984, -0.042521, 0.002838
4.639997, -0.028385, -0.041420, 0.006160
4.659997, -0.019219, -0.032864, 0.005696
4.679996, -0.013050, -0.029996, 0.026533
4.699996, -0.011230, -0.031527, 0.026240
4.719996, -0.013272, -0.030557, 0.034990
4.739996, -0.017666, -0.022050, 0.024091
4.759996, -0.014381, -0.007737, 0.018501
4.779996, -0.004039, 0.005446, 0.024068
4.799996, 0.008034, 0.006795, 0.039529
4.819996, 0.018043, 0.012055, 0.038787
4.839996, 0.024590, 0.024319, 0.036736
4.859996, 0.018887, 0.016537, 0.050767
4.879996, 0.004172, -0.003428, 0.046319
4.899996, -0.005304, -0.006930, 0.026499
4.919996, -0.004039, -0.006424, 0.027690
4.939996, 0.005704, 0.002018, 0.021606
4.959996, 0.013072, 0.007632, 0.036375
4.979996, 0.008078, -0.004804, 0.041801
4.999996, -0.006880, -0.016571, 0.031166
5.019996, -0.014337, -0.015724, 0.016115
5.039996, -0.013937, -0.013716, 0.020255
5.059996, -0.001997, -0.004951, 0.016473
5.079996, 0.008655, 0.000421, 0.032418
5.099996, 0.008544, 0.000818, 0.028700
5.119996, -0.003440, -0.009445, 0.033334
5.139996, -0.017511, -0.022013, 0.019354
5.159996, -0.019863, -0.023130, 0.010209
5.179996, -0.012384, -0.023747, 0.021568
5.199996, -0.002730, -0.025282, 0.034441
5.219996, -0.003706, -0.026031, 0.043112
5.239996, -0.012029, -0.024165, 0.036999
5.259996, -0.017111, -0.021808, 0.034819
5.279996, -0.014204, -0.013430, 0.030005
5.299996, 0.003040, 0.005259, 0.030509
5.319996, 0.024213, 0.024551, 0.042289
5.339996, 0.034666, 0.044156, 0.040463
5.359996, 0.028274, 0.040434, 0.055315
5.379996, 0.011718, 0.018368, 0.043741
5.399996, 0.002286, 0.000372, 0.030136
5.419996, 0.001909, -0.013270, 0.030192
5.439996, 0.003618, -0.016038, 0.025535
5.459996, -0.000155, -0.014175, 0.030596
5.479996, -0.010386, -0.015666, 0.024845
5.499996, -0.014315, -0.009118, 0.009145
5.519996, -0.004239, -0.000924, 0.010966
5.539996, 0.009255, 0.004193, 0.021677
5.559996, 0.011962, -0.001530, 0.038638
5.579996, 0.000155, -0.012836, 0.035486
5.599996, -0.015491, -0.024582, 0.029160
5.619996, -0.023858, -0.031730, 0.021039
5.639996, -0.013893, -0.023521, 0.011821
5.659996, 0.000777, -0.010105, 0.027273
5.679996, 0.004416, -0.007007, 0.037569
5.699996, -0.002242, -0.003781, 0.032151
5.719995, -0.008145, -0.002229, 0.029177
5.739995, -0.005571, -0.006340, 0.029159
5.759995, 0.003817, -0.004473, 0.030882
5.779995, 0.008278, -0.005293, 0.039247
5.799995, -0.003862, -0.014621, 0.038212
5.819995, -0.020973, -0.023430, 0.018616
5.839995, -0.029739, -0.031680, 0.015127
5.859995, -0.019131, -0.016364, -0.011505
5.879995, -0.000067, 0.002806, 0.010775
5.899995, 0.005371, 0.003630, 0.018316
5.919995, -0.005082, -0.007210, 0.023304
5.939995, -0.018531, -0.020222, 0.011321
5.959995, -0.020551, -0.029016, 0.013088
5.979995, -0.014559, -0.032897, 0.017421
5.999995, -0.003640, -0.018719, 0.012986
6.019995, 0.000244, -0.004592, 0.025024
6.039995, -0.011230, -0.013644, 0.032158
6.059995, -0.019774, -0.018497, 0.012401
6.079995, -0.011430, -0.012024, 0.009478
6.099995, 0.000222, -0.011746, 0.031857
6.119995, 0.005571, -0.004276, 0.021819
6.139995, 0.003129, 0.002503, 0.031076
6.159995, -0.006325, -0.006354, 0.033293
6.179995, -0.012073, -0.020690, 0.034478
6.199995, -0.005238, -0.020958, 0.027677
6.219995, 0.004150, -0.015184, 0.041194
6.239995, 0.000022, -0.008631, 0.036840
6.259995, -0.010231, -0.010743, 0.036083
6.279995, -0.018598, -0.020053, 0.031779
6.299995, -0.011718, -0.022914, 0.028996
6.319995, -0.001265, -0.020419, 0.041755
6.339995, 0.000888, -0.013800, 0.040642
6.359995, -0.003995, -0.003592, 0.036104
6.379995, -0.009454, -0.007737, 0.045066
6.399995, -0.003507, -0.006592, 0.035352
6.419995, 0.011541, 0.000768, 0.048982
6.439995, 0.016778, 0.007954, 0.049880
6.459995, 0.010564, 0.013628, 0.047368
6.479995, 0.002020, 0.012981, 0.036663
6.499995, 0.001864, 0.003925, 0.039383
6.519995, 0.009432, -0.000508, 0.039809
6.539995, 0.015114, 0.004377, 0.040630
6.559995, 0.009144, 0.005392, 0.041149
6.579995, -0.004283, -0.000111, 0.031346
6.599995, -0.009787, -0.008141, 0.025037
6.619995, -0.003373, -0.008867, 0.018992
6.639995, 0.005326, -0.004032, 0.023011
6.659995, 0.000244, -0.007034, 0.029196
6.679995, -0.017577, -0.021959, 0.023170
6.699995, -0.030250, -0.033673, 0.007538
6.719995, -0.027187, -0.035590, 0.001798
6.739995, -0.016934, -0.032385, 0.007639
6.759995, -0.014603, -0.028002, 0.012940
6.779994, -0.024257, -0.028123, 0.011537
6.799994, -0.033334, -0.032744, 0.004791
6.819994, -0.029118, -0.034855, 0.003723
6.839994, -0.014093, -0.023324, 0.002931
6.859994, 0.001443, -0.002090, 0.009331
6.879994, -0.000999, -0.000440, 0.028062
6.899994, -0.017289, -0.012910, 0.014839
6.919994, -0.020995, -0.020924, 0.005186
6.939994, -0.013449, -0.024338, 0.006590
6.959994, -0.004683, -0.016676, 0.006316
6.979994, -0.002974, -0.003376, 0.005062
6.999994, -0.010165, -0.002976, 0.012055
7.019994, -0.014781, -0.014549, 0.011904
7.039994, -0.006924, -0.015221, 0.008609
7.059994, 0.002685, -0.015425, 0.027862
7.079994, -0.000399, -0.015139, 0.027734
7.099994, -0.012961, -0.019377, 0.028280
7.119994, -0.019597, -0.019517, 0.013038
7.139994, -0.005482, -0.006950, 0.012993
7.159994, 0.015491, 0.016012, 0.017914
7.179994, 0.023325, 0.029311, 0.029287
7.199994, 0.010675, 0.018658, 0.033367
7.219994, -0.004061, 0.000612, 0.017456
7.239994, -0.003728, -0.012904, 0.017167
7.259994, 0.002996, -0.016839, 0.019130
7.279994, 0.002796, -0.010236, 0.019652
7.299994, -0.007635, -0.006506, 0.020427
7.319994, -0.010830, -0.005401, 0.010796
7.339994, -0.000910, -0.007276, 0.019952
7.359994, 0.010875, -0.000560, 0.019555
7.379994, 0.010497, 0.003524, 0.033335
7.399994, -0.002175, -0.001045, 0.028723
7.419994, -0.004616, -0.002960, 0.020204
7.439994, 0.008345, -0.001356, 0.031836
7.459994, 0.017977, 0.005755, 0.036244
7.479994, 0.011962, 0.007320, 0.041339
7.499994, -0.004971, -0.002944, 0.032909
7.519994, -0.012162, -0.019502, 0.029029
7.539994, -0.004017, -0.020520, 0.022745
7.559994, 0.007745, -0.005255, 0.028257
7.579994, 0.001221, -0.003097, 0.040438
7.599994, -0.016024, -0.017920, 0.032944
7.619994, -0.020107, -0.026831, 0.021638
7.639994, -0.005770, -0.014841, 0.013498
7.659994, 0.005903, -0.005304, 0.035681
7.679994, -0.002463, -0.002394, 0.028287
7.699994, -0.015913, -0.008873, 0.023148
7.719994, -0.020085, -0.024490, 0.018932
7.739994, -0.011363, -0.023398, 0.009105
7.759994, 0.000777, -0.007889, 0.016436
7.779994, -0.003817, -0.002052, 0.022003
7.799994, -0.016401, -0.010607, 0.016824
7.819993, -0.016845, -0.020026, 0.012223
7.839993, -0.004017, -0.014208, 0.008923
7.859993, 0.017644, -0.002098, 0.018595
7.879993, 0.092813, 0.001934, 0.028096
7.899993, 0.164319, 0.039820, 0.040442
7.919993, 0.173974, 0.063235, 0.038931
7.939993, 0.120177, 0.033094, -0.000659
7.959993, 0.036841, -0.012538, -0.031645
7.979993, -0.060987, -0.081193, -0.062403
7.999993, -0.141793, -0.114203, -0.170097
8.019994, -0.174839, -0.140698, -0.159163
8.039994, -0.187689, -0.162189, -0.156515
8.059995, -0.182917, -0.160864, -0.129329
8.079995, -0.164852, -0.141165, -0.105767
8.099996, -0.138331, -0.118816, -0.057996
8.119996, -0.112498, -0.098389, -0.019914
8.139997, -0.083514, -0.070946, 0.009134
8.159997, -0.060921, -0.052439, 0.048926
8.179997, -0.041590, -0.025303, 0.042514
8.199998, -0.017133, 0.017616, 0.048634
8.219998, 0.000355, 0.034405, 0.076291
8.239999, 0.008988, 0.039059, 0.075719
8.259999, 0.018953, 0.047324, 0.071395
8.280000, 0.024346, 0.033762, 0.094617
8.300000, 0.022371, 0.016080, 0.080498
8.320001, 0.020041, 0.014256, 0.068970
8.340001, 0.012073, 0.009911, 0.069753
8.360002, 0.003218, 0.005907, 0.056202
8.380002, 0.001731, 0.005627, 0.052214
8.400002, 0.014071, 0.019650, 0.043558
8.420003, 0.034533, 0.040171, 0.051916
8.440003, 0.042456, 0.039960, 0.074339
8.460004, 0.030538, 0.024949, 0.073458
8.480004, 0.013383, 0.007531, 0.066406
8.500005, 0.008789, 0.001499, 0.057309
8.520005, 0.015779, -0.004437, 0.074332
8.540006, 0.021638, -0.001717, 0.071755
8.560006, 0.023081, 0.014181, 0.066595
8.580007, 0.013471, 0.014173, 0.076601
8.600007, 0.002574, 0.001650, 0.064095
8.620008, 0.008722, 0.003359, 0.054920
8.640008, 0.026388, 0.020563, 0.055073
8.660008, 0.029340, 0.026436, 0.070255
8.680009, 0.016623, 0.020440, 0.056020
8.700009, 0.000644, 0.000169, 0.057562
8.720010, -0.005127, -0.013879, 0.037769
8.740010, 0.006192, -0.007062, 0.035716
8.760011, 0.011163, -0.003075, 0.053392
8.780011, 0.000355, -0.005208, 0.048650
8.800012, -0.007790, -0.003308, 0.034901
8.820012, -0.001221, 0.004729, 0.026358
8.840013, 0.015913, 0.011157, 0.038418
8.860013, 0.027498, 0.028067, 0.031751
8.880013, 0.023569, 0.033471, 0.043752
8.900014, 0.009277, 0.019546, 0.032848
8.920014, 0.003950, 0.001616, 0.028290
8.940015, 0.007590, -0.009591, 0.027407
8.960015, 0.008101, -0.008204, 0.023808
8.980016, -0.001620, -0.005488, 0.018921
9.000016, -0.012384, -0.008213, 0.014569
9.020017, -0.010897, -0.014340, 0.013333
9.040017, 0.000244, -0.013464, 0.015884
9.060018, 0.007035, -0.003595, 0.017573
9.080018, -0.001309, -0.005167, 0.028565
9.100019, -0.016201, -0.016507, 0.015652
9.120019, -0.020063, -0.027934, 0.015423
9.140019, -0.012251, -0.029165, 0.011664
9.160020, -0.006081, -0.019512, 0.013710
9.180020, -0.012339, -0.017263, 0.018813
9.200021, -0.023924, -0.023453, 0.014011
9.220021, -0.023769, -0.030171, 0.013013
9.240022, -0.010520, -0.023501, 0.011896
9.260022, 0.001820, -0.010089, 0.023936
9.280023, -0.002685, -0.009528, 0.033759
9.300023, -0.017044, -0.020104, 0.029033
9.320024, -0.022437, -0.028660, 0.020852
9.340024, -0.012828, -0.028684, 0.023459
9.360024, -0.001709, -0.015929, 0.026306
9.380025, -0.000422, -0.000637, 0.026217
9.400025, -0.008234, -0.001675, 0.031302
9.420026, -0.015913, -0.015780, 0.029447
9.440026, -0.007745, -0.017884, 0.019167
9.460027, 0.004705, -0.006422, 0.026654
9.480027, 0.005326, 0.002362, 0.029724
9.500028, -0.007302, -0.006358, 0.034848
9.520028, -0.017843, -0.022409, 0.026931
9.540029, -0.011518, -0.025249, 0.023739
9.560029, 0.003085, -0.016765, 0.036726
9.580029, 0.003595, -0.004642, 0.040294
9.600030, -0.007124, -0.005007, 0.042269
9.620030, -0.013871, -0.010640, 0.028593
9.640031, -0.007657, -0.011055, 0.023880
9.660031, 0.010253, 0.006219, 0.017480
9.680032, 0.018975, 0.030643, 0.022206
9.700032, 0.009144, 0.024454, 0.034992
9.720033, -0.000599, 0.003798, 0.021727
9.740033, 0.000910, -0.007888, 0.017995
9.760034, 0.002153, -0.014989, 0.014805
9.780034, -0.005748, -0.015349, 0.013137
9.800035, -0.019086, -0.019900, 0.010058
9.820035, -0.024546, -0.025938, 0.003090
9.840035, -0.014581, -0.025740, 0.006294
9.860036, 0.001309, -0.011247, 0.006781
9.880036, 0.008766, 0.017971, 0.002606
9.900037, 0.003240, 0.017069, 0.023211
9.920037, -0.005571, -0.004300, 0.020045
9.940038, -0.003240, -0.015322, 0.015336
9.960038, 0.002841, -0.015906, 0.019594
9.980039, -0.000666, -0.007654, 0.011959
10.000039, -0.011585, -0.011065, 0.018342
10.020040, -0.020573, -0.023542, 0.012174
10.040040, -0.013516, -0.025151, 0.009862
10.060040, -0.000311, -0.016109, 0.018600
10.080041, 0.000244, -0.006754, 0.023449
10.100041, -0.011962, -0.009049, 0.023220
10.120042, -0.016689, -0.014937, 0.013290
10.140042, -0.006259, -0.013329, 0.015734
10.160043, 0.006059, -0.007547, 0.023988
10.180043, 0.005726, 0.003088, 0.021687
10.200044, -0.005193, 0.001128, 0.025772
10.220044, -0.012428, -0.014683, 0.024385
10.240045, -0.004505, -0.020548, 0.023188
10.260045, 0.007257, -0.010469, 0.030148
10.280046, 0.009188, 0.008829, 0.025595
10.300046, 0.002885, 0.014929, 0.031929
10.320046, 0.001531, 0.005318, 0.030142
10.340047, 0.010742, 0.000916, 0.032085
10.360047, 0.016401, 0.001808, 0.039521
10.380048, 0.007923, -0.000715, 0.040513
10.400048, -0.011341, -0.011443, 0.034223
10.420049, -0.020551, -0.030127, 0.027337
10.440049, -0.018509, -0.040091, 0.022406
10.460050, -0.012184, -0.034985, 0.022524
10.480050, -0.014537, -0.027251, 0.029512
10.500051, -0.024590, -0.022408, 0.020793
10.520051, -0.024990, -0.026629, 0.026166
10.540051, -0.015336, -0.027916, 0.029057
10.560052, -0.001886, -0.013161, 0.024886
10.580052, 0.000888, -0.003102, 0.039678
10.600053, -0.013205, -0.012602, 0.040160
10.620053, -0.021461, -0.023608, 0.028663
10.640054, -0.012295, -0.024032, 0.029853
10.660054, 0.003529, -0.006801, 0.026726
10.680055, 0.009477, 0.005685, 0.043722
10.700055, -0.000111, 0.003068, 0.041745
10.720056, -0.005415, -0.003869, 0.038891
10.740056, 0.003240, -0.008514, 0.043791
10.760056, 0.013072, -0.001955, 0.047180
10.780057, 0.013982, 0.006882, 0.048418
10.800057, 0.002952, 0.008548, 0.044032
10.820058, -0.005082, 0.000225, 0.038523
10.840058, 0.000843, -0.005382, 0.031433
10.860059, 0.012428, 0.003909, 0.028596
10.880059, 0.011319, 0.007175, 0.040220
10.900060, -0.004616, -0.004158, 0.036670
10.920060, -0.014958, -0.017983, 0.026789
10.940061, -0.011496, -0.021424, 0.022085
10.960061, -0.000799, -0.012945, 0.021621
10.980062, 0.000777, -0.004600, 0.027932
11.000062, -0.010209, -0.010101, 0.027987
11.020062, -0.021417, -0.018323, 0.016126
11.040063, -0.018199, -0.025595, 0.016751
11.060063, -0.008900, -0.020822, 0.014296
11.080064, -0.005681, -0.021000, 0.027264
11.100064, -0.015935, -0.026282, 0.025781
11.120065, -0.025922, -0.025130, 0.010911
11.140065, -0.023436, -0.027349, 0.017153
11.160066, -0.011518, -0.024890, 0.018104
11.180066, 0.000089, -0.010800, 0.024402
11.200067, 0.000355, -0.002194, 0.029790
11.220067, -0.010542, -0.003003, 0.024850
11.240067, -0.013782, -0.011027, 0.020795
11.260068, -0.003862, -0.006800, 0.011789
11.280068, 0.006880, 0.000332, 0.020957
11.300069, 0.003817, -0.002036, 0.026436
11.320069, -0.009055, -0.007421, 0.019380
11.340070, -0.018398, -0.021307, 0.019049
11.360070, -0.016068, -0.031441, 0.016131
11.380071, -0.004550, -0.021215, 0.017011
11.400071, 0.002641, -0.003787, 0.020453
11.420072, -0.003018, 0.004266, 0.022580
11.440072, -0.008833, -0.000201, 0.018506
11.460073, -0.002774, -0.001747, 0.013044
11.480073, 0.012206, 0.007869, 0.013951
11.500073, 0.014692, 0.008847, 0.029390
11.520074, -0.000444, -0.003932, 0.023512
11.540074, -0.016024, -0.017636, 0.012268
11.560075, -0.019153, -0.028254, 0.010245
11.580075, -0.007657, -0.024259, 0.009567
11.600076, 0.003928, -0.007375, 0.018699
11.620076, -0.000377, -0.006866, 0.031761
11.640077, -0.015535, -0.021475, 0.030330
11.660077, -0.023081, -0.032239, 0.021378
11.680078, -0.014847, -0.028025, 0.018242
11.700078, 0.000200, -0.010361, 0.021993
11.720078, 0.002952, -0.002894, 0.036969
11.740079, -0.011163, -0.012294, 0.036147
11.760079, -0.021772, -0.022234, 0.021870
11.780080, -0.018243, -0.028485, 0.024727
11.800080, -0.007080, -0.023224, 0.024283
11.820081, 0.002042, -0.006442, 0.025852
11.840081, -0.002885, 0.001470, 0.033533
11.860082, -0.011407, -0.003262, 0.023665
11.880082, -0.009632, -0.005351, 0.015744
11.900083, 0.005038, 0.004489, 0.011191
11.920083, 0.013405, 0.010276, 0.025021
11.940084, 0.001576, -0.002621, 0.030185
11.960084, -0.017155, -0.022309, 0.021957
11.980084, -0.024080, -0.034215, 0.014153
12.000085, -0.013982, -0.026589, 0.008579
12.020085, -0.001132, -0.016935, 0.028006
12.040086, -0.000777, -0.006793, 0.022722
12.060086, -0.006614, 0.000828, 0.021405
12.080087, -0.009099, -0.005118, 0.023258
12.100087, -0.002219, -0.009742, 0.026918
12.120088, 0.011740, 0.001374, 0.022536
12.140088, 0.016001, 0.015386, 0.030682
12.160089, 0.006392, 0.014241, 0.030179
12.180089, -0.005571, -0.001292, 0.024810
12.200089, -0.006702, -0.011222, 0.014857
12.220090, 0.004439, -0.006368, 0.015949
12.240090, 0.009876, -0.001247, 0.027514
12.260091, -0.002020, -0.008872, 0.032990
12.280091, -0.014803, -0.017374, 0.018548
12.300092, -0.016778, -0.023576, 0.020448
12.320092, -0.007768, -0.023249, 0.020034
12.340093, 0.000022, -0.015743, 0.029411
12.360093, -0.004905, -0.012197, 0.032496
12.380094, -0.016201, -0.014213, 0.021678
12.400094, -0.021394, -0.023282, 0.023754
12.420094, -0.013982, -0.021005, 0.013024
12.440095, -0.002930, -0.015137, 0.025050
12.460095, -0.003373, -0.014184, 0.028687
12.480096, -0.012007, -0.016420, 0.028281
12.500096, -0.017977, -0.019482, 0.024456
12.520097, -0.008744, -0.014566, 0.023855
12.540097, 0.007590, -0.000814, 0.031437
12.560098, 0.011141, -0.000984, 0.048934
12.580098, -0.002974, -0.010924, 0.042411
12.600099, -0.018243, -0.015289, 0.023401
12.620099, -0.017244, -0.020208, 0.022135
12.640100, -0.005526, -0.013082, 0.015765
12.660100, 0.002020, -0.001337, 0.022279
12.680100, -0.002175, -0.004169, 0.026352
12.700101, -0.015713, -0.013407, 0.020086
12.720101, -0.022016, -0.023696, 0.016166
12.740102, -0.014359, -0.025871, 0.014186
12.760102, -0.001198, -0.013639, 0.016869
12.780103, 0.002996, -0.004674, 0.030250
12.800103, -0.006702, -0.006991, 0.029537
12.820104, -0.011896, -0.010739, 0.020766
12.840104, -0.004483, -0.008773, 0.023652
12.860105, 0.009521, 0.000424, 0.028970
12.880105, 0.016911, 0.011771, 0.033787
12.900105, 0.008367, 0.010984, 0.038555
12.920106, -0.005349, -0.001690, 0.027227
12.940106, -0.008123, -0.010731, 0.019480
12.960107, 0.002397, -0.009805, 0.021020
12.980107, 0.009920, -0.001292, 0.025684
13.000108, 0.002508, -0.003911, 0.036057
13.020108, -0.011074, -0.012112, 0.025753
13.040109, -0.014648, -0.019821, 0.024812
13.060109, -0.007501, -0.021088, 0.023941
13.080110, 0.001953, -0.014954, 0.030249
13.100110, 0.001087, -0.005209, 0.029761
13.120111, -0.008167, -0.007068, 0.035086
13.140111, -0.015624, -0.018326, 0.033086
13.160111, -0.006236, -0.017665, 0.030629
13.180112, 0.009832, 0.000687, 0.034685
13.200112, 0.019219, 0.019986, 0.039171
13.220113, 0.014204, 0.022231, 0.048129
13.240113, 0.004594, 0.012921, 0.039650
13.260114, 0.005571, 0.004853, 0.033417
13.280114, 0.013937, 0.005146, 0.031939
13.300115, 0.014692, 0.003083, 0.041107
13.320115, 0.000111, -0.007472, 0.037290
13.340116, -0.013738, -0.014889, 0.019466
13.360116, -0.016201, -0.021995, 0.021677
13.380116, -0.012362, -0.028367, 0.022045
13.400117, -0.006969, -0.026873, 0.026388
13.420117, -0.009454, -0.023156, 0.027139
13.440118, -0.021461, -0.024759, 0.025201
13.460118, -0.025522, -0.017791, 0.002466
