t, phi2, phi3
0.000000, -0.578273, 0.776052
0.020000, -0.578259, 0.776092
0.040000, -0.578229, 0.776139
0.060000, -0.578218, 0.776191
0.080000, -0.578199, 0.776214
0.100000, -0.578195, 0.776241
0.120000, -0.578183, 0.776271
0.140000, -0.578173, 0.776316
0.160000, -0.578161, 0.776352
0.180000, -0.578172, 0.776403
0.200000, -0.578180, 0.776439
0.220000, -0.578182, 0.776461
0.240000, -0.578170, 0.776488
0.260000, -0.578161, 0.776513
0.280000, -0.578146, 0.776543
0.300000, -0.578142, 0.776585
0.320000, -0.578146, 0.776622
0.340000, -0.578132, 0.776641
0.360000, -0.578126, 0.776687
0.380000, -0.578109, 0.776715
0.400000, -0.578075, 0.776734
0.420000, -0.578069, 0.776765
0.440000, -0.578055, 0.776784
0.460000, -0.578037, 0.776801
0.480000, -0.578030, 0.776843
0.500000, -0.578033, 0.776882
0.520000, -0.578017, 0.776906
0.540000, -0.577995, 0.776940
0.560000, -0.577991, 0.776958
0.580000, -0.577978, 0.776984
0.600000, -0.577977, 0.777000
0.620000, -0.577977, 0.777026
0.640000, -0.577965, 0.777038
0.660000, -0.577959, 0.777052
0.680000, -0.577949, 0.777070
0.700000, -0.577941, 0.777067
0.720000, -0.577935, 0.777084
0.740000, -0.577936, 0.777107
0.760000, -0.577940, 0.777121
0.780000, -0.577955, 0.777126
0.800000, -0.577944, 0.777153
0.820000, -0.577928, 0.777189
0.840000, -0.577922, 0.777198
0.860000, -0.577915, 0.777207
0.880000, -0.577935, 0.777231
0.900000, -0.577925, 0.777259
0.920000, -0.577899, 0.777270
0.940000, -0.577876, 0.777263
0.960000, -0.577872, 0.777319
0.980000, -0.577882, 0.777321
1.000000, -0.577872, 0.777334
1.020000, -0.577880, 0.777369
1.040000, -0.577879, 0.777389
1.060000, -0.577876, 0.777385
1.080000, -0.577858, 0.777421
1.100000, -0.577847, 0.777437
1.120000, -0.577822, 0.777442
1.140000, -0.577834, 0.777471
1.159999, -0.577846, 0.777473
1.179999, -0.577823, 0.777467
1.199999, -0.577809, 0.777490
1.219999, -0.577809, 0.777503
1.239999, -0.577794, 0.777505
1.259999, -0.577783, 0.777516
1.279999, -0.577778, 0.777519
1.299999, -0.577767, 0.777520
1.319999, -0.577774, 0.777542
1.339999, -0.577755, 0.777553
1.359999, -0.577744, 0.777573
1.379999, -0.577735, 0.777570
1.399999, -0.577721, 0.777570
1.419999, -0.577708, 0.777553
1.439999, -0.577696, 0.777567
1.459999, -0.577689, 0.777579
1.479999, -0.577676, 0.777578
1.499999, -0.577658, 0.777574
1.519999, -0.577652, 0.777599
1.539999, -0.577653, 0.777614
1.559999, -0.577671, 0.777644
1.579999, -0.577671, 0.777689
1.599999, -0.577705, 0.777607
1.619999, -0.577594, 0.777649
1.639999, -0.577606, 0.777653
1.659999, -0.577636, 0.777702
1.679999, -0.577609, 0.777686
1.699999, -0.577599, 0.777737
1.719999, -0.577568, 0.777707
1.739999, -0.577576, 0.777742
1.759999, -0.577586, 0.777748
1.779999, -0.577565, 0.777764
1.799999, -0.577571, 0.777754
1.819999, -0.577585, 0.777826
1.839999, -0.577556, 0.777818
1.859999, -0.577569, 0.777879
1.879999, -0.577518, 0.777820
1.899999, -0.577576, 0.777862
1.919999, -0.577520, 0.777857
1.939999, -0.577497, 0.777932
1.959999, -0.577522, 0.777951
1.979999, -0.577511, 0.777955
1.999999, -0.577477, 0.777982
2.019999, -0.577497, 0.778007
2.039999, -0.577538, 0.778160
2.059999, -0.577521, 0.778015
2.079999, -0.577529, 0.777991
2.099999, -0.576941, 0.777890
2.119999, -0.577268, 0.778383
2.139999, -0.577253, 0.778415
2.159999, -0.577145, 0.778365
2.179999, -0.577381, 0.778407
2.199999, -0.577599, 0.778210
2.219999, -0.577130, 0.777403
2.239999, -0.576717, 0.777078
2.259999, -0.576754, 0.777332
2.279999, -0.577007, 0.777862
2.299999, -0.577282, 0.778136
2.319999, -0.577198, 0.778091
2.339998, -0.577210, 0.778158
2.359998, -0.577213, 0.778044
2.379998, -0.577112, 0.777645
2.399998, -0.577127, 0.776613
2.419998, -0.576407, 0.773423
2.439998, -0.573166, 0.766795
2.459998, -0.568281, 0.758718
2.479998, -0.561471, 0.750031
2.499998, -0.553320, 0.739291
2.519998, -0.545000, 0.725632
2.539998, -0.536152, 0.707830
2.559998, -0.525980, 0.686154
2.579998, -0.512831, 0.659289
2.599998, -0.499819, 0.632457
2.619998, -0.482946, 0.597507
2.639998, -0.464520, 0.560891
2.659998, -0.445807, 0.522202
2.679998, -0.427455, 0.481230
2.699998, -0.407077, 0.439906
2.719998, -0.384838, 0.398969
2.739998, -0.362036, 0.357675
2.759998, -0.338737, 0.316194
2.779998, -0.314924, 0.275526
2.799998, -0.290489, 0.236326
2.819998, -0.265563, 0.199327
2.839998, -0.240586, 0.165291
2.859998, -0.215587, 0.134407
2.879998, -0.190306, 0.106646
2.899998, -0.164643, 0.082552
2.919998, -0.139415, 0.061688
2.939998, -0.114821, 0.043253
2.959998, -0.091744, 0.026641
2.979998, -0.071640, 0.010610
2.999998, -0.055551, -0.004651
3.019998, -0.042584, -0.018012
3.039998, -0.030618, -0.028703
3.059998, -0.018959, -0.035674
3.079998, -0.007533, -0.039358
3.099998, 0.003570, -0.041014
3.119998, 0.013007, -0.041370
3.139998, 0.020089, -0.041600
3.159998, 0.024866, -0.041752
3.179998, 0.028139, -0.041755
3.199998, 0.030466, -0.041251
3.219998, 0.032004, -0.039564
3.239998, 0.033112, -0.037276
3.259998, 0.033603, -0.035166
3.279998, 0.032975, -0.032720
3.299998, 0.031671, -0.030294
3.319998, 0.030362, -0.028895
3.339998, 0.028417, -0.027855
3.359998, 0.025979, -0.026998
3.379997, 0.023768, -0.026762
3.399997, 0.021774, -0.026830
3.419997, 0.019828, -0.026844
3.439997, 0.017924, -0.026910
3.459997, 0.015914, -0.026852
3.479997, 0.013968, -0.026962
3.499997, 0.012157, -0.027001
3.519997, 0.010664, -0.027137
3.539997, 0.009535, -0.027103
3.559997, 0.008720, -0.026682
3.579997, 0.008174, -0.025861
3.599997, 0.008066, -0.025279
3.619997, 0.008015, -0.024464
3.639997, 0.008026, -0.023440
3.659997, 0.008330, -0.022443
3.679997, 0.008876, -0.021454
3.699997, 0.009519, -0.020274
3.719997, 0.010270, -0.019073
3.739997, 0.010907, -0.017563
3.759997, 0.011652, -0.016403
3.779997, 0.012470, -0.015303
3.799997, 0.013409, -0.014207
3.819997, 0.014330, -0.013259
3.839997, 0.015273, -0.012361
3.859997, 0.016395, -0.011524
3.879997, 0.017666, -0.010865
3.899997, 0.018561, -0.009734
3.919997, 0.019593, -0.008898
3.939997, 0.020617, -0.007598
3.959997, 0.021754, -0.006199
3.979997, 0.022684, -0.004373
3.999997, 0.023655, -0.001619
4.019997, 0.022844, 0.001720
4.039997, 0.020668, 0.002600
4.059997, 0.019582, 0.002137
4.079997, 0.018380, 0.002560
4.099997, 0.017887, 0.001313
4.119997, 0.015018, 0.003277
4.139997, 0.014132, 0.001539
4.159997, 0.010508, 0.001576
4.179997, 0.006465, 0.001921
4.199997, 0.002652, 0.002510
4.219997, -0.000788, 0.001890
4.239997, -0.004134, 0.000639
4.259997, -0.007289, -0.000559
4.279997, -0.010103, -0.001494
4.299997, -0.012258, -0.002043
4.319997, -0.013356, -0.003373
4.339997, -0.013775, -0.004222
4.359997, -0.013822, -0.004726
4.379997, -0.013270, -0.006515
4.399997, -0.012874, -0.007748
4.419997, -0.012393, -0.009806
4.439997, -0.012481, -0.010156
4.459997, -0.012056, -0.011923
4.479997, -0.011955, -0.013067
4.499997, -0.012263, -0.013796
4.519997, -0.012604, -0.015217
4.539997, -0.012605, -0.017452
4.559997, -0.012797, -0.019384
4.579997, -0.012676, -0.021962
4.599997, -0.012254, -0.025231
4.619997, -0.011977, -0.027817
4.639997, -0.011657, -0.030553
4.659997, -0.011284, -0.033215
4.679996, -0.010803, -0.036131
4.699996, -0.010307, -0.038788
4.719996, -0.009906, -0.041250
4.739996, -0.009238, -0.044326
4.759996, -0.008612, -0.047580
4.779996, -0.008268, -0.049554
4.799996, -0.008175, -0.050578
4.819996, -0.007517, -0.052499
4.839996, -0.007282, -0.052744
4.859996, -0.006401, -0.053887
4.879996, -0.005733, -0.054920
4.899996, -0.005486, -0.052951
4.919996, -0.004565, -0.051911
4.939996, -0.004164, -0.048489
4.959996, -0.003220, -0.045958
4.979996, -0.001892, -0.041818
4.999996, -0.000801, -0.036498
5.019996, -0.000781, -0.028842
5.039996, -0.001745, -0.018220
5.059996, -0.001116, -0.014745
5.079996, -0.002002, -0.005775
5.099996, -0.002243, 0.001871
5.119996, -0.002743, 0.009663
5.139996, -0.003451, 0.017102
5.159996, -0.004356, 0.024551
5.179996, -0.005890, 0.030560
5.199996, -0.007575, 0.036247
5.219996, -0.006690, 0.037700
5.239996, -0.007411, 0.039969
5.259996, -0.006911, 0.040171
5.279996, -0.007522, 0.041054
5.299996, -0.006974, 0.039410
5.319996, -0.008294, 0.039408
5.339996, -0.007344, 0.035399
5.359996, -0.006394, 0.030801
5.379996, -0.005216, 0.023912
5.399996, -0.005982, 0.017319
5.419996, -0.007459, 0.010915
5.439996, -0.008762, 0.002658
5.459996, -0.009958, -0.005555
5.479996, -0.011159, -0.013378
5.499996, -0.012933, -0.019437
5.519996, -0.013593, -0.027107
5.539996, -0.014186, -0.034164
5.559996, -0.015173, -0.038685
5.579996, -0.015293, -0.043857
5.599996, -0.015091, -0.048627
5.619996, -0.015610, -0.050796
5.639996, -0.014850, -0.054774
5.659996, -0.014346, -0.056619
5.679996, -0.013706, -0.057650
5.699996, -0.012599, -0.059480
5.719995, -0.011717, -0.060081
5.739995, -0.011045, -0.058715
5.759995, -0.010225, -0.056849
5.779995, -0.009077, -0.053877
5.799995, -0.007659, -0.051279
5.819995, -0.006460, -0.047281
5.839995, -0.004939, -0.043548
5.859995, -0.003846, -0.039004
5.879995, -0.002220, -0.034134
5.899995, -0.001186, -0.028511
5.919995, -0.001055, -0.020478
5.939995, 0.000324, -0.015283
5.959995, 0.001513, -0.010618
5.979995, 0.000415, -0.003738
5.999995, -0.001455, 0.001656
6.019995, -0.004090, 0.006966
6.039995, -0.007994, 0.014783
6.059995, -0.010060, 0.020034
6.079995, -0.012267, 0.025484
6.099995, -0.015279, 0.031847
6.119995, -0.017160, 0.035710
6.139995, -0.018400, 0.037418
6.159995, -0.018722, 0.037641
6.179995, -0.020096, 0.039797
6.199995, -0.019875, 0.039081
6.219995, -0.020187, 0.039130
6.239995, -0.018945, 0.035522
6.259995, -0.018628, 0.034413
6.279995, -0.018656, 0.033754
6.299995, -0.019003, 0.030740
6.319995, -0.020461, 0.028002
6.339995, -0.020887, 0.021344
6.359995, -0.022154, 0.015088
6.379995, -0.023169, 0.007932
6.399995, -0.023446, 0.001594
6.419995, -0.022956, -0.004408
6.439995, -0.021830, -0.010669
6.459995, -0.020777, -0.015764
6.479995, -0.019324, -0.021227
6.499995, -0.018221, -0.025908
6.519995, -0.017139, -0.030175
6.539995, -0.016078, -0.033853
6.559995, -0.015267, -0.036571
6.579995, -0.014406, -0.039302
6.599995, -0.013752, -0.041582
6.619995, -0.013131, -0.043934
6.639995, -0.012517, -0.046507
6.659995, -0.012772, -0.046966
6.679995, -0.012112, -0.049320
6.699995, -0.011982, -0.049490
6.719995, -0.011355, -0.050035
6.739995, -0.010633, -0.050447
6.759995, -0.010396, -0.048260
6.779994, -0.010180, -0.044598
6.799994, -0.008837, -0.043978
6.819994, -0.008433, -0.039592
6.839994, -0.006963, -0.035698
6.859994, -0.006125, -0.030139
6.879994, -0.004813, -0.024722
6.899994, -0.003477, -0.019136
6.919994, -0.003521, -0.011561
6.939994, -0.005120, -0.004886
6.959994, -0.008270, 0.000630
6.979994, -0.010212, 0.003105
6.999994, -0.012160, 0.006797
7.019994, -0.014487, 0.011019
7.039994, -0.016717, 0.014156
7.059994, -0.018338, 0.016241
7.079994, -0.019408, 0.017692
7.099994, -0.020302, 0.019355
7.119994, -0.021011, 0.020467
7.139994, -0.021468, 0.021386
7.159994, -0.021823, 0.021795
7.179994, -0.022040, 0.021397
7.199994, -0.021924, 0.020130
7.219994, -0.021947, 0.019244
7.239994, -0.021466, 0.017846
7.259994, -0.021080, 0.016329
7.279994, -0.021173, 0.015765
7.299994, -0.019944, 0.012218
7.319994, -0.019938, 0.010767
7.339994, -0.019536, 0.008129
7.359994, -0.019811, 0.005860
7.379994, -0.019641, 0.002371
7.399994, -0.019459, -0.000423
7.419994, -0.019009, -0.003632
7.439994, -0.018950, -0.005780
7.459994, -0.018295, -0.008940
7.479994, -0.017544, -0.012240
7.499994, -0.017143, -0.014549
7.519994, -0.016361, -0.017555
7.539994, -0.015708, -0.020464
7.559994, -0.015254, -0.023121
7.579994, -0.014576, -0.026342
7.599994, -0.014387, -0.028261
7.619994, -0.014399, -0.029146
7.639994, -0.014826, -0.029116
7.659994, -0.014164, -0.030619
7.679994, -0.013652, -0.031566
7.699994, -0.013119, -0.031566
7.719994, -0.013264, -0.030167
7.739994, -0.012729, -0.030043
7.759994, -0.012087, -0.029431
7.779994, -0.011607, -0.028385
7.799994, -0.011470, -0.025369
7.819993, -0.011281, -0.021592
7.839993, -0.010663, -0.018341
7.859993, -0.010225, -0.014681
7.879993, -0.009695, -0.010998
7.899993, -0.009239, -0.007505
7.919993, -0.009112, -0.003722
7.939993, -0.009044, -0.000472
7.959993, -0.009554, 0.003339
7.979993, -0.010026, 0.006640
7.999993, -0.010540, 0.010126
8.019994, -0.011225, 0.013538
8.039994, -0.012074, 0.016053
8.059995, -0.013013, 0.018492
8.079995, -0.013588, 0.019840
8.099996, -0.014407, 0.021201
8.119996, -0.015056, 0.022273
8.139997, -0.015325, 0.022703
8.159997, -0.016008, 0.023524
8.179997, -0.016281, 0.023226
8.199998, -0.016714, 0.022960
8.219998, -0.017367, 0.023158
8.239999, -0.017126, 0.022106
8.259999, -0.016379, 0.020234
8.280000, -0.015575, 0.017944
8.300000, -0.014717, 0.015265
8.320001, -0.014328, 0.013022
8.340001, -0.013634, 0.009766
8.360002, -0.013268, 0.006912
8.380002, -0.012627, 0.003429
8.400002, -0.012070, -0.000047
8.420003, -0.012129, -0.002448
8.440003, -0.012567, -0.004206
8.460004, -0.012564, -0.006937
8.480004, -0.012571, -0.009895
8.500005, -0.012290, -0.013122
8.520005, -0.011828, -0.016348
8.540006, -0.011559, -0.018859
8.560006, -0.011617, -0.020142
8.580007, -0.011130, -0.022446
8.600007, -0.010924, -0.024141
8.620008, -0.011113, -0.024383
8.640008, -0.010615, -0.026258
8.660008, -0.010303, -0.026916
8.680009, -0.010071, -0.027117
8.700009, -0.009629, -0.027329
8.720010, -0.009713, -0.025463
8.740010, -0.009567, -0.023646
8.760011, -0.009206, -0.021675
8.780011, -0.008774, -0.019167
8.800012, -0.008719, -0.015675
8.820012, -0.008362, -0.012499
8.840013, -0.007576, -0.009911
8.860013, -0.007057, -0.006874
8.880013, -0.006896, -0.003297
8.900014, -0.006481, -0.000317
8.920014, -0.006308, 0.003093
8.940015, -0.006405, 0.007068
8.960015, -0.006437, 0.010569
8.980016, -0.006697, 0.013952
9.000016, -0.007272, 0.017172
9.020017, -0.007983, 0.020030
9.040017, -0.008572, 0.022466
9.060018, -0.009620, 0.025409
9.080018, -0.010403, 0.027319
9.100019, -0.010646, 0.027889
9.120019, -0.011567, 0.029637
9.140019, -0.011853, 0.029901
9.160020, -0.011560, 0.028624
9.180020, -0.012488, 0.029069
9.200021, -0.012816, 0.028277
9.220021, -0.012556, 0.026004
9.240022, -0.012628, 0.024794
9.260022, -0.012188, 0.022387
9.280023, -0.011626, 0.019530
9.300023, -0.011151, 0.016552
9.320024, -0.010708, 0.013606
9.340024, -0.009962, 0.009531
9.360024, -0.010042, 0.006892
9.380025, -0.009529, 0.002850
9.400025, -0.009260, -0.001217
9.420026, -0.009382, -0.004704
9.440026, -0.009251, -0.008801
9.460027, -0.009145, -0.012727
9.480027, -0.009396, -0.015579
9.500028, -0.009859, -0.017794
9.520028, -0.010458, -0.019565
9.540029, -0.009989, -0.022796
9.560029, -0.009562, -0.025760
9.580029, -0.008801, -0.029074
9.600030, -0.008782, -0.030494
9.620030, -0.007925, -0.033602
9.640031, -0.007188, -0.035840
9.660031, -0.006817, -0.036600
9.680032, -0.005790, -0.038139
9.700032, -0.005268, -0.037939
9.720033, -0.004327, -0.038026
9.740033, -0.003315, -0.037692
9.760034, -0.001702, -0.036748
9.780034, -0.001070, -0.034874
9.800035, -0.000288, -0.032343
9.820035, 0.000274, -0.028260
9.840035, 0.000191, -0.021431
9.860036, -0.000187, -0.013580
9.880036, -0.000291, -0.004540
9.900037, 0.000365, 0.002427
9.920037, 0.000167, 0.010362
9.940038, -0.000841, 0.017807
9.960038, -0.002157, 0.024651
9.980039, -0.004561, 0.032242
10.000039, -0.005024, 0.034837
10.020040, -0.007146, 0.040734
10.040040, -0.008190, 0.041821
10.060040, -0.011088, 0.046007
10.080041, -0.013660, 0.047986
10.100041, -0.016549, 0.049135
10.120042, -0.018515, 0.047720
10.140042, -0.019952, 0.045556
10.160043, -0.021958, 0.045595
10.180043, -0.020784, 0.041051
10.200044, -0.020437, 0.038599
10.220044, -0.018655, 0.033387
10.240045, -0.015803, 0.026320
10.260045, -0.012374, 0.020102
10.280046, -0.009579, 0.014595
10.300046, -0.008686, 0.009179
10.320046, -0.008084, 0.002484
10.340047, -0.007468, -0.005626
10.360047, -0.008336, -0.010168
10.380048, -0.008926, -0.015442
10.400048, -0.009534, -0.020942
10.420049, -0.010430, -0.025446
10.440049, -0.011464, -0.029400
10.460050, -0.012409, -0.032988
10.480050, -0.013079, -0.036372
10.500051, -0.013320, -0.039604
10.520051, -0.013875, -0.041073
10.540051, -0.014339, -0.041972
10.560052, -0.013890, -0.043840
10.580052, -0.014048, -0.043254
10.600053, -0.013598, -0.042559
10.620053, -0.013468, -0.039422
10.640054, -0.012726, -0.037162
10.660054, -0.012213, -0.036162
10.680055, -0.012804, -0.031884
10.700055, -0.012478, -0.028313
10.720056, -0.011894, -0.023826
10.740056, -0.011632, -0.017489
10.760056, -0.010974, -0.012058
10.780057, -0.010214, -0.007160
10.800057, -0.009498, -0.002438
10.820058, -0.009294, 0.002138
10.840058, -0.009394, 0.005695
10.860059, -0.010914, 0.009933
10.880059, -0.012044, 0.012191
10.900060, -0.013234, 0.013558
10.920060, -0.014205, 0.014905
10.940061, -0.014837, 0.014869
10.960061, -0.015640, 0.015244
10.980062, -0.016508, 0.015352
11.000062, -0.017493, 0.015637
11.020062, -0.017450, 0.013959
11.040063, -0.017652, 0.013377
11.060063, -0.017652, 0.012369
11.080064, -0.017402, 0.011171
11.100064, -0.017108, 0.009666
11.120065, -0.016637, 0.007932
11.140065, -0.015902, 0.005447
11.160066, -0.015295, 0.003031
11.180066, -0.014906, 0.000932
11.200067, -0.014429, -0.001410
11.220067, -0.014015, -0.003718
11.240067, -0.013518, -0.006421
11.260068, -0.013552, -0.008279
11.280068, -0.013345, -0.010821
11.300069, -0.013203, -0.012996
11.320069, -0.013165, -0.014769
11.340070, -0.013524, -0.015614
11.360070, -0.013497, -0.017009
11.380071, -0.013451, -0.017900
11.400071, -0.012800, -0.019751
11.420072, -0.012356, -0.021082
11.440072, -0.011774, -0.022305
11.460073, -0.011063, -0.023336
11.480073, -0.010277, -0.024659
11.500073, -0.010904, -0.022649
11.520074, -0.011858, -0.019737
11.540074, -0.011860, -0.018670
11.560075, -0.011934, -0.017247
11.580075, -0.011965, -0.014719
11.600076, -0.011587, -0.012438
11.620076, -0.010961, -0.010429
11.640077, -0.010730, -0.007699
11.660077, -0.010425, -0.004648
11.680078, -0.009890, -0.001511
11.700078, -0.009401, 0.001779
11.720078, -0.009044, 0.004786
11.740079, -0.008542, 0.007203
11.760079, -0.008822, 0.010813
11.780080, -0.009049, 0.013413
11.800080, -0.009888, 0.016745
11.820081, -0.010564, 0.019690
11.840081, -0.010622, 0.021231
11.860082, -0.010866, 0.022673
11.880082, -0.010939, 0.023300
11.900083, -0.011452, 0.024411
11.920083, -0.011891, 0.024971
11.940084, -0.012491, 0.025744
11.960084, -0.013192, 0.026337
11.980084, -0.013967, 0.026897
12.000085, -0.014622, 0.027092
12.020085, -0.014746, 0.026128
12.040086, -0.014326, 0.023790
12.060086, -0.014140, 0.022237
12.080087, -0.013661, 0.019769
12.100087, -0.013313, 0.017239
12.120088, -0.012966, 0.014500
12.140088, -0.012401, 0.010556
12.160089, -0.012570, 0.007811
12.180089, -0.012263, 0.004045
12.200089, -0.011640, -0.000204
12.220090, -0.011214, -0.004478
12.240090, -0.010805, -0.008786
12.260091, -0.010221, -0.013028
12.280091, -0.010371, -0.015607
12.300092, -0.010206, -0.018267
12.320092, -0.009624, -0.021824
12.340093, -0.009731, -0.023505
12.360093, -0.009491, -0.025096
12.380094, -0.009219, -0.026698
12.400094, -0.008826, -0.027780
12.420094, -0.008563, -0.027871
12.440095, -0.007362, -0.029280
12.460095, -0.006509, -0.029412
12.480096, -0.005764, -0.028243
12.500096, -0.005414, -0.025977
12.520097, -0.004880, -0.023728
12.540097, -0.004832, -0.020721
12.560098, -0.005003, -0.015746
12.580098, -0.004453, -0.012064
12.600099, -0.004038, -0.007323
12.620099, -0.003758, -0.002518
12.640100, -0.003948, 0.002394
12.660100, -0.004525, 0.007187
12.680100, -0.004891, 0.011157
12.700101, -0.006062, 0.016614
12.720101, -0.006937, 0.021568
12.740102, -0.007623, 0.026037
12.760102, -0.008334, 0.029973
12.780103, -0.009055, 0.033362
12.800103, -0.010224, 0.037150
12.820104, -0.012481, 0.042329
12.840104, -0.013943, 0.044318
12.860105, -0.014700, 0.044547
12.880105, -0.015271, 0.044374
12.900105, -0.015250, 0.043002
12.920106, -0.015624, 0.042485
12.940106, -0.015149, 0.040509
12.960107, -0.014865, 0.037839
12.980107, -0.014922, 0.034496
13.000108, -0.014634, 0.030364
13.020108, -0.015041, 0.025889
13.040109, -0.015313, 0.021068
13.060109, -0.015774, 0.017234
13.080110, -0.015343, 0.011875
13.100110, -0.014369, 0.005943
13.120111, -0.013285, 0.000351
13.140111, -0.012503, -0.004659
13.160111, -0.011830, -0.009676
13.180112, -0.011328, -0.014737
13.200112, -0.011182, -0.019153
13.220113, -0.010635, -0.023993
13.240113, -0.010524, -0.027298
13.260114, -0.009681, -0.031854
13.280114, -0.008615, -0.036085
13.300115, -0.008053, -0.039071
13.320115, -0.007890, -0.040940
13.340116, -0.006802, -0.044714
13.360116, -0.006618, -0.045658
13.380116, -0.006321, -0.046891
13.400117, -0.005968, -0.047428
13.420117, -0.005222, -0.047719
13.440118, -0.005768, -0.044533
13.460118, -0.005317, -0.041941
13.480119, -0.004657, -0.038392
13.500119, -0.003625, -0.035457
13.520120, -0.003182, -0.029097
13.540120, -0.002251, -0.024248
13.560121, -0.001385, -0.019900
13.580121, -0.001922, -0.010958
13.600121, -0.001432, -0.003727
13.620122, -0.002323, 0.006059
13.640122, -0.002429, 0.013576
13.660123, -0.002911, 0.020283
13.680123, -0.004490, 0.026802
13.700124, -0.006871, 0.032440
13.720124, -0.010318, 0.036878
13.740125, -0.013353, 0.038131
13.760125, -0.016003, 0.039273
13.780126, -0.019295, 0.041089
13.800126, -0.020698, 0.040206
13.820127, -0.019907, 0.036310
13.840127, -0.019546, 0.035625
13.860127, -0.018576, 0.033706
13.880128, -0.017485, 0.030402
13.900128, -0.016926, 0.027515
13.920129, -0.016616, 0.025335
13.940129, -0.016257, 0.022697
13.960130, -0.016092, 0.020761
13.980130, -0.014516, 0.015998
14.000131, -0.015350, 0.013200
14.020131, -0.015699, 0.008540
14.040132, -0.015523, 0.001931
14.060132, -0.015673, -0.002561
14.080132, -0.015619, -0.007699
14.100133, -0.016027, -0.011645
14.120133, -0.016323, -0.015887
14.140134, -0.016237, -0.020643
14.160134, -0.015932, -0.025055
14.180135, -0.015890, -0.028202
14.200135, -0.015191, -0.032502
14.220136, -0.014871, -0.035470
14.240136, -0.014553, -0.037943
14.260137, -0.013857, -0.040546
14.280137, -0.013499, -0.041808
14.300138, -0.013053, -0.043204
14.320138, -0.012292, -0.045172
14.340138, -0.011714, -0.046028
14.360139, -0.011677, -0.045137
14.380139, -0.011518, -0.043458
14.400140, -0.010980, -0.042641
14.420140, -0.010703, -0.041605
14.440141, -0.009636, -0.040929
14.460141, -0.009062, -0.038185
14.480142, -0.008711, -0.034162
14.500142, -0.008026, -0.030893
14.520143, -0.007123, -0.027545
14.540143, -0.006898, -0.022812
14.560143, -0.007211, -0.017096
14.580144, -0.006863, -0.012197
14.600144, -0.006497, -0.006505
14.620145, -0.006679, -0.000206
14.640145, -0.007544, 0.006447
14.660146, -0.008330, 0.011512
14.680146, -0.008945, 0.016014
14.700147, -0.010368, 0.021798
14.720147, -0.010953, 0.025467
14.740148, -0.012329, 0.029871
14.760148, -0.013510, 0.033059
14.780149, -0.014923, 0.035510
14.800149, -0.016602, 0.036364
14.820149, -0.018327, 0.037836
14.840150, -0.018812, 0.037981
14.860150, -0.019156, 0.038307
14.880151, -0.018682, 0.037886
14.900151, -0.018673, 0.035714
14.920152, -0.017777, 0.031611
14.940152, -0.016928, 0.026091
14.960153, -0.016283, 0.022007
14.980153, -0.015431, 0.017983
15.000154, -0.013689, 0.011527
15.020154, -0.012652, 0.005758
15.040154, -0.012273, 0.000199
15.060155, -0.011652, -0.006672
15.080155, -0.012318, -0.011800
15.100156, -0.012582, -0.018410
15.120156, -0.012956, -0.025036
15.140157, -0.013930, -0.029875
15.160157, -0.014554, -0.034891
15.180158, -0.015343, -0.038310
15.200158, -0.015269, -0.042341
15.220159, -0.015801, -0.044304
15.240159, -0.015776, -0.046994
15.260159, -0.015371, -0.049194
15.280160, -0.015018, -0.049600
15.300160, -0.014122, -0.049678
15.320161, -0.013306, -0.048943
15.340161, -0.012691, -0.047075
15.360162, -0.012112, -0.042980
15.380162, -0.011201, -0.038765
15.400163, -0.010033, -0.034688
15.420163, -0.009040, -0.029045
15.440164, -0.008051, -0.023413
15.460164, -0.007206, -0.017683
15.480165, -0.006858, -0.011434
15.500165, -0.007097, -0.004341
15.520165, -0.007110, 0.000688
15.540166, -0.007854, 0.007144
15.560166, -0.008097, 0.011702
15.580167, -0.008500, 0.015337
15.600167, -0.009019, 0.019344
15.620168, -0.010778, 0.022013
15.640168, -0.013270, 0.024921
15.660169, -0.015646, 0.026646
15.680169, -0.019306, 0.028421
15.700170, -0.021614, 0.027724
15.720170, -0.023105, 0.027122
15.740170, -0.024116, 0.027990
15.760171, -0.023689, 0.026825
15.780171, -0.023182, 0.026569
15.800172, -0.022058, 0.025582
15.820172, -0.020322, 0.023306
15.840173, -0.019688, 0.021687
15.860173, -0.018717, 0.017174
15.880174, -0.018578, 0.012178
15.900174, -0.018759, 0.005704
15.920175, -0.019097, 0.000158
15.940175, -0.018717, -0.005865
15.960176, -0.018293, -0.011253
15.980176, -0.017621, -0.016829
16.000175, -0.016990, -0.021861
16.020176, -0.016091, -0.026625
16.040176, -0.015021, -0.030991
16.060177, -0.014724, -0.033309
16.080177, -0.014070, -0.035157
16.100178, -0.013087, -0.036991
16.120178, -0.012525, -0.037690
16.140179, -0.011440, -0.038735
16.160179, -0.010305, -0.039746
16.180180, -0.009442, -0.040435
16.200180, -0.008588, -0.040373
16.220181, -0.007355, -0.040551
16.240181, -0.005597, -0.040772
16.260181, -0.004505, -0.039255
16.280182, -0.003614, -0.035946
16.300182, -0.002099, -0.034056
16.320183, -0.001281, -0.029669
16.340183, -0.001184, -0.024321
16.360184, -0.001399, -0.017649
16.380184, -0.000262, -0.014697
16.400185, -0.001154, -0.008560
16.420185, -0.003501, -0.000774
16.440186, -0.005770, 0.005364
16.460186, -0.007682, 0.010579
16.480186, -0.010277, 0.017412
16.500187, -0.012164, 0.023428
16.520187, -0.014809, 0.030808
16.540188, -0.016558, 0.036223
16.560188, -0.017810, 0.040681
16.580189, -0.018709, 0.044340
16.600189, -0.018973, 0.047034
16.620190, -0.019198, 0.048113
16.640190, -0.020912, 0.048991
16.660191, -0.021505, 0.046742
16.680191, -0.022240, 0.045994
16.700191, -0.021486, 0.042475
16.720192, -0.021137, 0.040001
16.740192, -0.018838, 0.034763
16.760193, -0.016614, 0.029576
16.780193, -0.015812, 0.025504
16.800194, -0.014507, 0.018141
16.820194, -0.013777, 0.012150
16.840195, -0.012505, 0.003536
16.860195, -0.014071, -0.002185
16.880196, -0.014407, -0.010969
16.900196, -0.015712, -0.018522
16.920197, -0.016582, -0.027009
16.940197, -0.017450, -0.034143
16.960197, -0.017289, -0.040860
16.980198, -0.017350, -0.044906
17.000198, -0.017143, -0.048575
17.020199, -0.017119, -0.051455
17.040199, -0.016539, -0.054627
17.060200, -0.016026, -0.056410
17.080200, -0.015284, -0.057608
17.100201, -0.015343, -0.054597
17.120201, -0.013902, -0.053896
17.140202, -0.012613, -0.052374
17.160202, -0.010639, -0.049038
17.180202, -0.007732, -0.046821
17.200203, -0.006239, -0.041810
17.220203, -0.004067, -0.038554
17.240204, -0.003649, -0.032924
17.260204, -0.003148, -0.028868
17.280205, -0.003203, -0.024962
17.300205, -0.004093, -0.018573
17.320206, -0.004780, -0.011838
17.340206, -0.005728, -0.004236
17.360207, -0.006101, 0.002313
17.380207, -0.007176, 0.008833
17.400208, -0.008187, 0.013885
17.420208, -0.009664, 0.019809
17.440208, -0.011942, 0.025792
17.460209, -0.014478, 0.030241
17.480209, -0.017592, 0.033422
17.500210, -0.020547, 0.035201
17.520210, -0.022538, 0.035251
17.540211, -0.024378, 0.034413
17.560211, -0.025611, 0.032476
17.580212, -0.026177, 0.030363
17.600212, -0.026377, 0.028393
17.620213, -0.026129, 0.025475
17.640213, -0.026145, 0.023157
17.660213, -0.025752, 0.019729
17.680214, -0.025540, 0.016556
17.700214, -0.025125, 0.012936
17.720215, -0.024180, 0.007928
17.740215, -0.024226, 0.005024
17.760216, -0.023249, 0.000450
17.780216, -0.022498, -0.003610
17.800217, -0.022019, -0.006635
17.820217, -0.021723, -0.008828
17.840218, -0.021018, -0.011949
17.860218, -0.021087, -0.013359
17.880219, -0.020516, -0.016060
17.900219, -0.020106, -0.017796
17.920219, -0.020327, -0.017768
17.940220, -0.020353, -0.017715
17.960220, -0.020193, -0.018298
17.980221, -0.019952, -0.018839
18.000221, -0.019384, -0.019894
18.020222, -0.019367, -0.019226
18.040222, -0.019314, -0.018073
18.060223, -0.018929, -0.017481
18.080223, -0.018503, -0.016970
18.100224, -0.018043, -0.016425
18.120224, -0.017448, -0.016346
18.140224, -0.017109, -0.015615
18.160225, -0.016883, -0.014363
18.180225, -0.016867, -0.012758
18.200226, -0.016663, -0.011300
18.220226, -0.016520, -0.010080
18.240227, -0.016749, -0.008402
18.260227, -0.016566, -0.007844
18.280228, -0.016254, -0.007815
18.300228, -0.016750, -0.005774
18.320229, -0.016626, -0.004917
18.340229, -0.016524, -0.003904
18.360229, -0.016574, -0.002310
18.380230, -0.016281, -0.001115
18.400230, -0.015902, 0.000088
18.420231, -0.015554, 0.001330
18.440231, -0.015219, 0.002363
18.460232, -0.015097, 0.003720
18.480232, -0.014978, 0.004988
18.500233, -0.014769, 0.005563
18.520233, -0.014731, 0.006626
18.540234, -0.014926, 0.008173
18.560234, -0.015228, 0.009552
18.580235, -0.015329, 0.010436
18.600235, -0.015402, 0.010732
18.620235, -0.015785, 0.011892
18.640236, -0.016102, 0.013035
18.660236, -0.015976, 0.013199
18.680237, -0.016027, 0.013453
18.700237, -0.015493, 0.012520
18.720238, -0.015388, 0.012604
18.740238, -0.015092, 0.012378
18.760239, -0.014571, 0.011214
18.780239, -0.014584, 0.011440
18.800240, -0.014253, 0.010416
18.820240, -0.013902, 0.009340
18.840240, -0.013397, 0.007681
18.860241, -0.013216, 0.006583
18.880241, -0.013278, 0.005511
18.900242, -0.012691, 0.002742
18.920242, -0.012154, -0.000156
18.940243, -0.012205, -0.001774
18.960243, -0.011682, -0.004641
18.980244, -0.011726, -0.006878
19.000244, -0.011290, -0.009830
19.020245, -0.010959, -0.012652
19.040245, -0.010652, -0.015066
19.060246, -0.010467, -0.017159
19.080246, -0.010057, -0.019544
19.100246, -0.009418, -0.021835
19.120247, -0.009055, -0.023134
19.140247, -0.008365, -0.025121
19.160248, -0.007317, -0.027684
19.180248, -0.007021, -0.027522
19.200249, -0.006735, -0.026876
19.220249, -0.006665, -0.025301
19.240250, -0.005558, -0.026943
19.260250, -0.005296, -0.025111
19.280251, -0.004971, -0.022717
19.300251, -0.005199, -0.018996
19.320251, -0.005687, -0.015219
19.340252, -0.005996, -0.011144
19.360252, -0.006978, -0.004841
19.380253, -0.007510, 0.000460
19.400253, -0.008460, 0.006717
19.420254, -0.008697, 0.011583
19.440254, -0.009227, 0.016872
19.460255, -0.009490, 0.021670
19.480255, -0.009662, 0.026390
19.500256, -0.009691, 0.030677
19.520256, -0.010191, 0.035340
19.540257, -0.010234, 0.038718
19.560257, -0.011017, 0.042734
19.580257, -0.011600, 0.044359
19.600258, -0.011934, 0.045910
19.620258, -0.011662, 0.046480
19.640259, -0.011117, 0.046599
19.660259, -0.008976, 0.044215
19.680260, -0.007707, 0.042808
19.700260, -0.006105, 0.037845
19.720261, -0.005011, 0.032683
19.740261, -0.004474, 0.026666
19.760262, -0.004857, 0.019186
19.780262, -0.007604, 0.012652
19.800262, -0.010553, 0.003022
19.820263, -0.013339, -0.007017
19.840263, -0.015025, -0.016698
19.860264, -0.016360, -0.025025
19.880264, -0.016718, -0.032471
19.900265, -0.016163, -0.039736
19.920265, -0.015998, -0.044412
19.940266, -0.013413, -0.053131
19.960266, -0.012219, -0.055555
19.980267, -0.010972, -0.058210
20.000267, -0.009134, -0.061540
20.020267, -0.007683, -0.062053
20.040268, -0.005908, -0.062514
20.060268, -0.004572, -0.060506
20.080269, -0.003341, -0.057707
20.100269, -0.001707, -0.053754
20.120270, 0.000486, -0.050831
20.140270, 0.001112, -0.043497
20.160271, 0.002719, -0.038107
20.180271, 0.004363, -0.031259
20.200272, 0.005908, -0.024984
20.220272, 0.006500, -0.017463
20.240273, 0.007041, -0.011049
20.260273, 0.006633, -0.002409
20.280273, 0.005938, 0.006130
20.300274, 0.003866, 0.014487
20.320274, 0.001794, 0.021808
20.340275, -0.001095, 0.029133
20.360275, -0.002320, 0.032630
20.380276, -0.006613, 0.039038
20.400276, -0.009576, 0.041566
20.420277, -0.013663, 0.042696
20.440277, -0.018280, 0.042563
20.460278, -0.022629, 0.041422
20.480278, -0.025972, 0.039912
20.500278, -0.027915, 0.036630
20.520279, -0.029109, 0.033417
20.540279, -0.029652, 0.030260
20.560280, -0.029767, 0.027714
20.580280, -0.029041, 0.024577
20.600281, -0.028231, 0.021990
20.620281, -0.027359, 0.019226
20.640282, -0.027034, 0.017703
20.660282, -0.026691, 0.016532
20.680283, -0.026116, 0.015402
20.700283, -0.025247, 0.014246
20.720284, -0.024398, 0.014050
20.740284, -0.023975, 0.014233
20.760284, -0.023278, 0.013853
20.780285, -0.022917, 0.013757
20.800285, -0.022931, 0.014173
20.820286, -0.022738, 0.014587
20.840286, -0.022627, 0.015162
20.860287, -0.022712, 0.015401
20.880287, -0.022374, 0.014334
20.900288, -0.022269, 0.013410
20.920288, -0.021637, 0.011170
20.940289, -0.020931, 0.007666
20.960289, -0.021149, 0.006517
20.980289, -0.021444, 0.004741
21.000290, -0.021023, 0.000884
21.020290, -0.020986, -0.002706
21.040291, -0.020579, -0.007540
21.060291, -0.020224, -0.012392
21.080292, -0.019747, -0.017563
21.100292, -0.019042, -0.023374
21.120293, -0.018887, -0.029214
21.140293, -0.018515, -0.034975
21.160294, -0.018689, -0.038612
21.180294, -0.018374, -0.042411
21.200294, -0.018537, -0.045066
21.220295, -0.017780, -0.049640
21.240295, -0.016636, -0.051981
21.260296, -0.016375, -0.051330
21.280296, -0.015406, -0.050945
21.300297, -0.014738, -0.048431
21.320297, -0.013263, -0.046781
21.340298, -0.012714, -0.040507
21.360298, -0.011492, -0.032887
21.380299, -0.010427, -0.022624
21.400299, -0.009212, -0.012246
21.420300, -0.009597, -0.002300
21.440300, -0.009121, 0.005666
21.460300, -0.008574, 0.014387
21.480301, -0.009815, 0.025364
21.500301, -0.011270, 0.034211
21.520302, -0.012327, 0.040477
21.540302, -0.015642, 0.047202
21.560303, -0.018505, 0.051130
21.580303, -0.021365, 0.052882
21.600304, -0.024711, 0.053652
21.620304, -0.026901, 0.051631
21.640305, -0.028384, 0.048771
21.660305, -0.029973, 0.045106
21.680305, -0.031026, 0.041057
21.700306, -0.030906, 0.035290
21.720306, -0.030332, 0.029381
21.740307, -0.029103, 0.022715
21.760307, -0.027755, 0.015446
21.780308, -0.027120, 0.009966
21.800308, -0.025735, 0.003250
21.820309, -0.024652, -0.002419
21.840309, -0.023484, -0.008049
21.860310, -0.021980, -0.014074
21.880310, -0.021287, -0.018685
21.900311, -0.020859, -0.022192
21.920311, -0.020503, -0.024794
21.940311, -0.020580, -0.025915
21.960312, -0.020545, -0.026599
21.980312, -0.020333, -0.027186
22.000313, -0.019954, -0.027208
22.020313, -0.019388, -0.026575
22.040314, -0.018318, -0.026396
22.060314, -0.018124, -0.024515
22.080315, -0.017440, -0.022783
22.100315, -0.016311, -0.020799
22.120316, -0.016217, -0.016262
22.140316, -0.015656, -0.013153
22.160316, -0.015429, -0.009475
22.180317, -0.015565, -0.004634
22.200317, -0.015573, 0.000311
22.220318, -0.015723, 0.005285
22.240318, -0.015475, 0.008289
22.260319, -0.016168, 0.012880
22.280319, -0.017259, 0.017368
22.300320, -0.018582, 0.021779
22.320320, -0.020762, 0.026293
22.340321, -0.021957, 0.027956
22.360321, -0.023473, 0.029571
22.380322, -0.024292, 0.030396
22.400322, -0.024913, 0.031568
22.420322, -0.024852, 0.031446
22.440323, -0.025037, 0.031116
22.460323, -0.025157, 0.029980
22.480324, -0.024468, 0.027858
22.500324, -0.023764, 0.025840
22.520325, -0.023006, 0.023652
22.540325, -0.022447, 0.021638
22.560326, -0.022249, 0.019575
22.580326, -0.022392, 0.017639
22.600327, -0.021579, 0.012800
22.620327, -0.021262, 0.009244
22.640327, -0.021048, 0.006264
22.660328, -0.020214, 0.001855
22.680328, -0.019393, -0.002585
22.700329, -0.018959, -0.006010
22.720329, -0.018511, -0.009295
22.740330, -0.017629, -0.013898
22.760330, -0.017602, -0.015834
22.780331, -0.017216, -0.018134
22.800331, -0.016986, -0.019951
22.820332, -0.016599, -0.021737
22.840332, -0.016376, -0.023043
22.860332, -0.015407, -0.025408
22.880333, -0.015060, -0.026132
22.900333, -0.014024, -0.027642
22.920334, -0.013630, -0.027008
22.940334, -0.012446, -0.027379
22.960335, -0.011564, -0.025989
22.980335, -0.011040, -0.023121
23.000336, -0.009858, -0.021429
23.020336, -0.009464, -0.017330
23.040337, -0.009570, -0.011867
23.060337, -0.009929, -0.006053
23.080338, -0.010417, -0.001039
23.100338, -0.010818, 0.004772
23.120338, -0.011194, 0.009998
23.140339, -0.012194, 0.015874
23.160339, -0.012581, 0.019996
23.180340, -0.013475, 0.024709
23.200340, -0.014380, 0.029191
23.220341, -0.015005, 0.032046
23.240341, -0.016948, 0.034829
23.260342, -0.019582, 0.037732
23.280342, -0.021563, 0.039602
23.300343, -0.022420, 0.039657
23.320343, -0.022746, 0.039204
23.340343, -0.022306, 0.038160
23.360344, -0.020945, 0.035548
23.380344, -0.020387, 0.034715
23.400345, -0.019189, 0.032265
23.420345, -0.018401, 0.030434
23.440346, -0.017322, 0.026610
23.460346, -0.016373, 0.022301
23.480347, -0.015638, 0.018086
23.500347, -0.014495, 0.012391
23.520348, -0.014037, 0.007212
23.540348, -0.014060, 0.002416
23.560349, -0.014135, -0.002012
23.580349, -0.014766, -0.006262
23.600349, -0.014947, -0.011425
23.620350, -0.015049, -0.015750
23.640350, -0.014972, -0.019563
23.660351, -0.015224, -0.022277
23.680351, -0.015301, -0.024904
23.700352, -0.014811, -0.028076
23.720352, -0.014434, -0.031127
23.740353, -0.014888, -0.031638
23.760353, -0.013519, -0.035297
23.780354, -0.013611, -0.034938
23.800354, -0.012410, -0.037071
23.820354, -0.011977, -0.036842
23.840355, -0.011002, -0.036429
23.860355, -0.009826, -0.035864
23.880356, -0.008358, -0.033571
23.900356, -0.007020, -0.032760
23.920357, -0.006782, -0.029727
23.940357, -0.006583, -0.026645
23.960358, -0.006773, -0.020479
23.980358, -0.006341, -0.015503
24.000359, -0.005686, -0.011289
24.020359, -0.007352, -0.005047
24.040359, -0.008143, 0.000697
24.060360, -0.008601, 0.006708
24.080360, -0.009435, 0.012866
24.100361, -0.010470, 0.018820
24.120361, -0.012708, 0.024330
24.140362, -0.014787, 0.027584
24.160362, -0.016926, 0.031024
24.180363, -0.018557, 0.033978
24.200363, -0.020250, 0.037415
24.220364, -0.021311, 0.039557
24.240364, -0.021938, 0.040127
24.260365, -0.022123, 0.040677
24.280365, -0.022703, 0.042003
24.300365, -0.022513, 0.042059
24.320366, -0.021860, 0.040588
24.340366, -0.021386, 0.038934
24.360367, -0.020967, 0.036760
24.380367, -0.020446, 0.033918
24.400368, -0.019875, 0.030303
24.420368, -0.019121, 0.025958
24.440369, -0.017949, 0.020803
24.460369, -0.017687, 0.016386
24.480370, -0.017111, 0.011007
24.500370, -0.017074, 0.006627
24.520370, -0.016468, 0.001363
24.540371, -0.016519, -0.002639
24.560371, -0.015846, -0.008173
24.580372, -0.015642, -0.012456
24.600372, -0.015929, -0.015992
24.620373, -0.015850, -0.020398
24.640373, -0.015848, -0.024320
24.660374, -0.015898, -0.027381
24.680374, -0.016337, -0.028784
24.700375, -0.016054, -0.030781
24.720375, -0.015567, -0.033085
24.740376, -0.015084, -0.034438
24.760376, -0.014563, -0.034977
24.780376, -0.014063, -0.035423
24.800377, -0.013803, -0.034632
24.820377, -0.013347, -0.033343
24.840378, -0.013563, -0.030745
24.860378, -0.013396, -0.028440
24.880379, -0.012987, -0.024525
24.900379, -0.011970, -0.020999
24.920380, -0.011645, -0.015549
24.940380, -0.012034, -0.010228
24.960381, -0.013149, -0.005176
24.980381, -0.013583, -0.000544
25.000381, -0.013583, 0.003718
25.020382, -0.013638, 0.008092
25.040382, -0.014917, 0.014147
25.060383, -0.015155, 0.017171
25.080383, -0.016457, 0.022034
25.100384, -0.017828, 0.025075
25.120384, -0.018320, 0.026640
25.140385, -0.019553, 0.029505
25.160385, -0.020084, 0.030699
25.180386, -0.020714, 0.031744
25.200386, -0.021141, 0.031972
25.220387, -0.021372, 0.031700
25.240387, -0.021535, 0.031272
25.260387, -0.021904, 0.030509
25.280388, -0.021961, 0.029189
25.300388, -0.021464, 0.026602
25.320389, -0.021061, 0.024050
25.340389, -0.020799, 0.021898
25.360390, -0.020560, 0.019944
25.380390, -0.020020, 0.016382
25.400391, -0.019852, 0.013366
25.420391, -0.019772, 0.010667
25.440392, -0.020066, 0.008707
25.460392, -0.019593, 0.005585
25.480392, -0.018834, 0.001633
25.500393, -0.018788, -0.000243
25.520393, -0.018214, -0.003244
25.540394, -0.018010, -0.005528
25.560394, -0.017147, -0.008580
25.580395, -0.016868, -0.010255
25.600395, -0.016005, -0.012859
25.620396, -0.015345, -0.015486
25.640396, -0.015682, -0.015673
25.660397, -0.015473, -0.017247
25.680397, -0.015074, -0.019190
25.700397, -0.015191, -0.019637
25.720398, -0.015215, -0.020078
25.740398, -0.014622, -0.021245
25.760399, -0.014399, -0.021239
25.780399, -0.013727, -0.021701
25.800400, -0.013153, -0.021888
25.820400, -0.013109, -0.020217
25.840401, -0.012484, -0.019321
25.860401, -0.012160, -0.017556
25.880402, -0.011798, -0.015609
25.900402, -0.011475, -0.013386
25.920403, -0.011478, -0.010121
25.940403, -0.011720, -0.006174
25.960403, -0.011422, -0.003109
25.980404, -0.011123, 0.000139
26.000404, -0.010865, 0.003436
26.020405, -0.010884, 0.006246
26.040405, -0.011270, 0.009388
26.060406, -0.011666, 0.012385
26.080406, -0.012330, 0.015947
26.100407, -0.013273, 0.019519
26.120407, -0.013963, 0.022102
26.140408, -0.014829, 0.024651
26.160408, -0.015434, 0.026275
26.180408, -0.016634, 0.029442
26.200409, -0.016663, 0.030253
26.220409, -0.016856, 0.030859
26.240410, -0.016853, 0.031149
26.260410, -0.016775, 0.030678
26.280411, -0.016887, 0.029974
26.300411, -0.016688, 0.028140
26.320412, -0.017554, 0.028057
26.340412, -0.017596, 0.026735
26.360413, -0.017037, 0.024023
26.380413, -0.017137, 0.022562
26.400414, -0.016332, 0.019487
26.420414, -0.015698, 0.016317
26.440414, -0.015163, 0.012786
26.460415, -0.014777, 0.009302
26.480415, -0.014572, 0.005885
26.500416, -0.014340, 0.002191
26.520416, -0.013635, -0.002683
26.540417, -0.012954, -0.007762
26.560417, -0.012598, -0.012125
26.580418, -0.012231, -0.016511
26.600418, -0.012099, -0.020274
26.620419, -0.011272, -0.025907
26.640419, -0.011177, -0.029466
26.660419, -0.011487, -0.031422
26.680420, -0.010926, -0.034592
26.700420, -0.010939, -0.035377
26.720421, -0.010986, -0.035000
26.740421, -0.010505, -0.035345
26.760422, -0.010759, -0.034320
26.780422, -0.010688, -0.033182
26.800423, -0.010456, -0.031500
26.820423, -0.010040, -0.028613
26.840424, -0.009381, -0.024913
26.860424, -0.009105, -0.020719
26.880424, -0.009116, -0.016814
26.900425, -0.010334, -0.010509
26.920425, -0.010132, -0.004488
26.940426, -0.009303, 0.001680
26.960426, -0.008737, 0.007502
26.980427, -0.009001, 0.013880
27.000427, -0.009397, 0.020238
27.020428, -0.009532, 0.025226
27.040428, -0.010007, 0.030483
27.060429, -0.010611, 0.034870
27.080429, -0.011543, 0.038373
27.100430, -0.012065, 0.040643
27.120430, -0.013053, 0.042902
27.140430, -0.014163, 0.045271
27.160431, -0.015626, 0.047191
27.180431, -0.016837, 0.046933
27.200432, -0.017097, 0.044494
27.220432, -0.018459, 0.044361
27.240433, -0.019904, 0.044016
27.260433, -0.019227, 0.039037
27.280434, -0.019391, 0.035032
27.300434, -0.019008, 0.030096
27.320435, -0.019732, 0.025743
27.340435, -0.019918, 0.019844
27.360435, -0.019349, 0.013518
27.380436, -0.019469, 0.008820
27.400436, -0.018779, 0.003549
27.420437, -0.018005, -0.001557
27.440437, -0.016951, -0.006535
27.460438, -0.016077, -0.010694
27.480438, -0.015735, -0.013472
27.500439, -0.014414, -0.017839
27.520439, -0.013241, -0.021380
27.540440, -0.012323, -0.024170
27.560440, -0.011851, -0.026112
27.580441, -0.011732, -0.027012
27.600441, -0.011237, -0.028320
27.620441, -0.010352, -0.030481
27.640442, -0.010534, -0.030262
27.660442, -0.010040, -0.031219
27.680443, -0.010174, -0.030715
27.700443, -0.009931, -0.030890
27.720444, -0.009305, -0.030417
27.740444, -0.008811, -0.029093
27.760445, -0.008922, -0.026820
27.780445, -0.009003, -0.024720
27.800446, -0.009576, -0.021255
27.820446, -0.010458, -0.016932
27.840446, -0.010893, -0.012411
27.860447, -0.011005, -0.007585
27.880447, -0.010625, -0.003319
27.900448, -0.010825, 0.002075
27.920448, -0.010622, 0.006361
27.940449, -0.011141, 0.011227
27.960449, -0.011403, 0.015130
27.980450, -0.011584, 0.018313
28.000450, -0.012062, 0.021306
28.020451, -0.012458, 0.023174
28.040451, -0.013520, 0.025863
28.060452, -0.014966, 0.028242
28.080452, -0.015412, 0.028265
28.100452, -0.015973, 0.028147
28.120453, -0.016726, 0.028608
28.140453, -0.017274, 0.028294
28.160454, -0.017682, 0.027942
28.180454, -0.017498, 0.025990
28.200455, -0.017156, 0.023750
28.220455, -0.016417, 0.019998
28.240456, -0.015856, 0.016539
28.260456, -0.015561, 0.013287
28.280457, -0.015687, 0.010305
28.300457, -0.015508, 0.006964
28.320457, -0.014611, 0.002702
28.340458, -0.014242, -0.000482
28.360458, -0.013340, -0.004666
28.380459, -0.012327, -0.009148
28.400459, -0.011657, -0.013038
28.420460, -0.011001, -0.016732
28.440460, -0.010795, -0.019605
28.460461, -0.010353, -0.022842
28.480461, -0.010051, -0.025851
28.500462, -0.009776, -0.028423
28.520462, -0.009351, -0.031097
28.540462, -0.009088, -0.033045
28.560463, -0.009199, -0.033287
28.580463, -0.008492, -0.035304
28.600464, -0.009181, -0.034268
28.620464, -0.008876, -0.034815
28.640465, -0.008801, -0.033357
28.660465, -0.008704, -0.030119
28.680466, -0.009339, -0.025180
28.700466, -0.008613, -0.021389
28.720467, -0.008318, -0.015989
28.740467, -0.008688, -0.009562
28.760468, -0.008190, -0.005259
28.780468, -0.008557, 0.000875
28.800468, -0.008778, 0.006379
28.820469, -0.008885, 0.011161
28.840469, -0.009338, 0.015654
28.860470, -0.009493, 0.018812
28.880470, -0.010015, 0.021840
28.900471, -0.010147, 0.023904
28.920471, -0.010455, 0.026063
28.940472, -0.010924, 0.027658
28.960472, -0.011340, 0.028452
28.980473, -0.012154, 0.028460
29.000473, -0.013191, 0.028901
29.020473, -0.013995, 0.028558
29.040474, -0.013968, 0.026880
29.060474, -0.014620, 0.026940
29.080475, -0.014489, 0.025019
29.100475, -0.014786, 0.023537
29.120476, -0.014671, 0.021528
29.140476, -0.014506, 0.019378
29.160477, -0.014186, 0.016813
29.180477, -0.014062, 0.014290
29.200478, -0.013855, 0.011003
29.220478, -0.013534, 0.007657
29.240479, -0.013456, 0.004973
29.260479, -0.013496, 0.002159
29.280479, -0.013471, -0.000737
29.300480, -0.013201, -0.003762
29.320480, -0.012775, -0.006914
29.340481, -0.012609, -0.009393
29.360481, -0.012319, -0.011988
29.380482, -0.011925, -0.014763
29.400482, -0.011694, -0.017333
29.420483, -0.011473, -0.019657
29.440483, -0.011806, -0.020846
29.460484, -0.012119, -0.022041
29.480484, -0.011653, -0.024152
29.500484, -0.011226, -0.025858
29.520485, -0.010553, -0.028201
29.540485, -0.010554, -0.028858
29.560486, -0.009797, -0.030696
29.580486, -0.009163, -0.031666
29.600487, -0.008975, -0.031278
29.620487, -0.007897, -0.031907
29.640488, -0.007281, -0.032116
29.660488, -0.006882, -0.030396
29.680489, -0.006044, -0.028260
29.700489, -0.004317, -0.026615
29.720490, -0.003896, -0.021900
29.740490, -0.002411, -0.018464
29.760490, -0.001376, -0.015095
29.780491, -0.000519, -0.010166
29.800491, 0.000683, -0.006434
29.820492, 0.000115, -0.001319
29.840492, -0.002053, 0.005623
29.860493, -0.004014, 0.012949
29.880493, -0.006020, 0.019595
29.900494, -0.007881, 0.025634
29.920494, -0.010080, 0.032100
29.940495, -0.011488, 0.036644
29.960495, -0.013267, 0.041660
29.980495, -0.014982, 0.045982
30.000496, -0.015876, 0.047823
30.020496, -0.016530, 0.048508
30.040497, -0.017938, 0.050665
30.060497, -0.018965, 0.051991
30.080498, -0.018454, 0.050485
30.100498, -0.019298, 0.050925
30.120499, -0.018607, 0.048617
30.140499, -0.017977, 0.046301
30.160500, -0.018006, 0.044549
30.180500, -0.018161, 0.042381
30.200500, -0.016204, 0.036585
30.220501, -0.014565, 0.031285
30.240501, -0.012009, 0.023725
30.260502, -0.010727, 0.015732
30.280502, -0.011697, 0.009592
30.300503, -0.012784, 0.001023
30.320503, -0.016291, -0.005077
30.340504, -0.018688, -0.013122
30.360504, -0.020265, -0.021726
30.380505, -0.021714, -0.027738
30.400505, -0.021701, -0.034698
30.420506, -0.021211, -0.040663
30.440506, -0.020250, -0.046173
30.460506, -0.019637, -0.049712
30.480507, -0.018782, -0.052244
30.500507, -0.017540, -0.054993
30.520508, -0.016634, -0.055923
30.540508, -0.014993, -0.056058
30.560509, -0.013591, -0.054511
30.580509, -0.012569, -0.051750
30.600510, -0.012681, -0.046348
30.620510, -0.012783, -0.040335
30.640511, -0.011747, -0.035707
30.660511, -0.010411, -0.032964
30.680511, -0.010105, -0.026237
30.700512, -0.008933, -0.021173
30.720512, -0.007120, -0.017964
30.740513, -0.006751, -0.011872
30.760513, -0.007488, -0.004659
30.780514, -0.006431, -0.003524
30.800514, -0.006745, -0.000275
30.820515, -0.008073, 0.003577
30.840515, -0.010340, 0.008586
30.860516, -0.012593, 0.012812
30.880516, -0.015504, 0.017703
30.900517, -0.018841, 0.021324
30.920517, -0.022278, 0.024986
30.940517, -0.025171, 0.027803
30.960518, -0.027956, 0.030555
30.980518, -0.031033, 0.033920
31.000519, -0.032793, 0.034668
31.020519, -0.034308, 0.035941
31.040520, -0.034939, 0.036644
31.060520, -0.034814, 0.035426
31.080521, -0.035091, 0.035460
31.100521, -0.034682, 0.034047
31.120522, -0.033696, 0.031816
31.140522, -0.032438, 0.029218
31.160522, -0.031072, 0.025414
31.180523, -0.030252, 0.022293
31.200523, -0.029181, 0.018623
31.220524, -0.027942, 0.014228
31.240524, -0.026903, 0.008802
31.260525, -0.027159, 0.004882
31.280525, -0.027130, 0.000349
31.300526, -0.026725, -0.004287
31.320526, -0.026285, -0.008569
31.340527, -0.026236, -0.011988
31.360527, -0.025949, -0.016007
31.380527, -0.025472, -0.020064
31.400528, -0.025801, -0.021618
31.420528, -0.025286, -0.024719
31.440529, -0.025223, -0.026143
31.460529, -0.024855, -0.027559
31.480530, -0.023987, -0.029211
31.500530, -0.023304, -0.029969
31.520531, -0.022656, -0.030809
31.540531, -0.022042, -0.031626
31.560532, -0.021912, -0.031166
31.580532, -0.021539, -0.030971
31.600533, -0.021149, -0.030429
31.620533, -0.020792, -0.029587
31.640533, -0.019996, -0.028535
31.660534, -0.019026, -0.027023
31.680534, -0.018131, -0.024969
31.700535, -0.017255, -0.022448
31.720535, -0.016983, -0.019310
31.740536, -0.017188, -0.015605
31.760536, -0.017349, -0.012236
31.780537, -0.017056, -0.009732
31.800537, -0.017616, -0.005444
31.820538, -0.018121, -0.001762
31.840538, -0.018873, 0.002289
31.860538, -0.019352, 0.005979
31.880539, -0.019833, 0.009484
31.900539, -0.020341, 0.013067
31.920540, -0.020869, 0.016182
31.940540, -0.021201, 0.018615
31.960541, -0.020998, 0.019845
31.980541, -0.020731, 0.020528
32.000542, -0.020588, 0.021118
32.020542, -0.020672, 0.021931
32.040543, -0.020379, 0.021547
32.060543, -0.020185, 0.020932
32.080544, -0.019992, 0.019488
32.100544, -0.020232, 0.018424
32.120544, -0.021429, 0.019286
32.140545, -0.021203, 0.016935
32.160545, -0.021292, 0.015695
32.180546, -0.020386, 0.012064
32.200546, -0.020175, 0.009601
32.220547, -0.020307, 0.007089
32.240547, -0.019891, 0.003717
32.260548, -0.019425, 0.000290
32.280548, -0.018831, -0.003305
32.300549, -0.017921, -0.007550
32.320549, -0.017128, -0.011676
32.340549, -0.016598, -0.015142
32.360550, -0.015493, -0.019817
32.380550, -0.015506, -0.021602
32.400551, -0.014770, -0.024763
32.420551, -0.014266, -0.027159
32.440552, -0.013860, -0.028990
32.460552, -0.013590, -0.030265
32.480553, -0.012890, -0.032024
32.500553, -0.012978, -0.031864
32.520554, -0.012537, -0.032477
32.540554, -0.012677, -0.031261
32.560555, -0.011619, -0.032159
32.580555, -0.011532, -0.030003
32.600555, -0.010790, -0.028537
32.620556, -0.010686, -0.025591
32.640556, -0.011000, -0.021442
32.660557, -0.011561, -0.016280
32.680557, -0.011720, -0.011923
32.700558, -0.011685, -0.007235
32.720558, -0.011496, -0.001869
32.740559, -0.010837, 0.002783
32.760559, -0.010525, 0.007613
32.780560, -0.010375, 0.012122
32.800560, -0.010345, 0.015958
32.820560, -0.010023, 0.018138
32.840561, -0.011235, 0.020972
32.860561, -0.012186, 0.022638
32.880562, -0.013392, 0.024915
32.900562, -0.013971, 0.026584
32.920563, -0.013891, 0.026723
32.940563, -0.014569, 0.028075
32.960564, -0.014569, 0.027623
32.980564, -0.014309, 0.025960
33.000565, -0.013625, 0.023817
33.020565, -0.013565, 0.022480
33.040565, -0.013708, 0.021315
33.060566, -0.013665, 0.019140
33.080566, -0.012774, 0.014828
33.100567, -0.012942, 0.012083
33.120567, -0.012376, 0.007325
33.140568, -0.011916, 0.002610
33.160568, -0.011982, -0.001519
33.180569, -0.012062, -0.006017
33.200569, -0.012193, -0.010772
33.220570, -0.012319, -0.015745
33.240570, -0.012398, -0.019984
33.260571, -0.012867, -0.022680
33.280571, -0.012367, -0.026102
33.300571, -0.012563, -0.027067
33.320572, -0.011612, -0.029863
33.340572, -0.011052, -0.031134
33.360573, -0.010405, -0.032408
33.380573, -0.009927, -0.032651
33.400574, -0.009753, -0.032376
33.420574, -0.009507, -0.031867
33.440575, -0.009476, -0.030787
33.460575, -0.008913, -0.029738
33.480576, -0.008227, -0.028546
33.500576, -0.007703, -0.026156
33.520576, -0.006570, -0.024545
33.540577, -0.006177, -0.020989
33.560577, -0.006239, -0.017216
33.580578, -0.006134, -0.012990
33.600578, -0.006717, -0.006920
33.620579, -0.006395, -0.002697
33.640579, -0.006797, 0.002623
33.660580, -0.007732, 0.008220
33.680580, -0.008265, 0.012976
33.700581, -0.008377, 0.016716
33.720581, -0.008814, 0.020737
33.740582, -0.009268, 0.024414
33.760582, -0.009983, 0.027711
33.780582, -0.010650, 0.030070
33.800583, -0.011373, 0.031564
33.820583, -0.012002, 0.032397
33.840584, -0.013461, 0.034006
33.860584, -0.013418, 0.032638
33.880585, -0.013792, 0.031553
33.900585, -0.013541, 0.029611
33.920586, -0.013681, 0.027904
33.940586, -0.014219, 0.026810
33.960587, -0.013949, 0.023658
33.980587, -0.013348, 0.019784
34.000587, -0.012972, 0.016554
34.020588, -0.012156, 0.011897
34.040588, -0.011868, 0.008105
34.060589, -0.011829, 0.004926
34.080589, -0.011326, 0.000406
34.100590, -0.010721, -0.004267
34.120590, -0.010667, -0.007969
34.140591, -0.010548, -0.012017
34.160591, -0.011364, -0.014397
34.180592, -0.011552, -0.018059
34.200592, -0.011204, -0.022742
34.220592, -0.011107, -0.025862
34.240593, -0.010798, -0.028995
34.260593, -0.010820, -0.030982
34.280594, -0.010631, -0.033401
34.300594, -0.011101, -0.033884
34.320595, -0.011072, -0.034936
34.340595, -0.009899, -0.037763
34.360596, -0.009296, -0.038333
34.380596, -0.008017, -0.039627
34.400597, -0.007067, -0.039751
34.420597, -0.006185, -0.038351
34.440598, -0.004546, -0.038930
34.460598, -0.003518, -0.035708
34.480598, -0.001914, -0.032079
34.500599, -0.000751, -0.027593
34.520599, -0.000252, -0.023591
34.540600, -0.001276, -0.016449
34.560600, -0.003434, -0.009130
34.580601, -0.006198, -0.002433
34.600601, -0.008564, 0.005611
34.620602, -0.010428, 0.013209
34.640602, -0.011777, 0.020365
34.660603, -0.013096, 0.027728
34.680603, -0.014329, 0.035015
34.700603, -0.014323, 0.039384
34.720604, -0.014421, 0.042257
34.740604, -0.014408, 0.044362
34.760605, -0.015666, 0.048345
34.780605, -0.015846, 0.048816
34.800606, -0.017280, 0.050637
34.820606, -0.016673, 0.047800
34.840607, -0.017766, 0.045899
34.860607, -0.018533, 0.042075
34.880608, -0.017611, 0.035564
34.900608, -0.017481, 0.031481
34.920609, -0.015444, 0.023773
34.940609, -0.015379, 0.017314
34.960609, -0.016603, 0.011572
34.980610, -0.017711, 0.004521
35.000610, -0.018521, -0.001444
35.020611, -0.018327, -0.007327
35.040611, -0.018020, -0.011476
35.060612, -0.017100, -0.015876
35.080612, -0.016123, -0.020227
35.100613, -0.015762, -0.022861
35.120613, -0.015229, -0.025231
35.140614, -0.014265, -0.028173
35.160614, -0.013891, -0.029315
35.180614, -0.012849, -0.031056
35.200615, -0.011412, -0.033920
35.220615, -0.010154, -0.036220
35.240616, -0.009568, -0.037167
35.260616, -0.009201, -0.037514
35.280617, -0.008273, -0.038711
35.300617, -0.008296, -0.036777
35.320618, -0.008116, -0.035566
35.340618, -0.007358, -0.034336
35.360619, -0.006504, -0.032296
35.380619, -0.007068, -0.027655
35.400620, -0.007564, -0.021487
35.420620, -0.007591, -0.015335
35.440620, -0.008151, -0.009318
35.460621, -0.008406, -0.004276
35.480621, -0.008968, 0.001219
35.500622, -0.009635, 0.006118
35.520622, -0.010219, 0.010154
35.540623, -0.011505, 0.014883
35.560623, -0.012452, 0.018180
35.580624, -0.012437, 0.019362
35.600624, -0.012936, 0.021408
35.620625, -0.013872, 0.021290
35.640625, -0.014815, 0.021133
35.660625, -0.015636, 0.020253
35.680626, -0.016122, 0.018917
35.700626, -0.016119, 0.016829
35.720627, -0.016031, 0.014855
35.740627, -0.015708, 0.012104
35.760628, -0.015822, 0.010025
35.780628, -0.015527, 0.007596
35.800629, -0.015468, 0.005509
35.820629, -0.015033, 0.002782
35.840630, -0.014844, 0.000683
35.860630, -0.014775, -0.000947
35.880630, -0.014907, -0.002132
35.900631, -0.014611, -0.004106
35.920631, -0.014479, -0.005766
35.940632, -0.014520, -0.007132
35.960632, -0.014328, -0.008922
35.980633, -0.014013, -0.010623
36.000633, -0.013780, -0.011577
36.020634, -0.013536, -0.012472
36.040634, -0.013419, -0.013027
36.060635, -0.012563, -0.015481
36.080635, -0.012648, -0.016173
36.100636, -0.012210, -0.017868
36.120636, -0.011885, -0.019229
36.140636, -0.011359, -0.021159
36.160637, -0.010862, -0.022294
36.180637, -0.010182, -0.023500
36.200638, -0.009624, -0.023905
36.220638, -0.008785, -0.024212
36.240639, -0.008412, -0.023371
36.260639, -0.008047, -0.021671
36.280640, -0.007680, -0.020443
36.300640, -0.007597, -0.018545
36.320641, -0.007936, -0.015481
36.340641, -0.008855, -0.011165
36.360641, -0.009001, -0.007450
36.380642, -0.009020, -0.003345
36.400642, -0.009127, 0.001327
36.420643, -0.009063, 0.005708
36.440643, -0.009018, 0.010079
36.460644, -0.009361, 0.014711
36.480644, -0.009686, 0.018448
36.500645, -0.010110, 0.021871
36.520645, -0.010747, 0.025279
36.540646, -0.011231, 0.028242
36.560646, -0.010826, 0.029344
36.580647, -0.011393, 0.032053
36.600647, -0.011926, 0.033860
36.620647, -0.012212, 0.034097
36.640648, -0.012262, 0.033191
36.660648, -0.012887, 0.033349
36.680649, -0.012522, 0.031213
36.700649, -0.012313, 0.030070
36.720650, -0.010413, 0.026238
36.740650, -0.009639, 0.023708
36.760651, -0.009230, 0.020624
36.780651, -0.009163, 0.017929
36.800652, -0.008350, 0.013771
36.820652, -0.008542, 0.010679
36.840652, -0.008888, 0.006826
36.860653, -0.009233, 0.002322
36.880653, -0.009528, -0.002112
36.900654, -0.009658, -0.007838
36.920654, -0.010310, -0.012682
36.940655, -0.010489, -0.018063
36.960655, -0.010686, -0.022944
36.980656, -0.010603, -0.028252
37.000656, -0.010059, -0.034070
37.020657, -0.010187, -0.038081
37.040657, -0.010147, -0.042037
37.060658, -0.009955, -0.046114
37.080658, -0.008695, -0.051853
37.100658, -0.007700, -0.055015
37.120659, -0.006855, -0.057706
37.140659, -0.006181, -0.058976
37.160660, -0.004228, -0.061315
37.180660, -0.003099, -0.061395
37.200661, -0.002369, -0.058054
37.220661, -0.002013, -0.053479
37.240662, -0.001669, -0.048193
37.260662, -0.000653, -0.041492
37.280663, 0.001425, -0.035476
37.300663, 0.002060, -0.025313
37.320663, 0.004081, -0.021221
37.340664, 0.003631, -0.008446
37.360664, 0.004865, 0.002583
37.380665, 0.004902, 0.015687
37.400665, 0.004919, 0.027458
37.420666, 0.004707, 0.038851
37.440666, 0.002624, 0.050955
37.460667, 0.000468, 0.061494
37.480667, -0.001506, 0.070347
37.500668, -0.003841, 0.078464
37.520668, -0.004188, 0.081792
37.540668, -0.005716, 0.085193
37.560669, -0.008379, 0.088891
37.580669, -0.009733, 0.088932
37.600670, -0.012748, 0.090197
37.620670, -0.014682, 0.088224
37.640671, -0.017351, 0.086045
37.660671, -0.019914, 0.081920
37.680672, -0.021818, 0.075557
37.700672, -0.024359, 0.066942
37.720673, -0.024893, 0.053438
37.740673, -0.025083, 0.039615
37.760674, -0.027108, 0.028011
37.780674, -0.028380, 0.014659
37.800674, -0.029923, -0.000577
37.820675, -0.030879, -0.015442
37.840675, -0.032323, -0.027729
37.860676, -0.033986, -0.037703
37.880676, -0.035204, -0.046307
37.900677, -0.035480, -0.055204
37.920677, -0.035909, -0.062026
37.940678, -0.034764, -0.070644
37.960678, -0.033870, -0.076411
37.980679, -0.032245, -0.081728
38.000679, -0.030001, -0.086913
38.020679, -0.027592, -0.088292
38.040680, -0.024899, -0.087264
38.060680, -0.022191, -0.085256
38.080681, -0.019251, -0.082053
38.100681, -0.015906, -0.077817
38.120682, -0.012398, -0.071775
38.140682, -0.008928, -0.061910
38.160683, -0.003341, -0.052898
38.180683, 0.003463, -0.046658
38.200684, 0.007682, -0.036296
38.220684, 0.013140, -0.027414
38.240685, 0.017656, -0.019097
38.260685, 0.022800, -0.012524
38.280685, 0.025563, -0.003485
38.300686, 0.028536, 0.004589
38.320686, 0.031527, 0.009359
38.340687, 0.035565, 0.014407
38.360687, 0.037873, 0.019747
38.380688, 0.040845, 0.025798
38.400688, 0.043433, 0.031965
38.420689, 0.047462, 0.034581
38.440689, 0.051374, 0.036687
38.460690, 0.052990, 0.041660
38.480690, 0.056950, 0.043684
38.500690, 0.062401, 0.044413
38.520691, 0.067059, 0.047516
38.540691, 0.070261, 0.052278
38.560692, 0.077952, 0.053052
38.580692, 0.085554, 0.055657
38.600693, 0.092957, 0.055850
38.620693, 0.102088, 0.056658
38.640694, 0.113616, 0.060329
38.660694, 0.129323, 0.068616
38.680695, 0.153802, 0.068466
38.700695, 0.180836, 0.069666
38.720695, 0.209852, 0.080302
38.740696, 0.246718, 0.089769
38.760696, 0.297929, 0.113168
38.780697, 0.344180, 0.159150
38.800697, 0.378143, 0.152104
38.820698, 0.404035, 0.139391
38.840698, 0.421216, 0.139254
38.860699, 0.442749, 0.145967
38.880699, 0.471621, 0.162329
38.900700, 0.505320, 0.173539
38.920700, 0.535862, 0.214989
38.940701, 0.561312, 0.224444
38.960701, 0.588620, 0.223106
38.980701, 0.616312, 0.227636
39.000702, 0.644909, 0.246397
39.020702, 0.669122, 0.252733
39.040703, 0.689350, 0.268214
39.060703, 0.711765, 0.248301
39.080704, 0.733117, 0.237369
39.100704, 0.754689, 0.250196
39.120705, 0.774775, 0.283095
39.140705, 0.788885, 0.291104
39.160706, 0.808255, 0.321822
39.180706, 0.822812, 0.328448
39.200706, 0.834808, 0.341319
39.220707, 0.836391, 0.341607
39.240707, 0.836659, 0.319953
39.260708, 0.835187, 0.328905
39.280708, 0.834038, 0.356986
39.300709, 0.833132, 0.362702
39.320709, 0.834024, 0.348633
39.340710, 0.834154, 0.349033
39.360710, 0.834267, 0.361568
39.380711, 0.830397, 0.375801
39.400711, 0.830538, 0.392012
39.420712, 0.831620, 0.406371
39.440712, 0.832256, 0.426290
39.460712, 0.834672, 0.450777
39.480713, 0.831521, 0.463837
39.500713, 0.833150, 0.497917
39.520714, 0.829572, 0.508072
39.540714, 0.827134, 0.509550
39.560715, 0.823321, 0.521532
39.580715, 0.822942, 0.540539
39.600716, 0.823716, 0.544334
39.620716, 0.822461, 0.558577
39.640717, 0.818827, 0.563097
39.660717, 0.812904, 0.573022
39.680717, 0.814262, 0.557080
39.700718, 0.813774, 0.568036
39.720718, 0.815734, 0.541497
39.740719, 0.809996, 0.550003
39.760719, 0.806876, 0.562281
39.780720, 0.806640, 0.567654
39.800720, 0.806528, 0.584115
39.820721, 0.806494, 0.590605
39.840721, 0.800842, 0.599659
39.860722, 0.802000, 0.595978
39.880722, 0.803228, 0.621902
39.900723, 0.803881, 0.620491
39.920723, 0.799346, 0.629140
39.940723, 0.801472, 0.604293
39.960724, 0.798397, 0.610741
39.980724, 0.800330, 0.596264
40.000725, 0.797817, 0.605249
40.020725, 0.797632, 0.617125
40.040726, 0.795650, 0.623417
40.060726, 0.797651, 0.608404
40.080727, 0.795077, 0.615012
40.100727, 0.794331, 0.626490
40.120728, 0.791199, 0.630634
40.140728, 0.793570, 0.651402
40.160728, 0.794005, 0.660677
40.180729, 0.794555, 0.675500
40.200729, 0.793212, 0.678604
40.220730, 0.795473, 0.662733
40.240730, 0.794876, 0.671524
40.260731, 0.796425, 0.695778
40.280731, 0.798992, 0.712911
40.300732, 0.800659, 0.706678
40.320732, 0.797593, 0.711926
40.340733, 0.799097, 0.723210
40.360733, 0.800344, 0.732598
40.380733, 0.803498, 0.745932
40.400734, 0.798152, 0.749199
40.420734, 0.800386, 0.745628
40.440735, 0.800517, 0.751171
40.460735, 0.802786, 0.752077
40.480736, 0.801730, 0.757870
40.500736, 0.802657, 0.758244
40.520737, 0.805540, 0.786562
40.540737, 0.805964, 0.793263
40.560738, 0.807528, 0.809567
40.580738, 0.807487, 0.811642
40.600739, 0.808492, 0.809440
40.620739, 0.808306, 0.816061
40.640739, 0.809959, 0.816832
40.660740, 0.812542, 0.834573
40.680740, 0.813529, 0.835793
40.700741, 0.814129, 0.841472
40.720741, 0.814824, 0.841954
40.740742, 0.814826, 0.839836
40.760742, 0.814003, 0.844724
40.780743, 0.814519, 0.845622
40.800743, 0.817052, 0.820854
40.820744, 0.817189, 0.823873
40.840744, 0.818418, 0.830640
40.860744, 0.820605, 0.836864
40.880745, 0.822292, 0.837901
40.900745, 0.820394, 0.841122
40.920746, 0.822267, 0.844025
40.940746, 0.823728, 0.836500
40.960747, 0.823636, 0.841062
40.980747, 0.826115, 0.854740
41.000748, 0.826298, 0.856461
41.020748, 0.824945, 0.858125
41.040749, 0.823604, 0.860263
41.060749, 0.826080, 0.853538
41.080750, 0.824196, 0.851999
41.100750, 0.823707, 0.854914
41.120750, 0.824297, 0.854246
41.140751, 0.826895, 0.840893
41.160751, 0.823086, 0.842626
41.180752, 0.824508, 0.843712
41.200752, 0.826939, 0.859818
41.220753, 0.825317, 0.860493
41.240753, 0.826783, 0.859503
41.260754, 0.829205, 0.865714
41.280754, 0.828285, 0.867912
41.300755, 0.830204, 0.877015
41.320755, 0.832174, 0.861201
41.340755, 0.833966, 0.863659
41.360756, 0.835271, 0.872036
41.380756, 0.834791, 0.869996
41.400757, 0.832410, 0.869309
41.420757, 0.831483, 0.869572
41.440758, 0.832245, 0.869053
41.460758, 0.834164, 0.857995
41.480759, 0.829653, 0.858520
41.500759, 0.831868, 0.836579
41.520760, 0.834416, 0.818702
41.540760, 0.833756, 0.821910
41.560760, 0.833492, 0.820476
41.580761, 0.834474, 0.820006
41.600761, 0.833792, 0.822502
41.620762, 0.835541, 0.825873
41.640762, 0.837463, 0.836768
41.660763, 0.834768, 0.837796
41.680763, 0.836146, 0.831064
41.700764, 0.836900, 0.831778
41.720764, 0.835448, 0.834882
41.740765, 0.837296, 0.825483
41.760765, 0.838251, 0.825668
41.780766, 0.839447, 0.832107
41.800766, 0.842048, 0.837829
41.820766, 0.841124, 0.838594
41.840767, 0.840034, 0.838552
41.860767, 0.840558, 0.838732
41.880768, 0.841264, 0.845589
41.900768, 0.840741, 0.843330
41.920769, 0.841699, 0.842032
41.940769, 0.840991, 0.845212
41.960770, 0.843149, 0.855826
41.980770, 0.845299, 0.857780
42.000771, 0.844458, 0.861307
42.020771, 0.844787, 0.862232
42.040771, 0.844964, 0.859949
42.060772, 0.845278, 0.865718
42.080772, 0.846517, 0.866155
42.100773, 0.845302, 0.865514
42.120773, 0.844964, 0.867270
42.140774, 0.847232, 0.874581
42.160774, 0.847687, 0.877397
42.180775, 0.848004, 0.874626
42.200775, 0.849267, 0.869592
42.220776, 0.849377, 0.872863
42.240776, 0.851496, 0.867750
42.260777, 0.851546, 0.868678
42.280777, 0.850876, 0.870234
42.300777, 0.852617, 0.864010
42.320778, 0.853508, 0.870608
42.340778, 0.853845, 0.868825
42.360779, 0.855596, 0.868014
42.380779, 0.855561, 0.872401
42.400780, 0.856416, 0.874319
42.420780, 0.856876, 0.875769
42.440781, 0.856734, 0.878973
42.460781, 0.858576, 0.895508
42.480782, 0.859806, 0.908665
42.500782, 0.860748, 0.906078
42.520782, 0.862693, 0.892233
