t, uk1, uk2, uk3)
0.000000, -0.006125, -0.006014, -0.004905
0.020000, -0.005881, -0.005460, -0.004483
0.040000, -0.006547, -0.005171, -0.004483
0.060000, -0.006369, -0.005637, -0.004994
0.080000, -0.006303, -0.005704, -0.004283
0.100000, -0.006347, -0.005637, -0.004971
0.120000, -0.005881, -0.005460, -0.004439
0.140000, -0.006414, -0.005704, -0.005060
0.160000, -0.006236, -0.004994, -0.004572
0.180000, -0.006259, -0.005304, -0.004394
0.200000, -0.006369, -0.005437, -0.004106
0.220000, -0.006569, -0.005349, -0.004749
0.240000, -0.006103, -0.005437, -0.004860
0.260000, -0.006170, -0.005326, -0.004550
0.280000, -0.006503, -0.004993, -0.004661
0.300000, -0.006791, -0.005127, -0.004860
0.320000, -0.006525, -0.005415, -0.004594
0.340000, -0.006458, -0.005193, -0.004239
0.360000, -0.006591, -0.005970, -0.004394
0.380000, -0.005792, -0.005415, -0.004483
0.400000, -0.005992, -0.005704, -0.004683
0.420000, -0.006392, -0.004638, -0.004217
0.440000, -0.007013, -0.005815, -0.004416
0.460000, -0.006081, -0.005060, -0.004461
0.480000, -0.006791, -0.005548, -0.005349
0.500000, -0.006103, -0.005193, -0.004439
0.520000, -0.006436, -0.005282, -0.003551
0.540000, -0.006059, -0.005215, -0.004794
0.560000, -0.006081, -0.005681, -0.004705
0.580000, -0.006591, -0.005659, -0.004350
0.600000, -0.006214, -0.005548, -0.004350
0.620000, -0.006103, -0.005593, -0.004860
0.640000, -0.006259, -0.005637, -0.004150
0.660000, -0.006458, -0.005437, -0.004372
0.680000, -0.006813, -0.005903, -0.005260
0.700000, -0.006769, -0.005615, -0.004572
0.720000, -0.006214, -0.005593, -0.004705
0.740000, -0.006347, -0.005304, -0.005016
0.760000, -0.006325, -0.005903, -0.004883
0.780000, -0.006658, -0.005326, -0.005149
0.800000, -0.006281, -0.005881, -0.004439
0.820000, -0.006503, -0.005437, -0.004772
0.840000, -0.006414, -0.005681, -0.004749
0.860000, -0.006636, -0.005371, -0.004572
0.880000, -0.006014, -0.005770, -0.004616
0.900000, -0.005615, -0.005992, -0.004439
0.920000, -0.006503, -0.005881, -0.004527
0.940000, -0.006569, -0.005127, -0.004572
0.960000, -0.006192, -0.005082, -0.004239
0.980000, -0.007102, -0.005326, -0.004439
1.000000, -0.006525, -0.005571, -0.004616
1.020000, -0.006414, -0.005193, -0.003884
1.040000, -0.006813, -0.005992, -0.004727
1.060000, -0.006325, -0.005238, -0.004350
1.080000, -0.006214, -0.005104, -0.004483
1.100000, -0.006614, -0.005548, -0.004638
1.120000, -0.006414, -0.005349, -0.004661
1.140000, -0.006303, -0.005482, -0.004905
1.159999, -0.006480, -0.004550, -0.005082
1.179999, -0.006148, -0.005504, -0.004439
1.199999, -0.006436, -0.006347, -0.004661
1.219999, -0.006569, -0.004971, -0.004483
1.239999, -0.006458, -0.005548, -0.004550
1.259999, -0.006813, -0.005482, -0.004749
1.279999, -0.005992, -0.005415, -0.004927
1.299999, -0.006192, -0.005326, -0.004705
1.319999, -0.006059, -0.005171, -0.004927
1.339999, -0.006369, -0.005371, -0.004638
1.359999, -0.006347, -0.005371, -0.004350
1.379999, -0.006281, -0.005127, -0.004572
1.399999, -0.006281, -0.005548, -0.004927
1.419999, -0.006303, -0.005859, -0.005016
1.439999, -0.006813, -0.005437, -0.004838
1.459999, -0.006747, -0.005193, -0.004394
1.479999, -0.006037, -0.004971, -0.004505
1.499999, -0.006414, -0.005326, -0.004350
1.519999, -0.006347, -0.005637, -0.004261
1.539999, -0.007102, -0.006236, -0.004683
1.559999, -0.006702, -0.005948, -0.004550
1.579999, -0.005926, -0.005304, -0.004949
1.599999, -0.006636, -0.005437, -0.004172
1.619999, -0.006525, -0.005260, -0.004727
1.639999, -0.006214, -0.005637, -0.004860
1.659999, -0.006059, -0.005526, -0.004638
1.679999, -0.005726, -0.005704, -0.004749
1.699999, -0.006458, -0.005349, -0.005082
1.719999, -0.006436, -0.005238, -0.004527
1.739999, -0.006725, -0.004994, -0.004661
1.759999, -0.006392, -0.005792, -0.004416
1.779999, -0.006259, -0.005593, -0.004195
1.799999, -0.006414, -0.005437, -0.004195
1.819999, -0.005748, -0.005016, -0.003595
1.839999, -0.006325, -0.004794, -0.003795
1.859999, -0.006236, -0.002974, -0.000533
1.879999, -0.007057, -0.007701, -0.006458
1.899999, -0.005415, -0.004261, -0.004638
1.919999, -0.006059, -0.013605, -0.005437
1.939999, -0.005992, -0.003507, -0.000155
1.959999, -0.008145, -0.012251, -0.005282
1.979999, -0.005881, -0.001443, 0.003373
1.999999, -0.009299, -0.005948, -0.004328
2.019999, -0.005637, -0.000044, -0.002774
2.039999, -0.006858, -0.005371, -0.003551
2.059999, -0.006680, -0.002508, -0.003507
2.079999, -0.006591, -0.005038, -0.005792
2.099999, -0.006969, -0.005504, -0.001287
2.119999, -0.006214, -0.004306, -0.006569
2.139999, -0.006480, 0.000266, -0.003529
2.159999, -0.005792, -0.000466, -0.006591
2.179999, -0.006969, -0.006014, -0.004483
2.199999, -0.005792, -0.009876, -0.005593
2.219999, -0.006591, -0.011496, -0.001775
2.239999, -0.006236, -0.007790, -0.004860
2.259999, -0.003839, 0.003373, -0.012051
2.279999, -0.000422, 0.018820, -0.021483
2.299999, 0.002264, 0.044254, -0.031914
2.319999, -0.001997, 0.029606, -0.017710
2.339998, -0.011518, -0.025034, 0.006747
2.359998, -0.013937, -0.025234, 0.011274
2.379998, -0.008389, 0.013294, -0.009454
2.399998, -0.006369, 0.053686, -0.030116
2.419998, -0.007568, 0.111211, -0.055927
2.439998, -0.007790, 0.190951, -0.096985
2.459998, -0.002885, 0.280413, -0.144501
2.479998, 0.011829, 0.324289, -0.143813
2.499998, 0.002907, 0.348879, -0.167116
2.519998, -0.044143, 0.271513, -0.253781
2.539998, -0.088751, 0.214143, -0.326353
2.559998, -0.127589, 0.224020, -0.364903
2.579998, -0.139596, 0.234428, -0.400612
2.599998, -0.120687, 0.269915, -0.431172
2.619998, -0.096940, 0.340401, -0.463574
2.639998, -0.086310, 0.416991, -0.495044
2.659998, -0.087997, 0.497597, -0.532707
2.679998, -0.078032, 0.578625, -0.588567
2.699998, -0.045607, 0.652196, -0.659364
2.719998, 0.010941, 0.721505, -0.750024
2.739998, 0.078942, 0.774192, -0.838864
2.759998, 0.138375, 0.822485, -0.919292
2.779998, 0.165474, 0.879833, -0.980302
2.799998, 0.157417, 0.953692, -1.024933
2.819998, 0.121020, 1.025909, -1.045217
2.839998, 0.075635, 1.095552, -1.055937
2.859998, 0.047094, 1.162509, -1.082569
2.879998, 0.034755, 1.214908, -1.110732
2.899998, 0.044453, 1.251637, -1.142202
2.919998, 0.054396, 1.258096, -1.145221
2.939998, 0.056149, 1.245734, -1.121540
2.959998, 0.043832, 1.240763, -1.095552
2.979998, 0.013116, 1.234970, -1.053162
2.999998, -0.011740, 1.226892, -1.010440
3.019998, -0.021061, 1.213642, -0.980679
3.039998, -0.012584, 1.172341, -0.943261
3.059998, 0.009521, 1.097416, -0.891528
3.079998, 0.033712, 1.007444, -0.836667
3.099998, 0.048426, 0.923354, -0.782271
3.119998, 0.050201, 0.845300, -0.726454
3.139998, 0.050046, 0.776611, -0.685108
3.159998, 0.055772, 0.709920, -0.656257
3.179998, 0.070375, 0.642519, -0.640233
3.199998, 0.075679, 0.576605, -0.622434
3.219998, 0.063584, 0.521344, -0.601040
3.239998, 0.035864, 0.477046, -0.580267
3.259998, -0.003151, 0.436876, -0.555122
3.279998, -0.044520, 0.394797, -0.528889
3.299998, -0.082670, 0.342665, -0.501015
3.319998, -0.116426, 0.286649, -0.470965
3.339998, -0.144812, 0.228192, -0.441958
3.359998, -0.169757, 0.172620, -0.412463
3.379997, -0.193015, 0.126324, -0.388050
3.399997, -0.218205, 0.083247, -0.358822
3.419997, -0.243727, 0.037773, -0.316078
3.439997, -0.258308, -0.006591, -0.273400
3.459997, -0.256555, -0.042345, -0.234428
3.479997, -0.241353, -0.066136, -0.202670
3.499997, -0.213189, -0.079541, -0.177280
3.519997, -0.175904, -0.089950, -0.149960
3.539997, -0.135490, -0.097518, -0.122330
3.559997, -0.089683, -0.100713, -0.097540
3.579997, -0.046073, -0.102222, -0.069798
3.599997, -0.007102, -0.108059, -0.035421
3.619997, 0.030649, -0.115694, 0.004061
3.639997, 0.062918, -0.112875, 0.037640
3.659997, 0.088418, -0.092457, 0.056704
3.679997, 0.104686, -0.061587, 0.069776
3.699997, 0.112698, -0.034622, 0.088152
3.719997, 0.117358, -0.014980, 0.103243
3.739997, 0.120754, 0.003462, 0.111277
3.759997, 0.116204, 0.018443, 0.115539
3.779997, 0.100802, 0.034688, 0.117647
3.799997, 0.079141, 0.047583, 0.116892
3.819997, 0.059301, 0.055838, 0.111766
3.839997, 0.050046, 0.051422, 0.101845
3.859997, 0.049802, 0.035332, 0.089728
3.879997, 0.048603, 0.016046, 0.078010
3.899997, 0.043188, -0.000377, 0.064583
3.919997, 0.034844, -0.013893, 0.050445
3.939997, 0.026521, -0.027387, 0.035243
3.959997, 0.021483, -0.043210, 0.023436
3.979997, 0.022415, -0.062519, 0.014648
3.999997, 0.024390, -0.077011, 0.008167
4.019997, 0.028208, -0.084690, -0.000666
4.039997, 0.032447, -0.089417, -0.005593
4.059997, 0.031958, -0.089151, -0.007679
4.079997, 0.024479, -0.081361, -0.006791
4.099997, 0.014093, -0.066447, -0.003773
4.119997, 0.005460, -0.053242, 0.000866
4.139997, 0.002064, -0.043832, 0.006969
4.159997, 0.004572, -0.034244, 0.010919
4.179997, 0.010009, -0.025256, 0.011163
4.199997, 0.015313, -0.012872, 0.007568
4.219997, 0.017466, 0.001287, 0.000422
4.239997, 0.015824, 0.011518, -0.004594
4.259997, 0.010941, 0.011163, -0.000710
4.279997, 0.003862, 0.004883, 0.008256
4.299997, -0.002619, 0.003018, 0.011341
4.319997, -0.008611, 0.007923, 0.007834
4.339997, -0.014892, 0.012095, 0.003995
4.359997, -0.021749, 0.011230, 0.003529
4.379997, -0.028563, 0.009610, 0.003218
4.399997, -0.035376, 0.009943, 0.000777
4.419997, -0.039371, 0.010786, -0.003928
4.439997, -0.039770, 0.009832, -0.006969
4.459997, -0.040880, 0.006325, -0.005060
4.479997, -0.042367, 0.005637, -0.000821
4.499997, -0.040703, 0.009920, -0.004195
4.519997, -0.033934, 0.009876, -0.006414
4.539997, -0.025034, 0.004039, -0.006236
4.559997, -0.015202, -0.005926, -0.003329
4.579997, -0.001420, -0.013360, -0.005926
4.599997, 0.014115, -0.017843, -0.010897
4.619997, 0.029628, -0.023547, -0.015291
4.639997, 0.038750, -0.029073, -0.015336
4.659997, 0.011296, -0.044187, -0.005837
4.679996, -0.067623, -0.068067, -0.013138
4.699996, -0.099781, -0.054951, -0.016689
4.719996, -0.051156, -0.021705, 0.027431
4.739996, 0.001443, -0.007812, 0.044831
4.759996, -0.006836, -0.024035, 0.021061
4.779996, -0.064605, -0.058235, -0.031137
4.799996, -0.055528, -0.065981, -0.025101
4.819996, -0.002264, -0.056593, 0.043521
4.839996, -0.029672, -0.055750, 0.081938
4.859996, -0.072528, -0.043588, 0.126546
4.879996, -0.069332, -0.024790, 0.168203
4.899996, -0.063939, -0.025655, 0.173441
4.919996, -0.033179, -0.026810, 0.168359
4.939996, 0.017511, 0.000577, 0.175305
4.959996, 0.098694, 0.079097, 0.201649
4.979996, 0.129032, 0.105685, 0.174684
4.999996, 0.083580, 0.037773, 0.085067
5.019996, 0.057747, -0.013826, 0.016179
5.039996, 0.109768, 0.031315, 0.005326
5.059996, 0.155864, 0.063584, -0.006148
5.079996, 0.164608, 0.047361, -0.052310
5.099996, 0.148096, 0.040214, -0.092058
5.119996, 0.134802, 0.023059, -0.138975
5.139996, 0.148562, 0.028208, -0.159237
5.159996, 0.190974, 0.092635, -0.131518
5.179996, 0.202692, 0.132827, -0.110678
5.199996, 0.143214, 0.073726, -0.151825
5.219996, 0.078320, 0.004106, -0.188355
5.239996, 0.060654, -0.014159, -0.184626
5.259996, 0.068733, 0.002730, -0.155154
5.279996, 0.080739, 0.026188, -0.099182
5.299996, 0.075768, 0.016689, -0.038417
5.319996, 0.045319, -0.018310, -0.012806
5.339996, 0.005460, -0.051111, -0.012584
5.359996, -0.010054, -0.060255, -0.002219
5.379996, 0.026654, -0.026565, 0.036286
5.399996, 0.072839, -0.009388, 0.064094
5.419996, 0.058701, -0.048559, 0.020462
5.439996, 0.005149, -0.095853, -0.053619
5.459996, -0.029206, -0.114140, -0.098783
5.479996, 0.033445, -0.022371, -0.055905
5.499996, 0.123084, 0.089173, 0.007368
5.519996, 0.139973, 0.102711, 0.029517
5.539996, 0.031448, -0.012073, -0.032269
5.559996, -0.069154, -0.109968, -0.089927
5.579996, -0.051866, -0.079497, -0.056460
5.599996, 0.039260, 0.025744, 0.016024
5.619996, 0.057769, 0.042079, 0.016845
5.639996, -0.017222, -0.052443, -0.049069
5.659996, -0.050357, -0.098072, -0.077100
5.679996, -0.002042, -0.038394, -0.043344
5.699996, 0.052576, 0.047005, -0.012628
5.719995, 0.037218, 0.048692, -0.027431
5.739995, -0.039460, -0.037240, -0.084601
5.759995, -0.075391, -0.082781, -0.116914
5.779995, -0.019597, -0.021971, -0.064028
5.799995, 0.044298, 0.040325, -0.006103
5.819995, 0.029917, 0.017910, -0.014093
5.839995, -0.061076, -0.066047, -0.078431
5.859995, -0.095809, -0.089617, -0.095964
5.879995, -0.019441, -0.003950, -0.043854
5.899995, 0.050712, 0.057680, -0.003329
5.919995, 0.005260, -0.000644, -0.044697
5.939995, -0.091658, -0.091414, -0.109879
5.959995, -0.108880, -0.089439, -0.115871
5.979995, -0.025345, 0.012561, -0.053086
5.999995, 0.032824, 0.061986, -0.023813
6.019995, -0.040370, -0.029806, -0.085622
6.039995, -0.131784, -0.117647, -0.124394
6.059995, -0.115161, -0.092591, -0.085688
6.079995, -0.043255, -0.012561, -0.007279
6.099995, -0.011030, 0.019752, 0.030250
6.119995, -0.058835, -0.039659, 0.008411
6.139995, -0.115095, -0.107260, -0.029584
6.159995, -0.104286, -0.103665, -0.025766
6.179995, -0.036863, -0.038128, 0.014514
6.199995, 0.011851, 0.006392, 0.039704
6.219995, -0.011962, -0.020085, 0.013982
6.239995, -0.064716, -0.061542, -0.023680
6.259995, -0.072639, -0.055772, -0.030960
6.279995, -0.028518, -0.013427, -0.014559
6.299995, 0.003884, 0.013738, -0.008012
6.319995, -0.008234, -0.000577, -0.028097
6.339995, -0.042367, -0.032646, -0.057281
6.359995, -0.055794, -0.043543, -0.066536
6.379995, -0.033201, -0.023347, -0.047871
6.399995, -0.007901, -0.000999, -0.024857
6.419995, -0.019530, -0.008877, -0.015358
6.439995, -0.051200, -0.041901, -0.017067
6.459995, -0.066291, -0.053841, -0.006725
6.479995, -0.051289, -0.042722, 0.019619
6.499995, -0.028008, -0.025456, 0.044165
6.519995, -0.022926, -0.027431, 0.043388
6.539995, -0.032114, -0.037618, 0.028718
6.559995, -0.033068, -0.036486, 0.024235
6.579995, -0.017222, -0.020795, 0.033978
6.599995, 0.002419, -0.005770, 0.032069
6.619995, 0.001487, -0.008411, 0.016867
6.639995, -0.005571, -0.014071, -0.003085
6.659995, -0.013893, -0.017888, -0.018531
6.679995, -0.007701, -0.011585, -0.018509
6.699995, 0.006680, 0.006192, -0.006836
6.719995, -0.001576, 0.003773, -0.004860
6.739995, -0.015047, -0.008034, -0.011230
6.759995, -0.008012, -0.003973, -0.010830
6.779994, 0.005127, 0.011652, 0.003129
6.799994, 0.010009, 0.014603, 0.007146
6.819994, -0.006014, -0.001154, -0.007457
6.839994, -0.018820, -0.012118, -0.017466
6.859994, -0.005171, 0.003174, -0.007057
6.879994, 0.008700, 0.019064, 0.000799
6.899994, 0.001687, 0.010031, -0.005615
6.919994, -0.009144, -0.000510, -0.007546
6.939994, -0.011008, -0.003884, -0.005704
6.959994, -0.006769, 0.002552, -0.000333
6.979994, -0.002175, 0.012362, 0.006702
6.999994, -0.002796, 0.011962, 0.006991
7.019994, -0.009210, 0.005748, 0.008766
7.039994, -0.005060, 0.004261, 0.011119
7.059994, -0.001221, 0.003418, 0.010298
7.079994, 0.006969, 0.007812, 0.013316
7.099994, 0.003507, 0.011274, 0.013893
7.119994, -0.007080, 0.003462, 0.006259
7.139994, -0.008655, 0.003040, 0.002885
7.159994, -0.000311, 0.009943, 0.007191
7.179994, 0.009987, 0.013849, 0.011252
7.199994, 0.007901, 0.004039, 0.005437
7.219994, -0.000311, -0.001975, -0.000444
7.239994, -0.005881, 0.000488, -0.002020
7.259994, -0.000599, 0.009232, 0.001309
7.279994, 0.000710, 0.007302, 0.000555
7.299994, 0.001931, 0.000888, -0.004883
7.319994, 0.003262, 0.002219, -0.007945
7.339994, 0.005970, 0.008367, -0.005792
7.359994, 0.000799, 0.003551, -0.006148
7.379994, -0.009721, -0.008567, -0.015913
7.399994, -0.014892, -0.010342, -0.017932
7.419994, -0.007879, -0.000200, -0.003662
7.439994, -0.002264, 0.003151, 0.008145
7.459994, -0.006347, -0.007568, 0.006791
7.479994, -0.014159, -0.015424, 0.001087
7.499994, -0.012695, -0.009010, 0.005393
7.519994, 0.004039, 0.010031, 0.015890
7.539994, 0.005815, 0.008367, 0.009832
7.559994, -0.011940, -0.008389, -0.015003
7.579994, -0.018199, -0.010608, -0.028052
7.599994, -0.003728, 0.002752, -0.021727
7.619994, 0.005016, 0.000866, -0.007967
7.639994, -0.001465, -0.016578, 0.000067
7.659994, -0.018709, -0.040103, 0.003484
7.679994, -0.023414, -0.040414, 0.011829
7.699994, -0.005926, -0.016756, 0.034511
7.719994, 0.003285, -0.003662, 0.043743
7.739994, -0.006702, -0.012606, 0.031670
7.759994, -0.015779, -0.022793, 0.016268
7.779994, -0.001820, -0.009676, 0.013516
7.799994, 0.019774, 0.013338, 0.014914
7.819993, 0.025500, 0.022970, 0.004195
7.839993, 0.007834, 0.008012, -0.011407
7.859993, -0.014270, -0.014137, -0.028008
7.879993, -0.011785, -0.017688, -0.027919
7.899993, 0.011296, 0.004306, -0.006680
7.919993, 0.016667, 0.017511, -0.000954
7.939993, -0.002086, 0.003063, -0.015713
7.959993, -0.014692, -0.010919, -0.026077
7.979993, -0.010719, -0.003307, -0.017843
7.999993, -0.001287, 0.007346, -0.008212
8.019994, -0.001021, 0.002974, -0.011074
8.039994, -0.011430, -0.008034, -0.015247
8.059995, -0.014115, -0.010342, -0.011718
8.079995, -0.011074, -0.005881, -0.000266
8.099996, -0.005948, -0.003063, 0.004838
8.119996, -0.008234, -0.003950, -0.002463
8.139997, -0.016467, -0.011829, -0.011252
8.159997, -0.016334, -0.014781, -0.013804
8.179997, -0.011851, -0.004483, -0.011097
8.199998, -0.011252, 0.001154, -0.013027
8.219998, -0.013338, -0.002175, -0.019530
8.239999, -0.015136, -0.009232, -0.021616
8.259999, -0.016623, -0.012073, -0.018709
8.280000, -0.007479, 0.000599, -0.009743
8.300000, -0.003129, 0.008811, -0.007302
8.320001, -0.012051, 0.000732, -0.016356
8.340001, -0.025145, -0.016379, -0.027941
8.360002, -0.021084, -0.015624, -0.025744
8.380002, -0.003950, 0.006369, -0.011274
8.400002, 0.001997, 0.016734, -0.004439
8.420003, -0.017821, -0.003817, -0.021505
8.440003, -0.033024, -0.024191, -0.034400
8.460004, -0.023947, -0.017599, -0.024746
8.480004, -0.000954, 0.005482, -0.006947
8.500005, 0.002952, 0.010697, -0.003595
8.520005, -0.018487, -0.011452, -0.019552
8.540006, -0.035354, -0.030250, -0.034733
8.560006, -0.023214, -0.019619, -0.029029
8.580007, -0.001487, 0.007013, -0.011962
8.600007, -0.000888, 0.010431, -0.016934
8.620008, -0.015336, -0.005615, -0.031936
8.640008, -0.022682, -0.012806, -0.036708
8.660008, -0.016845, -0.001620, -0.027276
8.680009, -0.012939, 0.007990, -0.016534
8.700009, -0.021860, -0.002352, -0.014448
8.720010, -0.031958, -0.015691, -0.017022
8.740010, -0.031381, -0.019930, -0.016356
8.760011, -0.015180, -0.005082, -0.006480
8.780011, -0.008877, 0.006281, -0.006480
8.800012, -0.016889, -0.000510, -0.015580
8.820012, -0.027941, -0.018820, -0.019641
8.840013, -0.023458, -0.024146, -0.016334
8.860013, -0.012739, -0.016068, -0.001376
8.880013, -0.006081, -0.011474, 0.009499
8.900014, -0.010897, -0.016334, 0.012850
8.920014, -0.019952, -0.025966, 0.013516
8.940015, -0.020440, -0.029273, 0.018243
8.960015, -0.005393, -0.020507, 0.033312
8.980016, 0.001509, -0.016956, 0.037285
9.000016, -0.000510, -0.019353, 0.028896
9.020017, 0.000488, -0.016800, 0.025123
9.040017, 0.005127, -0.006259, 0.024768
9.060018, 0.002486, -0.004616, 0.018887
9.080018, -0.010054, -0.016778, 0.005104
9.100019, -0.009698, -0.016467, 0.002508
9.120019, 0.006614, -0.001798, 0.014270
9.140019, 0.017644, 0.009632, 0.021883
9.160020, 0.012251, 0.002463, 0.014093
9.180020, 0.000067, -0.009255, 0.003595
9.200021, -0.003906, -0.010830, 0.000821
9.220021, 0.012384, 0.008323, 0.010386
9.240022, 0.020684, 0.018332, 0.013272
9.260022, 0.002463, -0.001665, -0.000666
9.280023, -0.007213, -0.013738, -0.007546
9.300023, 0.006436, 0.001376, 0.004616
9.320024, 0.019841, 0.019552, 0.019419
9.340024, 0.008433, 0.010142, 0.011119
9.360024, -0.008101, -0.008633, 0.000044
9.380025, -0.008345, -0.010786, 0.001176
9.400025, 0.007834, 0.010076, 0.019108
9.420026, 0.004971, 0.008345, 0.017954
9.440026, -0.000999, -0.000133, 0.014137
9.460027, -0.006103, -0.007390, 0.011807
9.480027, 0.004239, 0.001221, 0.020041
9.500028, 0.007457, 0.007257, 0.019708
9.520028, 0.007146, 0.008167, 0.018332
9.540029, 0.001465, 0.002264, 0.010764
9.560029, 0.001243, 0.001287, 0.003595
9.580029, 0.012450, 0.012428, 0.007302
9.600030, 0.021172, 0.018354, 0.005615
9.620030, 0.014048, 0.007013, -0.005149
9.640031, 0.001931, -0.005104, -0.016978
9.660031, -0.002219, -0.001110, -0.015868
9.680032, 0.006636, 0.013471, -0.003995
9.700032, 0.009188, 0.011940, 0.001487
9.720033, -0.002175, -0.004416, -0.005193
9.740033, -0.014736, -0.016534, -0.013050
9.760034, -0.007435, -0.007013, -0.009077
9.780034, 0.008478, 0.012872, -0.000777
9.800035, 0.006858, 0.014603, -0.005593
9.820035, -0.006259, 0.000377, -0.016934
9.840035, -0.010964, -0.004638, -0.022859
9.860036, -0.002286, -0.000910, -0.022238
9.880036, -0.000577, 0.003462, -0.019508
9.900037, -0.008589, -0.004616, -0.023991
9.920037, -0.014736, -0.016334, -0.030205
9.940038, -0.009432, -0.013161, -0.024657
9.960038, 0.000688, -0.000222, -0.014337
9.980039, -0.000999, 0.002020, -0.012917
10.000039, -0.019441, -0.008456, -0.023259
10.020040, -0.028607, -0.016024, -0.027387
10.040040, -0.017488, -0.013161, -0.020951
10.060040, -0.010564, -0.008877, -0.023103
10.080041, -0.013516, -0.006680, -0.027919
10.100041, -0.007546, 0.001975, -0.026810
10.120042, -0.016068, -0.001398, -0.038306
10.140042, -0.027054, -0.009454, -0.051600
10.160043, -0.020862, -0.008078, -0.046295
10.180043, -0.009543, -0.000377, -0.033512
10.200044, -0.013871, -0.006414, -0.030272
10.220044, -0.030982, -0.023414, -0.035798
10.240045, -0.036020, -0.029162, -0.034821
10.260045, -0.026499, -0.016667, -0.018332
10.280046, -0.018287, -0.004994, -0.004772
10.300046, -0.027919, -0.017400, -0.001598
10.320046, -0.032336, -0.031426, 0.003662
10.340047, -0.027409, -0.029961, 0.011030
10.360047, -0.023569, -0.023481, 0.012872
10.380048, -0.019064, -0.016689, 0.014781
10.400048, -0.020240, -0.019930, 0.007945
10.420049, -0.024324, -0.028851, -0.006791
10.440049, -0.012140, -0.017577, -0.004128
10.460050, 0.004283, 0.000577, 0.005526
10.480050, 0.003351, 0.004816, 0.005415
10.500051, -0.019663, -0.015247, -0.011785
10.520051, -0.029517, -0.026077, -0.020884
10.540051, -0.012717, -0.010608, -0.008101
10.560052, 0.011274, 0.009277, 0.007701
10.580052, 0.013627, 0.006569, 0.013649
10.600053, -0.009854, -0.018332, 0.007568
10.620053, -0.023303, -0.025922, 0.007501
10.640054, -0.025789, -0.021195, 0.005326
10.660054, -0.003618, 0.000644, 0.017511
10.680055, 0.006813, 0.004416, 0.021772
10.700055, -0.001110, -0.011829, 0.015535
10.720056, -0.008078, -0.021150, 0.014159
10.740056, -0.004971, -0.011607, 0.020884
10.760056, -0.000000, 0.001287, 0.021195
10.780057, 0.004927, 0.008789, 0.021084
10.800057, 0.002885, 0.003418, 0.018176
10.820058, -0.008855, -0.010964, 0.005681
10.840058, -0.013072, -0.010697, 0.000599
10.860059, 0.003573, 0.008256, 0.008678
10.880059, 0.022171, 0.019774, 0.017977
10.900060, 0.023991, 0.014159, 0.016556
10.920060, 0.008589, -0.000999, 0.006458
10.940061, 0.003817, 0.000954, 0.008411
10.960061, 0.007768, 0.012162, 0.014448
10.980062, 0.008478, 0.013960, 0.016845
11.000062, -0.002708, -0.000577, 0.007324
11.020062, -0.006813, -0.010497, 0.000710
11.040063, 0.005992, 0.001443, 0.005215
11.060063, 0.019552, 0.020928, 0.015558
11.080064, 0.018088, 0.024280, 0.017022
11.100064, 0.005437, 0.009743, 0.007679
11.120065, -0.007568, -0.006480, -0.005548
11.140065, -0.001354, -0.000755, -0.003240
11.160066, 0.017155, 0.018043, 0.008966
11.180066, 0.016490, 0.017622, 0.008234
11.200067, -0.001443, -0.004172, -0.005104
11.220067, -0.003462, -0.013982, -0.005859
11.240067, 0.011008, -0.007191, -0.000133
11.260068, 0.014182, 0.000133, -0.002441
11.280068, 0.004994, 0.000843, -0.008900
11.300069, -0.006347, -0.007568, -0.013227
11.320069, -0.002131, -0.009499, -0.007923
11.340070, 0.002463, -0.007790, -0.004350
11.360070, 0.002419, -0.004283, -0.003018
11.380071, -0.000599, 0.000133, -0.006813
11.400071, -0.012317, -0.009033, -0.023636
11.420072, -0.018043, -0.017710, -0.037551
11.440072, -0.013005, -0.014825, -0.042256
11.460073, -0.002863, -0.004128, -0.037507
11.480073, 0.000422, 0.003018, -0.032469
11.500073, -0.012939, -0.007768, -0.038461
11.520074, -0.026321, -0.019419, -0.043299
11.540074, -0.033445, -0.026943, -0.046406
11.560075, -0.027298, -0.019952, -0.042633
11.580075, -0.013360, -0.004749, -0.031892
11.600076, -0.015091, -0.007701, -0.032092
11.620076, -0.027830, -0.018820, -0.031847
11.640077, -0.031337, -0.025411, -0.025833
11.660077, -0.026343, -0.019419, -0.016223
11.680078, -0.015779, -0.004705, -0.003529
11.700078, -0.013161, 0.001598, 0.004416
11.720078, -0.019330, -0.005016, 0.004017
11.740079, -0.030605, -0.019508, -0.004816
11.760079, -0.029073, -0.022038, -0.010409
11.780080, -0.023525, -0.013005, -0.014625
11.800080, -0.015003, -0.000044, -0.008189
11.820081, -0.012206, 0.002086, -0.003684
11.840081, -0.011052, -0.001065, -0.002108
11.860082, -0.006037, -0.001642, 0.004106
11.880082, -0.009898, -0.005393, 0.003595
11.900083, -0.013072, -0.006103, 0.001997
11.920083, -0.013050, -0.002153, 0.000266
11.940084, -0.017622, -0.009876, -0.004816
11.960084, -0.018598, -0.018598, -0.006347
11.980084, -0.007080, -0.011940, 0.001198
12.000085, 0.000022, -0.003928, 0.007213
12.020085, -0.009943, -0.008256, 0.004505
12.040086, -0.022571, -0.016578, -0.006148
12.060086, -0.018642, -0.014004, -0.009410
12.080087, 0.000799, 0.000022, -0.002574
12.100087, 0.010675, 0.008966, -0.000178
12.120088, -0.005548, -0.003817, -0.012051
12.140088, -0.024590, -0.027142, -0.027986
12.160089, -0.017200, -0.024280, -0.019086
12.180089, 0.008500, -0.001997, 0.006414
12.200089, 0.025811, 0.013871, 0.028341
12.220090, 0.001864, -0.008766, 0.018176
12.240090, -0.024901, -0.036464, 0.000222
12.260091, -0.017488, -0.030782, 0.000999
12.280091, 0.023614, 0.006769, 0.030139
12.300092, 0.042345, 0.025278, 0.046872
12.320092, 0.007635, -0.006503, 0.025700
12.340093, -0.036663, -0.049913, -0.008056
12.360093, -0.033800, -0.043344, -0.007213
12.380094, 0.008700, 0.002375, 0.018842
12.400094, 0.031004, 0.025411, 0.035753
12.420094, 0.006236, -0.002663, 0.018931
12.440095, -0.017488, -0.029850, 0.000777
12.460095, -0.016024, -0.024945, 0.001110
12.480096, 0.010653, 0.005903, 0.021483
12.500096, 0.029406, 0.026965, 0.033112
12.520097, 0.015402, 0.012339, 0.016179
12.540097, -0.007901, -0.011119, -0.000888
12.560098, -0.009698, -0.011718, -0.000377
12.580098, 0.016379, 0.013072, 0.016423
12.600099, 0.027786, 0.023991, 0.021217
12.620099, 0.010142, 0.007346, 0.007390
12.640100, -0.004616, -0.011296, -0.005748
12.660100, -0.003995, -0.011252, -0.007945
12.680100, 0.005615, 0.003151, 0.000577
12.700101, 0.011052, 0.013471, 0.008522
12.720101, 0.000399, 0.005371, 0.003684
12.740102, -0.012695, -0.005992, -0.005792
12.760102, -0.010786, -0.007057, -0.006236
12.780103, 0.001909, 0.004217, 0.001065
12.800103, 0.014759, 0.017266, 0.015269
12.820104, 0.018820, 0.018997, 0.028052
12.840104, 0.005748, 0.006924, 0.029251
12.860105, -0.008145, -0.002020, 0.023769
12.880105, -0.002663, 0.006325, 0.023125
12.900105, 0.004705, 0.014914, 0.017266
12.920106, -0.000289, 0.006813, -0.000311
12.940106, -0.001775, -0.000932, -0.009721
12.960107, 0.001198, -0.001531, -0.012473
12.980107, 0.008700, 0.004461, -0.004705
13.000108, 0.006880, 0.006924, -0.001265
13.020108, -0.011518, -0.004838, -0.013449
13.040109, -0.018753, -0.005681, -0.020995
13.060109, -0.005659, 0.013937, -0.014226
13.080110, 0.003795, 0.028363, -0.009033
13.100110, -0.008589, 0.015336, -0.023125
13.120111, -0.019219, -0.000577, -0.035287
13.140111, -0.014892, -0.002219, -0.033334
13.160111, -0.008012, 0.002974, -0.024723
13.180112, -0.006702, 0.005460, -0.017777
13.200112, -0.017466, -0.000688, -0.024457
13.220113, -0.032513, -0.009033, -0.034555
13.240113, -0.023747, -0.000000, -0.026277
13.260114, -0.018576, 0.000755, -0.023148
13.280114, -0.020795, -0.008988, -0.025744
13.300115, -0.020507, -0.019575, -0.031426
13.320115, -0.017222, -0.020507, -0.039770
13.340116, -0.012717, -0.013494, -0.039881
13.360116, -0.013782, -0.010520, -0.042878
13.380116, -0.015624, -0.013960, -0.048581
13.400117, -0.010253, -0.010964, -0.043787
13.420117, -0.013360, -0.011962, -0.042167
13.440118, -0.022904, -0.022437, -0.043543
13.460118, -0.033445, -0.031315, -0.046717
13.480119, -0.032580, -0.029761, -0.043787
13.500119, -0.023192, -0.016756, -0.032291
13.520120, -0.017355, -0.008300, -0.017000
13.540120, -0.028496, -0.018509, -0.018398
13.560121, -0.043122, -0.036175, -0.027165
13.580121, -0.041280, -0.037307, -0.020507
13.600121, -0.019197, -0.017666, 0.001176
13.620122, -0.006414, -0.008256, 0.012007
13.640122, -0.013693, -0.016734, 0.007102
13.660123, -0.024590, -0.022216, 0.000466
13.680123, -0.027231, -0.022682, -0.000666
13.700124, -0.021039, -0.021705, 0.002907
13.720124, -0.010586, -0.014714, 0.008389
13.740125, -0.006547, -0.011385, 0.010209
13.760125, -0.009588, -0.015580, 0.010409
13.780126, -0.016445, -0.020951, 0.006458
13.800126, -0.015802, -0.016867, 0.003551
13.820127, -0.009033, -0.009121, -0.000688
13.840127, -0.010253, -0.007235, -0.007457
13.860127, -0.005548, -0.002020, -0.007146
13.880128, 0.002685, 0.002131, -0.003507
13.900128, 0.002463, 0.000422, -0.001687
13.920129, -0.006591, -0.006014, -0.004860
13.940129, -0.007057, -0.002219, -0.004172
13.960130, 0.000555, 0.004927, 0.000755
13.980130, -0.000710, -0.003285, -0.001021
14.000131, -0.009588, -0.014581, -0.008167
14.020131, -0.013272, -0.014270, -0.010298
14.040132, -0.006170, -0.006259, -0.003440
14.060132, 0.003551, 0.000178, 0.009832
14.080132, 0.007324, 0.000222, 0.020684
14.100133, -0.002530, -0.009898, 0.015424
14.120133, -0.010231, -0.015602, 0.008167
14.140134, -0.000533, -0.006192, 0.010853
14.160134, 0.012450, 0.006014, 0.014581
14.180135, 0.015091, 0.004172, 0.014537
14.200135, 0.006281, -0.005704, 0.012606
14.220136, -0.002819, -0.013982, 0.012073
14.240136, 0.000089, -0.009854, 0.023969
14.260137, 0.010497, -0.002175, 0.033157
14.280137, 0.017932, 0.003262, 0.036109
14.300138, 0.021461, 0.010142, 0.035598
14.320138, 0.017444, 0.007812, 0.026543
14.340138, 0.004372, -0.002108, 0.010542
14.360139, -0.002508, -0.004794, 0.000133
14.380139, 0.010631, 0.005371, 0.003839
14.400140, 0.024035, 0.016268, 0.011052
14.420140, 0.019441, 0.013826, 0.008234
14.440141, -0.000954, 0.001886, -0.004172
14.460141, -0.012251, -0.007035, -0.011873
14.480142, 0.000510, 0.003129, -0.004860
14.500142, 0.021128, 0.019264, 0.009965
14.520143, 0.023303, 0.019108, 0.014137
14.540143, -0.001065, -0.005104, 0.001687
14.560143, -0.016556, -0.017666, -0.006059
14.580144, -0.000111, 0.003262, 0.008300
14.600144, 0.025278, 0.031381, 0.027853
14.620145, 0.020351, 0.028141, 0.024834
14.640145, -0.013671, -0.002486, 0.001420
14.660146, -0.030982, -0.018531, -0.011940
14.680146, -0.002796, 0.007590, 0.007257
14.700147, 0.021017, 0.029872, 0.022216
14.720147, 0.013627, 0.018332, 0.015535
14.740148, -0.013094, -0.006014, -0.000866
14.760148, -0.027165, -0.017044, -0.012384
14.780149, -0.005792, -0.000621, -0.004483
14.800149, 0.015269, 0.015158, 0.005770
14.820149, 0.008078, 0.006103, -0.005659
14.840150, -0.014603, -0.018776, -0.034577
14.860150, -0.022260, -0.027009, -0.052221
14.880151, -0.006547, -0.009765, -0.046317
14.900151, 0.015802, 0.015402, -0.026321
14.920152, 0.012162, 0.005881, -0.025212
14.940152, -0.012473, -0.022793, -0.041346
14.960153, -0.018043, -0.028430, -0.038772
14.980153, -0.000311, -0.006325, -0.021084
15.000154, 0.014670, 0.015602, -0.005482
15.020154, -0.006236, -0.000155, -0.021683
15.040154, -0.045962, -0.036020, -0.055794
15.060155, -0.056060, -0.045829, -0.069687
15.080155, -0.025900, -0.012672, -0.051799
15.100156, -0.000377, 0.018842, -0.032047
15.120156, -0.013205, 0.000311, -0.046673
15.140157, -0.041213, -0.035065, -0.064205
15.160157, -0.046495, -0.043521, -0.062674
15.180158, -0.024968, -0.018820, -0.038350
15.200158, -0.015447, -0.002663, -0.025167
15.220159, -0.031204, -0.014137, -0.030227
15.240159, -0.048737, -0.035199, -0.037285
15.260159, -0.050512, -0.039260, -0.035088
15.280160, -0.031448, -0.019885, -0.018554
15.300160, -0.017200, -0.008678, -0.002796
15.320161, -0.019685, -0.016578, -0.000777
15.340161, -0.031270, -0.029783, -0.009987
15.360162, -0.034422, -0.029051, -0.011385
15.380162, -0.024679, -0.012739, 0.003462
15.400163, -0.024723, -0.017111, 0.008678
15.420163, -0.036308, -0.035931, -0.003329
15.440164, -0.036353, -0.035887, -0.009321
15.460164, -0.018265, -0.016068, 0.001154
15.480165, -0.006170, -0.006591, 0.012295
15.500165, -0.015424, -0.018642, 0.007945
15.520165, -0.021772, -0.030338, 0.005326
15.540166, -0.013227, -0.027986, 0.010298
15.560166, -0.003773, -0.021883, 0.017932
15.580167, -0.000044, -0.016024, 0.029783
15.600167, -0.003174, -0.019796, 0.035287
15.620168, -0.001665, -0.021061, 0.041457
15.640168, 0.002619, -0.019464, 0.045252
15.660169, -0.004416, -0.020507, 0.033334
15.680169, -0.009632, -0.021283, 0.022415
15.700170, 0.000200, -0.010941, 0.025256
15.720170, 0.021794, 0.006125, 0.036508
15.740170, 0.026077, 0.004195, 0.033911
15.760171, 0.011074, -0.013005, 0.019375
15.780171, 0.006081, -0.012806, 0.010786
15.800172, 0.014692, 0.004749, 0.009410
15.820172, 0.025234, 0.019708, 0.013516
15.840173, 0.021283, 0.017644, 0.009721
15.860173, 0.002530, -0.000666, -0.009299
15.880174, -0.001931, -0.009077, -0.018065
15.900174, 0.011141, 0.003063, -0.010076
15.920175, 0.027786, 0.025811, 0.002996
15.940175, 0.021705, 0.027875, 0.012251
15.960176, -0.003573, 0.006259, 0.004172
15.980176, -0.019242, -0.013715, -0.005016
16.000175, 0.002064, -0.000932, 0.012295
16.020176, 0.026122, 0.024191, 0.035620
16.040176, 0.016135, 0.023125, 0.030871
16.060177, -0.007790, 0.003262, 0.010231
16.080177, -0.020484, -0.010808, -0.004283
16.100178, -0.006347, 0.000666, -0.004949
16.120178, 0.015957, 0.022038, 0.002352
16.140179, 0.021061, 0.028785, 0.007834
16.160179, 0.003373, 0.012894, -0.001465
16.180180, -0.016024, -0.009432, -0.017732
16.200180, -0.000244, -0.001576, -0.008833
16.220181, 0.023747, 0.021372, 0.010631
16.240181, 0.023547, 0.025522, 0.017377
16.260181, 0.004505, 0.009854, 0.009388
16.280182, -0.006281, -0.001687, 0.002219
16.300182, 0.002730, 0.009521, 0.008833
16.320183, 0.011851, 0.022637, 0.014048
16.340183, 0.008611, 0.020440, 0.010497
16.360184, -0.004039, 0.008611, -0.002219
16.380184, -0.012473, -0.005016, -0.012029
16.400185, -0.003529, 0.000755, -0.006924
16.420185, 0.006103, 0.011896, 0.001487
16.440186, 0.005792, 0.017355, 0.002597
16.460186, 0.002708, 0.017954, 0.000888
16.480186, -0.008678, 0.011252, -0.009543
16.500187, -0.019708, 0.004550, -0.024213
16.520187, -0.014115, 0.007257, -0.028385
16.540188, -0.002996, 0.012428, -0.022682
16.560188, 0.000466, 0.006125, -0.018776
16.580189, -0.013360, -0.013272, -0.037018
16.600189, -0.020751, -0.019752, -0.050179
16.620190, -0.016800, -0.013027, -0.052465
16.640190, -0.009210, -0.001909, -0.050912
16.660191, -0.011141, -0.004350, -0.056859
16.680191, -0.024169, -0.015846, -0.066025
16.700191, -0.024324, -0.017799, -0.058812
16.720192, -0.017422, -0.014670, -0.046650
16.740192, -0.030360, -0.029917, -0.047427
16.760193, -0.044054, -0.042722, -0.046828
16.780193, -0.040569, -0.040791, -0.035665
16.800194, -0.020928, -0.024812, -0.014048
16.820194, -0.016911, -0.024635, -0.006591
16.840195, -0.031670, -0.037596, -0.013671
16.860195, -0.036752, -0.035842, -0.013183
16.880196, -0.029340, -0.019819, -0.002619
16.900196, -0.020041, -0.007745, 0.002463
16.920197, -0.020684, -0.010697, -0.001332
16.940197, -0.027919, -0.024257, -0.010076
16.960197, -0.032469, -0.031026, -0.018065
16.980198, -0.021239, -0.018709, -0.009765
17.000198, -0.003240, -0.004572, 0.007524
17.020199, 0.001332, -0.001753, 0.015313
17.040199, -0.019308, -0.023236, -0.004372
17.060200, -0.024879, -0.029007, -0.016667
17.080200, -0.013405, -0.013538, -0.012517
17.100201, -0.002352, -0.001265, -0.002086
17.120201, -0.010631, -0.010209, -0.003018
17.140202, -0.028585, -0.028763, -0.015757
17.160202, -0.029162, -0.026699, -0.017622
17.180202, -0.005770, -0.005038, 0.000244
17.200203, 0.008544, 0.007590, 0.015779
17.220203, -0.006059, -0.008988, 0.008123
17.240204, -0.026721, -0.026898, -0.006281
17.260204, -0.022726, -0.016734, -0.004860
17.280205, -0.003551, 0.000377, 0.000333
17.300205, 0.001798, -0.003085, -0.000599
17.320206, -0.004172, -0.016179, -0.004261
17.340206, -0.009388, -0.020373, -0.005726
17.360207, -0.003751, -0.011163, 0.001243
17.380207, 0.009588, -0.000777, 0.014736
17.400208, 0.007590, -0.004150, 0.016911
17.420208, -0.004039, -0.015846, 0.017355
17.440208, -0.010653, -0.019308, 0.013693
17.460209, 0.002685, -0.004949, 0.020973
17.480209, 0.014914, 0.007834, 0.026321
17.500210, 0.014914, 0.005016, 0.025833
17.520210, 0.007457, -0.006880, 0.016911
17.540211, -0.001820, -0.014825, 0.005992
17.560211, -0.000621, -0.009965, 0.000488
17.580212, 0.008212, 0.003484, 0.007035
17.600212, 0.017644, 0.013161, 0.017932
17.620213, 0.009588, 0.006769, 0.016667
17.640213, 0.004527, 0.004927, 0.018487
17.660213, 0.003507, 0.004971, 0.020662
17.680214, 0.005016, 0.007546, 0.018376
17.700214, 0.007146, 0.011563, 0.016911
17.720215, 0.009543, 0.013227, 0.017666
17.740215, 0.005193, 0.006347, 0.012073
17.760216, -0.003351, -0.004283, 0.001909
17.780216, -0.001420, -0.000444, 0.000666
17.800217, 0.013138, 0.016246, 0.009366
17.820217, 0.014448, 0.017466, 0.007923
17.840218, -0.003373, -0.001065, -0.004616
17.860218, -0.013516, -0.009388, -0.009255
17.880219, -0.002796, 0.006414, 0.001176
17.900219, 0.015291, 0.025611, 0.017311
17.920219, 0.016556, 0.022526, 0.019131
17.940220, 0.014537, 0.016667, 0.019863
17.960220, 0.003573, 0.006991, 0.013715
17.980221, -0.000710, 0.005393, 0.010298
18.000221, 0.001997, 0.006458, 0.007346
18.020222, 0.005415, 0.005393, 0.005460
18.040222, 0.008611, 0.005193, 0.002508
18.060223, 0.007879, 0.006658, -0.001132
18.080223, 0.008345, 0.014026, -0.001642
18.100224, 0.004239, 0.010209, -0.006858
18.120224, -0.004217, -0.003484, -0.012806
18.140224, -0.006702, -0.010031, -0.009965
18.160225, -0.003884, -0.003884, -0.003928
18.180225, 0.002907, 0.011496, 0.007635
18.200226, -0.002397, 0.011030, 0.003973
18.220226, -0.016379, -0.002219, -0.013249
18.240227, -0.024746, -0.010431, -0.025944
18.260227, -0.012406, 0.001820, -0.026454
18.280228, 0.009410, 0.014692, -0.024790
18.300228, 0.007390, 0.004527, -0.034466
18.320229, -0.013693, -0.014004, -0.051289
18.340229, -0.031248, -0.021994, -0.062519
18.360229, -0.027941, -0.014492, -0.057836
18.380230, -0.013804, -0.003684, -0.046362
18.400230, -0.010520, -0.004816, -0.041324
18.420231, -0.023236, -0.018110, -0.043210
18.440231, -0.032136, -0.027742, -0.038794
18.460232, -0.026943, -0.022904, -0.027941
18.480232, -0.013715, -0.008456, -0.011141
18.500233, -0.009299, -0.002952, 0.000732
18.520233, -0.025855, -0.020595, -0.006702
18.540234, -0.048071, -0.045896, -0.028407
18.560234, -0.042656, -0.040170, -0.030915
18.580235, -0.014293, -0.010764, -0.013671
18.600235, 0.002819, 0.005548, 0.002175
18.620235, -0.010342, -0.007546, -0.007568
18.640236, -0.029384, -0.026965, -0.021239
18.660236, -0.030205, -0.027609, -0.019552
18.680237, -0.018376, -0.017422, -0.011718
18.700237, -0.006236, -0.010941, -0.002530
18.720238, -0.000866, -0.011341, 0.003640
18.740238, -0.005504, -0.014315, 0.005704
18.760239, -0.022393, -0.023991, -0.005127
18.780239, -0.030871, -0.024901, -0.013027
18.800240, -0.016689, -0.013449, -0.008078
18.820240, 0.002819, -0.006569, 0.001087
18.840240, 0.001154, -0.018376, -0.005415
18.860241, -0.016667, -0.029428, -0.011097
18.880241, -0.024368, -0.025900, -0.012561
18.900242, -0.011407, -0.007590, -0.005571
18.920242, 0.004661, 0.010187, -0.001198
18.940243, -0.000155, 0.005815, -0.008101
18.960243, -0.012206, -0.004838, -0.015269
18.980244, -0.014470, -0.007191, -0.015447
19.000244, -0.011074, -0.007879, -0.010142
19.020245, -0.010875, -0.010342, -0.008922
19.040245, -0.012384, -0.010031, -0.008367
19.060246, -0.011984, -0.010986, -0.007768
19.080246, -0.008323, -0.008345, -0.003196
19.100246, -0.006103, -0.009654, 0.001021
19.120247, -0.004261, -0.012029, 0.005304
19.140247, -0.001087, -0.010031, 0.014847
19.160248, 0.006991, -0.003196, 0.031293
19.180248, 0.008789, -0.003662, 0.035065
19.200249, 0.015713, 0.001309, 0.042878
19.220249, 0.007124, -0.006569, 0.034888
19.240250, -0.013738, -0.023481, 0.011252
19.260250, -0.020906, -0.024124, -0.002974
19.280251, 0.001154, -0.000422, 0.007435
19.300251, 0.027098, 0.022504, 0.021172
19.320251, 0.024124, 0.015535, 0.019441
19.340252, 0.000999, -0.007235, 0.011474
19.360252, -0.004971, -0.009920, 0.010853
19.380253, 0.003174, 0.002042, 0.010631
19.400253, 0.010986, 0.009432, 0.010631
19.420254, 0.017178, 0.012739, 0.010187
19.440254, 0.009765, 0.005659, 0.002308
19.460255, -0.003906, -0.006569, -0.006858
19.480255, -0.006259, -0.008988, -0.008922
19.500256, 0.002264, 0.002352, -0.004217
19.520256, 0.006259, 0.007590, -0.004084
19.540257, 0.005482, 0.006414, -0.007413
19.560257, 0.002597, 0.002264, -0.010409
19.580257, -0.005992, -0.003418, -0.009854
19.600258, -0.006458, -0.001021, -0.003973
19.620258, 0.007568, 0.014470, 0.012317
19.640259, 0.015668, 0.024235, 0.023059
19.660259, 0.003551, 0.010964, 0.016312
19.680260, -0.010475, -0.007124, 0.003151
19.700260, -0.014514, -0.014981, -0.002020
19.720261, 0.003773, 0.004128, 0.011052
19.740261, 0.023325, 0.025323, 0.026721
19.760262, 0.026277, 0.028740, 0.030139
19.780262, 0.005238, 0.008078, 0.016800
19.800262, -0.011629, -0.010187, 0.001443
19.820263, -0.005082, -0.004328, 0.003706
19.840263, 0.013560, 0.014093, 0.010875
19.860264, 0.010564, 0.011652, 0.002242
19.880264, -0.009876, -0.004638, -0.012517
19.900265, -0.017333, -0.007701, -0.015424
19.920265, -0.015624, -0.004017, -0.012628
19.940266, -0.010009, 0.003129, -0.007879
19.960266, -0.007879, 0.001087, -0.009121
19.980267, -0.010586, -0.006014, -0.017333
20.000267, -0.016490, -0.008256, -0.025300
20.020267, -0.012118, 0.002463, -0.023592
20.040268, -0.010298, 0.007812, -0.022060
20.060268, -0.012273, 0.002197, -0.029783
20.080269, -0.019974, -0.009632, -0.045075
20.100269, -0.021306, -0.013960, -0.056371
20.120270, -0.011829, -0.005082, -0.055594
20.140270, -0.002841, 0.004971, -0.050046
20.160271, -0.009166, -0.002153, -0.049558
20.180271, -0.028474, -0.025567, -0.057348
20.200272, -0.035598, -0.036086, -0.057747
20.220272, -0.025278, -0.024146, -0.043210
20.240273, -0.016911, -0.012095, -0.026765
20.260273, -0.018909, -0.012894, -0.017266
20.280273, -0.034289, -0.031337, -0.019597
20.300274, -0.040303, -0.039327, -0.015513
20.320274, -0.026255, -0.028097, -0.001531
20.340275, -0.012406, -0.015513, 0.010098
20.360275, -0.014093, -0.015868, 0.008900
20.380276, -0.024768, -0.027076, -0.001620
20.400276, -0.026543, -0.027919, -0.008855
20.420277, -0.024280, -0.026699, -0.017755
20.440277, -0.016246, -0.021172, -0.019619
20.460278, -0.005837, -0.010830, -0.017355
20.480278, -0.009543, -0.014448, -0.024324
20.500278, -0.024413, -0.029783, -0.037862
20.520279, -0.033689, -0.037618, -0.044653
20.540279, -0.024812, -0.026144, -0.035332
20.560280, -0.006569, -0.004949, -0.014980
20.580280, -0.011984, -0.000666, -0.004527
20.600281, -0.034555, -0.021350, -0.012295
20.620281, -0.038994, -0.029717, -0.008544
20.640282, -0.016379, -0.013294, 0.009121
20.660282, 0.000377, -0.003418, 0.016312
20.680283, -0.009876, -0.016623, 0.004439
20.700283, -0.016556, -0.030028, -0.004172
20.720284, -0.002153, -0.019086, 0.011363
20.740284, 0.009565, -0.000621, 0.030671
20.760284, -0.006414, -0.009366, 0.027786
20.780285, -0.016090, -0.014870, 0.024879
20.800285, -0.003706, -0.009277, 0.030627
20.820286, 0.007923, -0.003285, 0.029517
20.840286, 0.009654, -0.000599, 0.028763
20.860287, 0.001864, -0.003418, 0.024945
20.880287, -0.002819, -0.003906, 0.020840
20.900288, 0.009809, 0.004638, 0.022282
20.920288, 0.023791, 0.012628, 0.029806
20.940289, 0.019330, 0.008855, 0.029983
20.960289, 0.005016, -0.002197, 0.024169
20.980289, 0.006836, -0.000621, 0.030938
21.000290, 0.013471, 0.005215, 0.036464
21.020290, 0.021372, 0.011097, 0.037862
21.040291, 0.027786, 0.016689, 0.037396
21.060291, 0.018265, 0.009610, 0.026454
21.080292, 0.000555, -0.001731, 0.006125
21.100292, -0.009166, -0.007013, -0.011674
21.120293, 0.006347, 0.008167, -0.009854
21.140293, 0.024635, 0.025189, -0.000089
21.160294, 0.027919, 0.023813, 0.002219
21.180294, 0.008611, 0.002863, -0.012628
21.200294, -0.012317, -0.017000, -0.030183
21.220295, -0.004527, -0.006991, -0.023880
21.240295, 0.018420, 0.022216, -0.000178
21.260296, 0.026055, 0.033223, 0.016312
21.280296, 0.008367, 0.012118, 0.008744
21.300297, -0.014958, -0.013826, -0.004949
21.320297, -0.010453, -0.008078, -0.002219
21.340298, 0.015424, 0.023259, 0.013760
21.360298, 0.018376, 0.031626, 0.014936
21.380299, -0.004505, 0.004838, 0.001065
21.400299, -0.018465, -0.015868, -0.008988
21.420300, -0.002508, 0.000178, 0.005837
21.440300, 0.015535, 0.028274, 0.018864
21.460300, 0.001909, 0.021283, 0.004306
21.480301, -0.024346, -0.010830, -0.017666
21.500301, -0.026299, -0.023392, -0.026965
21.520302, -0.004550, -0.004439, -0.021195
21.540302, 0.010631, 0.018221, -0.015824
21.560303, -0.001087, 0.011585, -0.023924
21.580303, -0.020773, -0.008944, -0.033357
21.600304, -0.023148, -0.011740, -0.031004
21.620304, -0.010808, 0.008056, -0.019974
21.640305, -0.001065, 0.023081, -0.011208
21.660305, -0.011829, 0.010941, -0.019131
21.680305, -0.037840, -0.020595, -0.038905
21.700306, -0.039260, -0.026255, -0.041124
21.720306, -0.009410, 0.003329, -0.017133
21.740307, 0.006059, 0.017178, -0.004350
21.760307, -0.005526, 0.002486, -0.013005
21.780308, -0.032558, -0.026233, -0.032935
21.800308, -0.046806, -0.040259, -0.050157
21.820309, -0.021394, -0.016467, -0.047871
21.840309, 0.001198, 0.004883, -0.036686
21.860310, -0.005837, -0.010409, -0.045274
21.880310, -0.019575, -0.031115, -0.057436
21.900311, -0.026299, -0.034156, -0.058546
21.920311, -0.014759, -0.016556, -0.040547
21.940311, -0.004705, -0.006614, -0.022415
21.960312, -0.018199, -0.020884, -0.023880
21.980312, -0.039482, -0.040303, -0.035421
22.000313, -0.042167, -0.037884, -0.028230
22.020313, -0.022571, -0.016623, -0.013605
22.040314, -0.009543, -0.002819, -0.005437
22.060314, -0.022948, -0.017466, -0.015424
22.080315, -0.044120, -0.042722, -0.032491
22.100315, -0.036841, -0.041146, -0.026832
22.120316, -0.012251, -0.018376, -0.001753
22.140316, 0.001909, -0.001420, 0.016800
22.160316, -0.011008, -0.005326, 0.015646
22.180317, -0.027675, -0.013582, 0.004661
22.200317, -0.025456, -0.011607, 0.002752
22.220318, -0.011430, -0.010076, 0.001487
22.240318, -0.009521, -0.015114, -0.008189
22.260319, -0.017466, -0.021661, -0.018199
22.280319, -0.024568, -0.025345, -0.023370
22.300320, -0.027054, -0.026321, -0.027142
22.320320, -0.018842, -0.019219, -0.022948
22.340321, -0.004616, -0.007990, -0.005460
22.360321, -0.003928, -0.012118, 0.004927
22.380322, -0.013715, -0.025655, 0.004416
22.400322, -0.008300, -0.025900, 0.011940
22.420322, 0.012872, -0.006880, 0.033334
22.440323, 0.010187, -0.006392, 0.035887
22.460323, -0.001132, -0.012251, 0.029539
22.480324, 0.000977, -0.013005, 0.031048
22.500324, 0.006214, -0.010631, 0.038306
22.520325, 0.011518, -0.007457, 0.041812
22.540325, 0.005571, -0.012206, 0.040458
22.560326, 0.004772, -0.008988, 0.040325
22.580326, 0.009343, -0.000111, 0.038128
22.600327, 0.008900, 0.003817, 0.031115
22.620327, 0.010054, 0.006148, 0.024146
22.640327, 0.022171, 0.014825, 0.025722
22.660328, 0.025678, 0.017222, 0.020063
22.680328, 0.022171, 0.014692, 0.013804
22.700329, 0.017888, 0.012717, 0.009388
22.720329, 0.012894, 0.011319, 0.006480
22.740330, 0.013738, 0.010031, 0.006591
22.760330, 0.018953, 0.012095, 0.009410
22.780331, 0.021971, 0.015313, 0.016712
22.800331, 0.014226, 0.010542, 0.012140
22.820332, 0.001820, 0.001465, -0.000866
22.840332, -0.004195, -0.000821, -0.009077
22.860332, 0.008544, 0.013693, -0.003418
22.880333, 0.016689, 0.024879, 0.000555
22.900333, 0.009654, 0.017289, -0.004949
22.920334, -0.010320, -0.004017, -0.020884
22.940334, -0.010142, -0.005437, -0.021661
22.960335, 0.001509, 0.005437, -0.013893
22.980335, 0.007346, 0.013205, -0.009743
23.000336, -0.002619, 0.009343, -0.011407
23.020336, -0.011141, 0.003440, -0.010631
23.040337, -0.018598, -0.008323, -0.015358
23.060337, -0.001642, 0.001132, -0.007657
23.080338, 0.011652, 0.013227, -0.001620
23.100338, -0.006369, 0.001886, -0.014847
23.120338, -0.025655, -0.014914, -0.028807
23.140339, -0.027919, -0.017022, -0.031093
23.160339, -0.012561, -0.004994, -0.023481
23.180340, 0.004217, 0.008411, -0.015114
23.200340, -0.002441, 0.001731, -0.015957
23.220341, -0.025877, -0.019464, -0.022748
23.240341, -0.026743, -0.021661, -0.015269
23.260342, -0.009676, -0.008101, 0.003684
23.280342, -0.005748, -0.007146, 0.005548
23.300343, -0.022171, -0.021838, -0.010054
23.320343, -0.024635, -0.026477, -0.016845
23.340343, -0.007279, -0.008922, -0.002907
23.360344, -0.007457, -0.004461, -0.002108
23.380344, -0.023747, -0.017400, -0.014736
23.400345, -0.025167, -0.020085, -0.020973
23.420345, -0.016068, -0.010742, -0.016911
23.440346, -0.012894, -0.010964, -0.017377
23.460346, -0.010764, -0.011363, -0.015513
23.480347, -0.012162, -0.012606, -0.013205
23.500347, -0.019308, -0.017622, -0.014781
23.520348, -0.015779, -0.014714, -0.008478
23.540348, -0.012073, -0.012850, -0.005681
23.560349, -0.006525, -0.005770, -0.001509
23.580349, -0.004905, -0.005770, -0.002885
23.600349, -0.010808, -0.011141, -0.008234
23.620350, -0.011829, -0.012184, -0.009410
23.640350, -0.009721, -0.007901, -0.008611
23.660351, -0.004039, -0.000022, -0.001953
23.680351, -0.010342, -0.003418, -0.001620
23.700352, -0.019774, -0.012229, -0.002996
23.720352, -0.014492, -0.010009, 0.006525
23.740353, -0.003507, 0.000044, 0.016556
23.760353, 0.000843, 0.006636, 0.016223
23.780354, -0.006369, 0.002175, 0.008988
23.800354, -0.011319, -0.002841, 0.002907
23.820354, -0.010941, -0.005038, -0.001731
23.840355, -0.004727, -0.000777, -0.003440
23.860355, -0.003373, 0.000067, -0.002885
23.880356, -0.003706, -0.002952, -0.000732
23.900356, -0.002774, -0.006636, 0.001598
23.920357, 0.001021, -0.004683, 0.007479
23.940357, 0.003351, -0.000599, 0.012539
23.960358, -0.004638, -0.002197, 0.005171
23.980358, -0.005460, -0.001642, 0.002264
24.000359, 0.004838, 0.007945, 0.008300
24.020359, 0.005482, 0.008456, 0.003107
24.040359, -0.003174, 0.000577, -0.008034
24.060360, -0.006725, -0.005748, -0.015868
24.080360, -0.003995, -0.004372, -0.015979
24.100361, -0.001820, 0.001132, -0.015269
24.120361, -0.008833, -0.002197, -0.020973
24.140362, -0.013294, -0.005460, -0.021195
24.160362, -0.011097, -0.005371, -0.014648
24.180363, -0.005127, -0.001465, -0.006747
24.200363, -0.001221, 0.000067, -0.002752
24.220364, -0.009920, -0.008345, -0.003773
24.240364, -0.014226, -0.011296, -0.001576
24.260365, -0.011762, -0.007368, 0.001997
24.280365, -0.008234, -0.006259, 0.002752
24.300365, -0.001398, -0.002552, 0.007745
24.320366, -0.002352, -0.005149, 0.008766
24.340366, -0.007368, -0.010520, 0.003973
24.360367, -0.003684, -0.006303, 0.002730
24.380367, 0.003218, -0.000244, -0.000355
24.400368, 0.006081, -0.001465, -0.005970
24.420368, -0.001775, -0.009299, -0.016712
24.440369, -0.010276, -0.014736, -0.026366
24.460369, -0.003573, -0.006014, -0.020951
24.480370, 0.004261, -0.000577, -0.016268
24.500370, -0.009765, -0.013560, -0.025323
24.520370, -0.020196, -0.022526, -0.030738
24.540371, -0.016734, -0.016490, -0.023658
24.560371, -0.009255, -0.004883, -0.012739
24.580372, -0.001820, 0.001154, -0.001775
24.600372, -0.006791, -0.005770, -0.003529
24.620373, -0.018088, -0.016157, -0.010919
24.640373, -0.012051, -0.011807, -0.005504
24.660374, -0.009698, -0.009477, -0.003240
24.680374, -0.005948, -0.006214, -0.001309
24.700375, -0.006125, -0.006614, -0.000621
24.720375, -0.007745, -0.010076, -0.000755
24.740376, -0.008478, -0.014670, -0.001420
24.760376, -0.004172, -0.013205, 0.004328
24.780376, 0.001576, -0.006037, 0.016734
24.800377, -0.008411, -0.011940, 0.020218
24.820377, -0.018842, -0.019508, 0.019330
24.840378, -0.013538, -0.011629, 0.022548
24.860378, 0.000688, 0.000266, 0.023836
24.880379, 0.008145, 0.006037, 0.021528
24.900379, 0.001065, -0.002264, 0.009920
24.920380, -0.008589, -0.011385, -0.001931
24.940380, -0.006303, -0.005748, -0.005460
24.960381, 0.005637, 0.006259, -0.001287
24.980381, 0.011896, 0.011030, 0.005371
25.000381, -0.003262, -0.004061, -0.004128
25.020382, -0.012983, -0.014137, -0.009943
25.040382, 0.004172, -0.001953, 0.007368
25.060383, 0.019131, 0.011097, 0.021394
25.080383, 0.008700, 0.006369, 0.014381
25.100384, -0.006325, -0.003640, 0.002663
25.120384, -0.009321, -0.004394, 0.000555
25.140385, 0.004128, 0.005171, 0.005903
25.160385, 0.009232, 0.007923, -0.000044
25.180386, 0.003573, 0.001531, -0.009033
25.200386, -0.009676, -0.009099, -0.017222
25.220387, -0.011918, -0.007768, -0.015091
25.240387, -0.007723, -0.001731, -0.011585
25.260387, -0.002952, 0.001354, -0.010542
25.280388, -0.006148, -0.002131, -0.012628
25.300388, -0.015469, -0.011296, -0.019597
25.320389, -0.015469, -0.011319, -0.017178
25.340389, -0.010697, -0.003817, -0.014137
25.360390, -0.011607, -0.002863, -0.015779
25.380390, -0.013649, -0.007279, -0.019663
25.400391, -0.013294, -0.013227, -0.021749
25.420391, -0.000599, -0.004860, -0.013272
25.440392, 0.006880, 0.002131, -0.001531
25.460392, -0.004350, -0.000577, 0.001332
25.480392, -0.014293, -0.006503, 0.000044
25.500393, -0.017466, -0.009876, -0.005104
25.520393, -0.002508, -0.001487, 0.001864
25.540394, -0.007812, -0.012095, -0.008078
25.560394, -0.020773, -0.021616, -0.016423
25.580395, -0.014714, -0.012473, -0.013960
25.600395, -0.008966, -0.002574, -0.014980
25.620396, -0.000977, 0.007390, -0.013782
25.640396, 0.002996, 0.010120, -0.011585
25.660397, -0.010675, -0.008544, -0.018665
25.680397, -0.019841, -0.025189, -0.022593
25.700397, -0.010608, -0.016246, -0.008789
25.720398, 0.004794, 0.004572, 0.007612
25.740398, -0.001154, 0.001576, 0.002819
25.760399, -0.034932, -0.030272, -0.026588
25.780399, -0.043455, -0.034866, -0.034289
25.800400, -0.018332, -0.010897, -0.012539
25.820400, 0.010031, 0.010586, 0.014514
25.840401, 0.008101, 0.008189, 0.024501
25.860401, -0.014226, -0.013272, 0.021461
25.880402, -0.026588, -0.030094, 0.015979
25.900402, -0.011385, -0.013715, 0.024635
25.920403, 0.007124, 0.009099, 0.024790
25.940403, 0.007568, 0.014781, 0.012051
25.960403, -0.004661, 0.001198, -0.003618
25.980404, -0.009299, -0.002597, -0.010187
26.000404, -0.005593, 0.002930, -0.010653
26.020405, -0.004661, 0.001443, -0.012783
26.040405, 0.000866, 0.001642, -0.012695
26.060406, 0.006259, 0.005593, -0.007302
26.080406, 0.002219, 0.000399, -0.002619
26.100407, -0.005437, -0.009565, -0.005349
26.120407, -0.011652, -0.014315, -0.013982
26.140408, -0.001576, -0.005238, -0.008145
26.160408, 0.003817, 0.000777, -0.004505
26.180408, -0.003063, -0.002530, -0.008655
26.200409, -0.003396, -0.004794, -0.005792
26.220409, -0.004394, -0.007346, -0.004883
26.240410, -0.006680, -0.007790, -0.009343
26.260410, -0.000755, -0.000222, -0.006303
26.280411, -0.005038, -0.001775, -0.011674
26.300411, -0.021572, -0.018265, -0.025944
26.320412, -0.025434, -0.025744, -0.035665
26.340412, -0.016268, -0.013804, -0.034000
26.360413, -0.004949, 0.001332, -0.025456
26.380413, -0.002841, 0.005970, -0.018909
26.400414, -0.012295, -0.002841, -0.019286
26.420414, -0.020484, -0.015358, -0.014048
26.440414, -0.014448, -0.017111, -0.001997
26.460415, -0.006702, -0.007057, 0.008966
26.480415, -0.002131, 0.003107, 0.013782
26.500416, -0.012850, -0.006192, 0.004594
26.520416, -0.030294, -0.028918, -0.013050
26.540417, -0.024901, -0.024657, -0.014559
26.560417, 0.005881, 0.006037, 0.006991
26.580418, 0.024302, 0.021217, 0.020484
26.600418, 0.008478, 0.004261, 0.011696
26.620419, -0.018887, -0.020573, -0.005082
26.640419, -0.024346, -0.023059, -0.012384
26.660419, -0.002863, -0.000977, -0.001198
26.680420, 0.016445, 0.013849, 0.005748
26.700420, 0.014803, 0.009987, 0.007657
26.720421, -0.009010, -0.009565, 0.004461
26.740421, -0.021905, -0.020551, 0.005371
26.760422, -0.011452, -0.010231, 0.014648
26.780422, 0.002552, 0.005482, 0.018842
26.800423, -0.000954, 0.007168, 0.013005
26.820423, -0.011563, -0.006436, -0.003396
26.840424, -0.013782, -0.009721, -0.011762
26.860424, -0.000067, -0.001176, -0.006059
26.880424, 0.010076, 0.011185, 0.002685
26.900425, 0.000999, 0.003440, -0.000266
26.920425, -0.007524, -0.005282, -0.002042
26.940426, -0.003906, -0.002153, -0.000533
26.960426, 0.003373, -0.000799, -0.002308
26.980427, 0.006902, -0.000910, -0.006458
27.000427, 0.001642, -0.004772, -0.009965
27.020428, -0.009477, -0.014226, -0.014381
27.040428, -0.009943, -0.013316, -0.014426
27.060429, 0.000932, -0.000555, -0.008722
27.080429, 0.004572, 0.002375, -0.008056
27.100430, -0.012828, -0.013560, -0.018199
27.120430, -0.021550, -0.021772, -0.023614
27.140430, -0.013027, -0.010386, -0.018509
27.160431, 0.002308, 0.009410, -0.012184
27.180431, 0.001798, 0.010098, -0.013427
27.200432, -0.020551, -0.012961, -0.025212
27.220432, -0.034821, -0.030605, -0.031448
27.240433, -0.024501, -0.022992, -0.021661
27.260433, -0.004860, -0.005282, -0.007635
27.280434, 0.000311, 0.002330, 0.000510
27.300434, -0.006347, -0.001576, 0.005415
27.320435, -0.010786, -0.005548, 0.009743
27.340435, -0.004727, -0.002486, 0.015824
27.360435, -0.002308, 0.001975, 0.019153
27.380436, -0.003551, 0.002530, 0.015180
27.400436, 0.000599, 0.003795, 0.010897
27.420437, 0.002863, 0.002574, 0.006614
27.440437, -0.011185, -0.010298, -0.008256
27.460438, -0.016112, -0.010808, -0.014514
27.480438, -0.007035, 0.000932, -0.010231
27.500439, 0.004572, 0.009610, -0.005282
27.520439, 0.002752, 0.001154, -0.010631
27.540440, -0.005704, -0.013960, -0.013760
27.560440, -0.006392, -0.015225, -0.011185
27.580441, -0.002708, -0.005948, -0.005149
27.600441, -0.004993, -0.004527, -0.005770
27.620441, -0.015091, -0.013249, -0.014071
27.640442, -0.021749, -0.020729, -0.021616
27.660442, -0.019464, -0.018598, -0.023392
27.680443, -0.005215, -0.002930, -0.016889
27.700443, 0.001065, 0.004949, -0.012273
27.720444, -0.013183, -0.007945, -0.020906
27.740444, -0.024901, -0.020751, -0.028230
27.760445, -0.016112, -0.014648, -0.019197
27.780445, 0.000089, 0.000222, -0.005482
27.800446, 0.006081, 0.005992, 0.001620
27.820446, 0.001065, -0.000710, 0.001509
27.840446, -0.005482, -0.003817, 0.000954
27.860447, -0.002641, 0.002463, 0.009454
27.880447, -0.002286, 0.007612, 0.014315
27.900448, -0.009144, 0.005149, 0.009477
27.920448, -0.013116, 0.001309, 0.005238
27.940449, -0.003373, 0.009121, 0.010653
27.960449, 0.007679, 0.013782, 0.012961
27.980450, 0.001753, 0.003085, -0.001687
28.000450, -0.014204, -0.013294, -0.019264
28.020451, -0.018798, -0.015069, -0.026321
28.040451, -0.009898, -0.003063, -0.023259
28.060452, -0.004772, 0.001065, -0.020396
28.080452, -0.015513, -0.012118, -0.027653
28.100452, -0.030338, -0.024657, -0.033423
28.120453, -0.029251, -0.019641, -0.028008
28.140453, -0.018021, -0.004106, -0.016911
28.160454, -0.013627, -0.000178, -0.015757
28.180454, -0.022437, -0.009632, -0.027364
28.200455, -0.029184, -0.016578, -0.034710
28.220455, -0.023503, -0.010675, -0.029983
28.240456, -0.017377, -0.007390, -0.018132
28.260456, -0.017044, -0.013449, -0.007879
28.280457, -0.017843, -0.013960, -0.000377
28.300457, -0.024146, -0.018642, 0.000289
28.320457, -0.025078, -0.019552, -0.001886
28.340458, -0.016312, -0.013427, 0.000999
28.360458, -0.009343, -0.011274, 0.001687
28.380459, -0.008167, -0.014137, 0.001309
28.400459, -0.009188, -0.016112, 0.002463
28.420460, -0.005615, -0.010875, 0.004860
28.440460, -0.002131, -0.006458, 0.007413
28.460461, -0.002685, -0.008300, 0.007501
28.480461, -0.008722, -0.016356, 0.004461
28.500462, -0.008678, -0.017932, 0.004727
28.520462, 0.001753, -0.011008, 0.013449
28.540462, 0.010231, -0.003706, 0.022216
28.560463, 0.008411, -0.006813, 0.024368
28.580463, 0.007102, -0.012894, 0.025278
28.600464, 0.012672, -0.010031, 0.028407
28.620464, 0.021061, -0.001376, 0.034244
28.640465, 0.023569, 0.004017, 0.035598
28.660465, 0.015291, -0.003462, 0.026055
28.680466, 0.006658, -0.012051, 0.016179
28.700466, 0.010453, -0.004905, 0.021283
28.720467, 0.018554, 0.006125, 0.024768
28.740467, 0.018154, 0.008678, 0.017133
28.760468, 0.010919, 0.005171, 0.007435
28.780468, 0.002819, -0.001065, -0.002597
28.800468, 0.000111, -0.003839, -0.007812
28.820469, 0.005859, -0.002219, -0.012761
28.840469, 0.011008, -0.000977, -0.015668
28.860470, 0.018398, 0.006747, -0.007834
28.880470, 0.019286, 0.011762, -0.001021
28.900471, 0.005726, -0.000488, -0.002885
28.920471, -0.002042, -0.007568, 0.002663
28.940472, -0.000710, -0.007657, 0.011829
28.960472, 0.005193, 0.000533, 0.016956
28.980473, 0.007901, 0.010830, 0.020618
29.000473, -0.002508, 0.005060, 0.006148
29.020473, -0.010919, -0.003973, -0.008323
29.040474, -0.004439, -0.001665, -0.012850
29.060474, 0.006747, 0.006836, -0.009721
29.080475, 0.005792, 0.003839, -0.012251
29.100475, -0.006725, -0.004261, -0.017999
29.120476, -0.020152, -0.013005, -0.025189
29.140476, -0.018509, -0.012761, -0.024257
29.160477, -0.004061, -0.001198, -0.012939
29.180477, 0.006281, 0.009610, -0.000089
29.200478, -0.005571, -0.001576, -0.003107
29.220478, -0.021039, -0.018199, -0.011008
29.240479, -0.011430, -0.008966, -0.001287
29.260479, 0.005215, 0.010608, 0.009277
29.280479, 0.001176, 0.013516, 0.000422
29.300480, -0.020906, -0.009144, -0.017200
29.320480, -0.033512, -0.028496, -0.028940
29.340481, -0.014936, -0.010631, -0.012939
29.360481, 0.006902, 0.014359, 0.005770
29.380482, -0.005060, 0.002907, -0.001243
29.400482, -0.029251, -0.019086, -0.016667
29.420483, -0.032247, -0.022682, -0.019020
29.440483, -0.005349, 0.003706, -0.000510
29.460484, 0.014071, 0.022016, 0.010653
29.480484, 0.001509, 0.010897, -0.000888
29.500484, -0.028696, -0.013871, -0.021505
29.520485, -0.040126, -0.020595, -0.028341
29.540485, -0.025500, -0.002352, -0.020218
29.560486, -0.011274, 0.011563, -0.014137
29.580486, -0.012717, 0.007723, -0.016867
29.600487, -0.026321, -0.007124, -0.032535
29.620487, -0.035354, -0.019730, -0.047760
29.640488, -0.027165, -0.010298, -0.048160
29.660488, -0.016090, 0.004239, -0.042767
29.680489, -0.005748, 0.012939, -0.028718
29.700489, -0.015047, -0.001953, -0.028696
29.720490, -0.026743, -0.019952, -0.032003
29.740490, -0.021328, -0.021439, -0.028518
29.760490, -0.016090, -0.016556, -0.028874
29.780491, -0.014514, -0.010719, -0.024701
29.800491, -0.019064, -0.012783, -0.021905
29.820492, -0.028718, -0.023902, -0.025167
29.840492, -0.025900, -0.028230, -0.027675
29.860493, -0.017488, -0.020351, -0.024923
29.880493, -0.008700, -0.008212, -0.015091
29.900494, -0.018598, -0.018176, -0.014892
29.920494, -0.027964, -0.028918, -0.016601
29.940495, -0.017977, -0.022016, -0.009343
29.960495, -0.010431, -0.013360, -0.004661
29.980495, -0.015136, -0.016001, -0.011940
30.000496, -0.019153, -0.016778, -0.014714
30.020496, -0.009321, -0.006059, -0.003950
30.040497, -0.005859, -0.003906, 0.003640
30.060497, -0.011585, -0.014270, 0.006125
30.080498, -0.017222, -0.020595, 0.006525
30.100498, -0.020884, -0.021572, 0.001531
30.120499, -0.020196, -0.023525, -0.003595
30.140499, -0.008478, -0.019619, 0.001065
30.160500, 0.004638, -0.010941, 0.009454
30.180500, 0.004084, -0.010830, 0.009499
30.200500, -0.003063, -0.017910, 0.005104
30.220501, 0.002774, -0.015580, 0.009343
30.240501, 0.014403, -0.004505, 0.022060
30.260502, 0.013205, -0.005304, 0.024679
30.280502, -0.002020, -0.009898, 0.018753
30.300503, -0.003484, -0.005770, 0.019974
30.320503, 0.012295, 0.006192, 0.029606
30.340504, 0.017755, 0.007657, 0.029317
30.360504, 0.015313, 0.004150, 0.025034
30.380505, 0.014071, 0.003906, 0.021283
30.400505, 0.010342, 0.000843, 0.013005
30.420506, 0.012384, 0.002175, 0.010764
30.440506, 0.011829, 0.005215, 0.010054
30.460506, 0.007524, 0.002530, 0.009033
30.480507, 0.000333, -0.003373, 0.003640
30.500507, 0.003063, -0.000422, -0.000688
30.520508, 0.007635, 0.004505, -0.001043
30.540508, 0.011452, 0.012362, 0.009521
30.560509, 0.002197, 0.006037, 0.014381
30.580509, -0.008722, -0.004239, 0.011252
30.600510, -0.012029, -0.007967, 0.007257
30.620510, -0.000510, -0.000222, 0.012339
30.640511, 0.012140, 0.011208, 0.019930
30.660511, 0.005060, 0.005326, 0.011896
30.680511, -0.007524, -0.003262, 0.002663
30.700512, -0.006658, -0.000688, 0.001665
30.720512, 0.001931, 0.005171, 0.000910
30.740513, 0.004505, 0.005615, -0.002197
30.760513, -0.002574, -0.001598, -0.006059
30.780514, -0.002552, 0.001820, -0.004172
30.800514, 0.000821, 0.009144, 0.004084
30.820515, 0.005504, 0.011962, 0.012206
30.840515, 0.002086, 0.004239, 0.010675
30.860516, -0.004749, -0.008389, -0.004816
30.880516, -0.004550, -0.009854, -0.015291
30.900517, -0.002042, -0.005082, -0.018997
30.920517, -0.001043, 0.000266, -0.018997
30.940517, -0.001376, 0.004195, -0.016223
30.960518, -0.003418, 0.003396, -0.017688
30.980518, -0.011896, -0.006170, -0.024501
31.000519, -0.017511, -0.011363, -0.025611
31.020519, -0.012007, -0.008855, -0.019552
31.040520, 0.001665, 0.003285, -0.005349
31.060520, 0.007834, 0.007901, 0.003618
31.080521, 0.001709, 0.000732, 0.005082
31.100521, -0.000111, -0.001487, 0.009277
31.120522, 0.003018, 0.003285, 0.012695
31.140522, -0.000133, 0.003262, 0.007435
31.160522, -0.003773, 0.000977, 0.001531
31.180523, -0.003728, 0.000178, -0.000732
31.200523, -0.003839, -0.000555, -0.003174
31.220524, -0.006969, -0.003307, -0.008789
31.240524, -0.009121, -0.005903, -0.009632
31.260525, -0.007501, -0.003151, -0.003751
31.280525, -0.008833, 0.000244, 0.003529
31.300526, -0.017932, -0.008988, 0.001332
31.320526, -0.020307, -0.011474, 0.000755
31.340527, -0.013205, -0.003351, 0.001221
31.360527, -0.006924, 0.004039, -0.002397
31.380527, -0.013715, 0.000732, -0.017244
31.400528, -0.025855, -0.006836, -0.035354
31.420528, -0.022748, -0.005016, -0.037973
31.440529, -0.016445, -0.004794, -0.041901
31.460529, -0.021084, -0.012917, -0.055639
31.480530, -0.027187, -0.018709, -0.063784
31.500530, -0.020329, -0.010364, -0.057658
31.520531, -0.014803, -0.007723, -0.052110
31.540531, -0.018221, -0.014093, -0.050024
31.560532, -0.025323, -0.024635, -0.046184
31.580532, -0.035443, -0.037218, -0.045075
31.600533, -0.031537, -0.032203, -0.030028
31.620533, -0.019619, -0.020018, -0.007435
31.640533, -0.008678, -0.012362, 0.008478
31.660534, -0.014403, -0.019530, 0.004727
31.680534, -0.024568, -0.027165, -0.008123
31.700535, -0.037218, -0.038372, -0.026654
31.720535, -0.031625, -0.034932, -0.029406
31.740536, -0.012362, -0.016312, -0.018332
31.760536, -0.004794, -0.006658, -0.008966
31.780537, -0.020418, -0.015136, -0.010298
31.800537, -0.029295, -0.021572, -0.012517
31.820538, -0.025877, -0.018620, -0.009166
31.840538, -0.017622, -0.012561, -0.002996
31.860538, -0.015757, -0.014980, -0.004594
31.880539, -0.010586, -0.008877, 0.001176
31.900539, -0.007790, -0.008367, 0.002308
31.920540, -0.008478, -0.014781, -0.001487
31.940540, -0.013294, -0.018798, -0.009876
31.960541, -0.016068, -0.018443, -0.009898
31.980541, -0.015247, -0.020773, 0.000444
32.000542, -0.000333, -0.010764, 0.022193
32.020542, 0.000999, -0.009987, 0.026255
32.040543, -0.008323, -0.013849, 0.021106
32.060543, 0.001110, -0.005460, 0.028407
32.080544, 0.017422, 0.001975, 0.036774
32.100544, 0.021372, 0.004061, 0.038594
32.120544, 0.009787, -0.003928, 0.037995
32.140545, -0.000044, -0.005016, 0.039327
32.160545, 0.002463, 0.000022, 0.039815
32.180546, 0.018199, 0.007124, 0.044364
32.200546, 0.029562, 0.012406, 0.047161
32.220547, 0.020840, 0.006769, 0.033689
32.240547, 0.008611, 0.002064, 0.016068
32.260548, 0.014204, 0.013072, 0.014847
32.280548, 0.022682, 0.024746, 0.014714
32.300549, 0.017311, 0.018265, 0.005482
32.320549, 0.000666, 0.004061, -0.011363
32.340549, 0.004416, 0.008811, -0.010076
32.360550, 0.029007, 0.030316, 0.009166
32.380550, 0.023858, 0.023569, 0.003973
32.400551, 0.001110, 0.001775, -0.010564
32.420551, -0.014736, -0.017000, -0.023014
32.440552, -0.006059, -0.008811, -0.019131
32.460552, 0.007279, 0.010209, -0.007745
32.480553, 0.008234, 0.016556, -0.000222
32.500553, -0.002219, 0.006747, -0.002974
32.520554, -0.003862, -0.000022, -0.001620
32.540554, 0.010165, 0.012295, 0.013094
32.560555, 0.010542, 0.019353, 0.022593
32.580555, 0.002841, 0.013338, 0.021372
32.600555, -0.009454, -0.003285, 0.008433
32.620556, -0.004772, -0.002441, 0.006458
32.640556, 0.015247, 0.015180, 0.016534
32.660557, 0.022748, 0.021328, 0.020351
32.680557, 0.012339, 0.009920, 0.012406
32.700558, -0.001420, -0.002796, 0.002086
32.720558, -0.004661, -0.001820, -0.002663
32.740559, 0.001354, 0.008744, 0.002108
32.760559, -0.001909, 0.007368, -0.001132
32.780560, -0.021572, -0.012140, -0.020263
32.800560, -0.027364, -0.020973, -0.028940
32.820560, -0.004350, 0.002619, -0.013893
32.840561, 0.017444, 0.024923, 0.005593
32.860561, 0.010808, 0.009920, 0.001842
32.880562, -0.015180, -0.022460, -0.023947
32.900562, -0.031958, -0.032336, -0.049536
32.920563, -0.015824, -0.006525, -0.049691
32.940563, 0.009255, 0.027142, -0.037174
32.960564, 0.003063, 0.021816, -0.041280
32.980564, -0.027098, -0.019508, -0.064117
33.000565, -0.044653, -0.045874, -0.070331
33.020565, -0.027498, -0.027764, -0.049646
33.040565, -0.002419, 0.004794, -0.021084
33.060566, -0.008411, 0.004483, -0.015580
33.080566, -0.033845, -0.024501, -0.027142
33.100567, -0.048404, -0.048160, -0.034488
33.120567, -0.035509, -0.038284, -0.022815
33.140568, -0.007035, -0.007435, 0.001043
33.160568, -0.005393, -0.002597, 0.003773
33.180569, -0.032402, -0.027520, -0.015535
33.200569, -0.044143, -0.039393, -0.027142
33.220570, -0.026477, -0.025256, -0.020063
33.240570, -0.012473, -0.013605, -0.012473
33.260571, -0.014736, -0.017200, -0.013582
33.280571, -0.028252, -0.026033, -0.023991
33.300571, -0.031759, -0.028097, -0.028208
33.320572, -0.025678, -0.024746, -0.026632
33.340572, -0.008700, -0.015646, -0.015202
33.360573, -0.009432, -0.015558, -0.013538
33.380573, -0.025167, -0.027719, -0.019663
33.400574, -0.034333, -0.033623, -0.025034
33.420574, -0.031870, -0.026965, -0.022482
33.440575, -0.018287, -0.009787, -0.006414
33.460575, -0.004572, 0.000178, 0.009721
33.480576, -0.010076, -0.013760, 0.002930
33.500576, -0.021949, -0.026965, -0.009854
33.520576, -0.015691, -0.017555, -0.003684
33.540577, -0.000222, -0.002197, 0.010586
33.560577, 0.007168, 0.005038, 0.018598
33.580578, 0.002463, -0.002175, 0.019464
33.600578, -0.009321, -0.016290, 0.016467
33.620579, -0.016689, -0.021749, 0.012717
33.640579, -0.010653, -0.009077, 0.017755
33.660580, -0.002597, 0.001398, 0.020440
33.680580, -0.000200, -0.003884, 0.018931
33.700581, -0.003773, -0.018110, 0.010076
33.720581, -0.005260, -0.023214, 0.004261
33.740582, -0.001731, -0.014914, 0.002020
33.760582, 0.005615, -0.003507, 0.009499
33.780582, 0.007812, -0.000777, 0.016001
33.800583, 0.009410, 0.001354, 0.025167
33.820583, 0.009277, 0.000510, 0.030250
