t, x1_compfilter, x1_phiobs
0.000000, 0.722791, -0.000201
0.040000, 0.723103, -0.000387
0.060000, 0.722968, -0.000713
0.080000, 0.722585, -0.000777
0.100000, 0.722777, -0.000815
0.120000, 0.722591, -0.000871
0.140000, 0.722707, -0.000729
0.160000, 0.722639, -0.000621
0.180000, 0.723202, -0.000522
0.200000, 0.723100, -0.000460
0.220000, 0.723220, -0.000767
0.240000, 0.723354, -0.000635
0.260000, 0.723439, -0.000524
0.280000, 0.723267, -0.000627
0.300000, 0.723311, -0.000716
0.320000, 0.723238, -0.000591
0.340000, 0.722871, -0.000704
0.360000, 0.723306, -0.000785
0.380000, 0.723419, -0.000690
0.400000, 0.723545, -0.000767
0.420000, 0.723511, -0.000855
0.440000, 0.723913, -0.000885
0.460000, 0.723928, -0.000732
0.480000, 0.724306, -0.000644
0.500000, 0.724564, -0.000748
0.520000, 0.724332, -0.000840
0.540000, 0.724726, -0.000718
0.560000, 0.724895, -0.001011
0.600000, 0.724778, -0.001051
0.620000, 0.724926, -0.001285
0.640000, 0.724904, -0.001099
0.660000, 0.724477, -0.001128
0.680000, 0.724819, -0.000970
0.700000, 0.724950, -0.000819
0.720000, 0.725097, -0.000513
0.740000, 0.725325, -0.000649
0.760000, 0.725288, -0.000732
0.780000, 0.725334, -0.000628
0.800000, 0.725715, -0.000733
0.820000, 0.725933, -0.000833
0.840000, 0.725953, -0.001108
0.860000, 0.725615, -0.001130
0.880000, 0.725677, -0.001151
0.900000, 0.725719, -0.001182
0.920000, 0.725990, -0.001180
0.940000, 0.725697, -0.001168
0.960000, 0.725762, -0.000991
0.980000, 0.725771, -0.000837
1.000000, 0.725712, -0.000919
1.020000, 0.725781, -0.000990
1.040000, 0.725767, -0.000870
1.060000, 0.725826, -0.000770
1.080000, 0.725786, -0.000661
1.100000, 0.726061, -0.000772
1.120000, 0.726037, -0.000673
1.140000, 0.726122, -0.001171
1.159999, 0.725725, -0.001003
1.179999, 0.725392, -0.001055
1.199999, 0.725159, -0.001098
1.219999, 0.725282, -0.001339
1.239999, 0.725789, -0.001328
1.259999, 0.725851, -0.001130
1.279999, 0.725775, -0.001153
1.299999, 0.725605, -0.001175
1.319999, 0.725538, -0.001176
1.339999, 0.725583, -0.001203
1.359999, 0.725574, -0.001222
1.379999, 0.725663, -0.001222
1.399999, 0.725975, -0.001209
1.419999, 0.726163, -0.001400
1.439999, 0.726022, -0.001191
1.459999, 0.726188, -0.001205
1.479999, 0.726415, -0.001022
1.499999, 0.726255, -0.001064
1.519999, 0.725919, -0.001089
1.539999, 0.725668, -0.001132
1.559999, 0.725497, -0.001145
1.579999, 0.725318, -0.000976
1.599999, 0.725206, -0.000643
1.619999, 0.724962, -0.000752
1.639999, 0.725089, -0.000846
1.659999, 0.725200, -0.000743
1.679999, 0.725452, -0.000832
1.699999, 0.725560, -0.000920
1.719999, 0.725678, -0.000994
1.739999, 0.725400, -0.000870
1.759999, 0.725496, -0.000941
1.779999, 0.725379, -0.001018
1.799999, 0.725432, -0.001050
1.819999, 0.725449, -0.001103
1.839999, 0.725413, -0.001161
1.859999, 0.725484, -0.001379
1.879999, 0.725526, -0.001366
1.899999, 0.725251, -0.001361
1.919999, 0.725339, -0.001167
1.939999, 0.725216, -0.000993
1.959999, 0.725273, -0.001068
1.979999, 0.725402, -0.001123
1.999999, 0.725570, -0.001137
2.019999, 0.725728, -0.001179
2.039999, 0.725515, -0.001019
2.059999, 0.725427, -0.001070
2.079999, 0.725162, -0.001115
2.099999, 0.724940, -0.000976
2.119999, 0.724836, -0.001058
2.139999, 0.724689, -0.001095
2.159999, 0.724734, -0.001345
2.179999, 0.724859, -0.001346
2.199999, 0.724770, -0.001371
2.219999, 0.724845, -0.001366
2.239999, 0.725160, -0.001375
2.259999, 0.725329, -0.001554
2.279999, 0.725589, -0.001708
2.299999, 0.726038, -0.001623
2.319999, 0.725996, -0.001556
2.339998, 0.725974, -0.001505
2.359998, 0.726261, -0.001449
2.379998, 0.726132, -0.001205
2.399998, 0.725963, -0.001417
2.419998, 0.725874, -0.001381
2.439998, 0.726007, -0.001347
2.459998, 0.725717, -0.001320
2.479998, 0.726100, -0.001330
2.499998, 0.726060, -0.001333
2.519998, 0.726072, -0.001346
2.539998, 0.726273, -0.001147
2.559998, 0.726493, -0.000972
2.579998, 0.726596, -0.001037
2.599998, 0.726715, -0.000874
2.619998, 0.726525, -0.000925
2.639998, 0.726591, -0.000995
2.659998, 0.726510, -0.000881
2.679998, 0.726613, -0.000973
2.699998, 0.726656, -0.001035
2.719998, 0.726841, -0.000889
2.739998, 0.727202, -0.000951
2.759998, 0.727299, -0.001019
2.779998, 0.727211, -0.001081
2.799998, 0.727249, -0.001125
2.819998, 0.727583, -0.000967
2.839998, 0.727599, -0.001040
2.859998, 0.727884, -0.001107
2.879998, 0.727643, -0.001134
2.899998, 0.727581, -0.000969
2.919998, 0.727362, -0.001026
2.939998, 0.727148, -0.001092
2.959998, 0.726983, -0.001166
2.979998, 0.727039, -0.001201
2.999998, 0.727085, -0.001210
3.019998, 0.727287, -0.001258
3.039998, 0.727589, -0.001469
3.059998, 0.727706, -0.001453
3.079998, 0.727544, -0.001449
3.099998, 0.727228, -0.001233
3.119998, 0.727406, -0.001083
3.139998, 0.727257, -0.001335
3.159998, 0.727042, -0.001323
3.179998, 0.727132, -0.001127
3.199998, 0.727076, -0.000962
3.219998, 0.727033, -0.001029
3.239998, 0.727381, -0.001097
3.259998, 0.727330, -0.001133
3.279998, 0.727512, -0.001157
3.299998, 0.727429, -0.000984
3.319998, 0.727314, -0.000875
3.339998, 0.727423, -0.000769
3.359998, 0.727394, -0.000892
3.379997, 0.727718, -0.000990
3.399997, 0.727809, -0.001085
3.419997, 0.727798, -0.000981
3.439997, 0.727543, -0.000867
3.459997, 0.727730, -0.000772
3.479997, 0.727612, -0.000880
3.499997, 0.727794, -0.000978
3.519997, 0.727955, -0.001072
3.539997, 0.727701, -0.001115
3.559997, 0.727708, -0.001183
3.579997, 0.727577, -0.001199
3.599997, 0.727635, -0.001043
3.619997, 0.727654, -0.000902
3.639997, 0.727535, -0.000990
3.659997, 0.727585, -0.001033
3.679997, 0.727543, -0.001094
3.699997, 0.727606, -0.001142
3.719997, 0.727490, -0.001379
3.739997, 0.727261, -0.001184
3.759997, 0.727440, -0.001208
3.779997, 0.727536, -0.001042
3.799997, 0.727774, -0.001110
3.819997, 0.727412, -0.001145
3.839997, 0.727310, -0.001010
3.859997, 0.727236, -0.001273
3.879997, 0.726920, -0.001123
3.899997, 0.726801, -0.001202
3.919997, 0.726750, -0.001444
3.939997, 0.727036, -0.001252
3.959997, 0.727166, -0.001280
3.979997, 0.726933, -0.001287
3.999997, 0.726958, -0.001090
4.019997, 0.727005, -0.000966
4.039997, 0.727078, -0.000864
4.059997, 0.727198, -0.000962
4.079997, 0.727288, -0.000867
4.099997, 0.727571, -0.000770
4.119997, 0.727457, -0.000879
4.139997, 0.727420, -0.000797
4.159997, 0.727578, -0.000731
4.179997, 0.727877, -0.001038
4.199997, 0.727926, -0.001106
4.219997, 0.727820, -0.000964
4.239997, 0.727617, -0.001039
4.259997, 0.727577, -0.000927
4.279997, 0.727466, -0.001004
4.299997, 0.727319, -0.001088
4.319997, 0.727474, -0.001157
4.339997, 0.727203, -0.001225
4.359997, 0.727208, -0.001281
4.379997, 0.727038, -0.001284
4.399997, 0.727104, -0.001309
4.419997, 0.726906, -0.001528
4.439997, 0.726781, -0.001521
4.459997, 0.726897, -0.001501
4.479997, 0.726978, -0.001498
4.499997, 0.727265, -0.001462
4.519997, 0.727440, -0.001438
4.539997, 0.727528, -0.001426
4.559997, 0.727638, -0.001414
4.579997, 0.727862, -0.001199
4.599997, 0.727807, -0.001223
4.619997, 0.727751, -0.001256
4.639997, 0.727678, -0.001288
4.659997, 0.727618, -0.001301
4.679996, 0.727455, -0.001300
4.699996, 0.727508, -0.001125
4.719996, 0.727676, -0.000968
4.739996, 0.727919, -0.001046
4.759996, 0.727682, -0.001090
4.779996, 0.727484, -0.001170
4.799996, 0.727321, -0.001029
4.819996, 0.727521, -0.001307
4.839996, 0.727432, -0.001139
4.859996, 0.727281, -0.001182
4.879996, 0.727282, -0.001232
4.899996, 0.727365, -0.001262
4.919996, 0.727661, -0.001277
4.939996, 0.727642, -0.001289
4.959996, 0.727646, -0.001115
4.979996, 0.727691, -0.000964
4.999996, 0.727853, -0.001043
5.019996, 0.727995, -0.001102
5.039996, 0.727905, -0.000975
5.059996, 0.728176, -0.000868
5.079996, 0.728210, -0.000782
5.099996, 0.728131, -0.000914
5.119996, 0.728064, -0.001008
5.139996, 0.728439, -0.001304
5.159996, 0.728107, -0.001306
5.179996, 0.727862, -0.001324
5.199996, 0.727933, -0.001150
5.219996, 0.727730, -0.001208
5.239996, 0.727713, -0.001237
5.259996, 0.727546, -0.001465
5.279996, 0.727210, -0.001455
5.299996, 0.727160, -0.001459
5.319996, 0.727300, -0.001248
5.339996, 0.727534, -0.001290
5.359996, 0.727664, -0.001149
5.379996, 0.727933, -0.001006
5.399996, 0.727627, -0.001078
5.419996, 0.727823, -0.001130
5.439996, 0.727675, -0.000785
5.459996, 0.727818, -0.000896
5.479996, 0.727624, -0.001001
5.499996, 0.727664, -0.000897
5.519996, 0.727563, -0.000805
5.539996, 0.727661, -0.000922
5.559996, 0.727804, -0.001199
5.579996, 0.727761, -0.001254
5.599996, 0.727511, -0.001284
5.619996, 0.727637, -0.001308
5.639996, 0.727696, -0.001315
5.659996, 0.728083, -0.001151
5.679996, 0.727935, -0.001217
5.699996, 0.727992, -0.001265
5.719995, 0.727695, -0.001262
5.739995, 0.727697, -0.001312
5.759995, 0.727795, -0.001510
5.779995, 0.727965, -0.001306
5.799995, 0.727791, -0.001310
5.819995, 0.727808, -0.001329
5.839995, 0.727649, -0.001333
5.859995, 0.727800, -0.001171
5.879995, 0.727778, -0.001215
5.899995, 0.727959, -0.001225
5.919995, 0.728420, -0.001266
5.939995, 0.728261, -0.001108
5.959995, 0.728251, -0.000974
5.979995, 0.728440, -0.001060
5.999995, 0.728617, -0.000945
6.019995, 0.728463, -0.001041
6.039995, 0.728650, -0.001109
6.059995, 0.728668, -0.001162
6.079995, 0.728642, -0.001234
6.099995, 0.728419, -0.001276
6.119995, 0.728683, -0.001305
6.139995, 0.728756, -0.001319
6.159995, 0.728563, -0.001344
6.179995, 0.728693, -0.001363
6.199995, 0.728764, -0.001391
6.219995, 0.728673, -0.001392
6.239995, 0.728472, -0.001378
6.259995, 0.728795, -0.001373
6.279995, 0.729052, -0.001765
6.299995, 0.729179, -0.001492
6.319995, 0.729174, -0.001494
6.339995, 0.728967, -0.001284
6.359995, 0.728744, -0.001098
6.379995, 0.728616, -0.001157
6.399995, 0.728566, -0.001203
6.419995, 0.728220, -0.001244
6.439995, 0.728246, -0.001276
6.459995, 0.727916, -0.001282
6.479995, 0.727685, -0.001306
6.499995, 0.727770, -0.001508
6.519995, 0.727530, -0.001695
6.539995, 0.727374, -0.001446
6.559995, 0.727475, -0.001247
6.579995, 0.727694, -0.001251
6.599995, 0.727613, -0.001104
6.619995, 0.727400, -0.000961
6.639995, 0.727298, -0.001047
6.659995, 0.727474, -0.001113
6.679995, 0.727447, -0.001173
6.699995, 0.727527, -0.001232
6.719995, 0.727322, -0.001456
6.739995, 0.727502, -0.001259
6.759995, 0.727568, -0.001314
6.779994, 0.727368, -0.001347
6.799994, 0.727270, -0.001360
6.819994, 0.727347, -0.001372
6.839994, 0.727382, -0.001380
6.859994, 0.727553, -0.001387
6.879994, 0.727520, -0.001417
6.899994, 0.727672, -0.001426
6.919994, 0.727543, -0.001427
6.939994, 0.727729, -0.001216
6.959994, 0.727907, -0.001249
6.979994, 0.727726, -0.001289
6.999994, 0.727603, -0.001319
7.019994, 0.727342, -0.001329
7.039994, 0.727484, -0.001336
7.059994, 0.727265, -0.001342
7.079994, 0.727300, -0.001346
7.099994, 0.727535, -0.001361
7.119994, 0.727515, -0.001363
7.139994, 0.727174, -0.001353
7.159994, 0.727254, -0.001750
7.179994, 0.727412, -0.001698
7.199994, 0.727446, -0.001645
7.219994, 0.727354, -0.001187
7.239994, 0.727322, -0.001207
7.259994, 0.726903, -0.001042
7.279994, 0.726680, -0.000713
7.299994, 0.726518, -0.000822
7.319994, 0.726484, -0.000740
7.339994, 0.726023, -0.000649
7.359994, 0.725998, -0.000789
7.379994, 0.725912, -0.000878
7.399994, 0.725780, -0.001177
7.419994, 0.725387, -0.002755
7.439994, 0.725340, -0.002683
7.459994, 0.725193, -0.002244
7.479994, 0.725334, -0.002065
7.499994, 0.725420, -0.001955
7.519994, 0.725589, -0.001833
7.539994, 0.725640, -0.001911
7.559994, 0.725725, -0.001571
7.579994, 0.725860, -0.001313
7.599994, 0.726191, -0.001306
7.619994, 0.726425, -0.001293
7.639994, 0.726379, -0.001102
7.659994, 0.726635, -0.000978
7.679994, 0.726567, -0.001226
7.699994, 0.726917, -0.001285
7.719994, 0.727041, -0.001084
7.739994, 0.727159, -0.000927
7.759994, 0.727277, -0.001006
7.779994, 0.727438, -0.001057
7.799994, 0.727125, -0.000924
7.819993, 0.727348, -0.000989
7.839993, 0.727279, -0.000868
7.859993, 0.727329, -0.000963
7.879993, 0.727750, -0.000833
7.899993, 0.727918, -0.000742
7.919993, 0.727708, -0.000835
7.939993, 0.727769, -0.000940
7.959993, 0.727886, -0.001019
7.979993, 0.727857, -0.001074
7.999993, 0.727831, -0.001298
8.019994, 0.727817, -0.001519
8.039994, 0.727859, -0.001476
8.059995, 0.728247, -0.001451
8.079995, 0.728652, -0.001221
8.099996, 0.728818, -0.001633
8.119996, 0.728983, -0.001382
8.139997, 0.728431, -0.001360
8.159997, 0.728253, -0.001332
8.179997, 0.728203, -0.002477
8.199998, 0.727900, -0.002270
8.219998, 0.727859, -0.002088
8.239999, 0.727492, -0.001933
8.259999, 0.727569, -0.001826
8.280000, 0.727404, -0.001748
8.300000, 0.727515, -0.001476
8.320001, 0.726952, -0.001443
8.340001, 0.726924, -0.001409
8.360002, 0.727243, -0.001375
8.380002, 0.726840, -0.001361
8.400002, 0.726795, -0.001328
8.420003, 0.727088, -0.001325
8.440003, 0.727247, -0.001112
8.460004, 0.727195, -0.001126
8.480004, 0.727034, -0.001151
8.500005, 0.727093, -0.001383
8.520005, 0.727193, -0.001161
8.540006, 0.727045, -0.001161
8.560006, 0.727178, -0.001001
8.580007, 0.727322, -0.001073
8.600007, 0.727169, -0.001118
8.620008, 0.727485, -0.000949
8.640008, 0.727377, -0.001201
8.660008, 0.727691, -0.001233
8.680009, 0.727616, -0.001634
8.700009, 0.727829, -0.001363
8.720010, 0.727689, -0.001174
8.740010, 0.727647, -0.000804
8.760011, 0.727600, -0.000905
8.780011, 0.727653, -0.000979
8.800012, 0.727575, -0.001239
8.820012, 0.727718, -0.001250
8.840013, 0.727756, -0.001461
8.860013, 0.727718, -0.001253
8.880013, 0.727673, -0.001266
8.900014, 0.727445, -0.001495
8.920014, 0.727392, -0.001466
8.940015, 0.727616, -0.001446
8.960015, 0.727620, -0.001420
8.980016, 0.727686, -0.001410
9.000016, 0.727430, -0.001380
9.020017, 0.727280, -0.001579
9.040017, 0.727120, -0.001538
9.060018, 0.727053, -0.001483
9.080018, 0.727024, -0.001468
9.100019, 0.727055, -0.001997
9.120019, 0.726975, -0.001853
9.140019, 0.727091, -0.001740
9.160020, 0.727513, -0.001648
9.180020, 0.727489, -0.001777
9.200021, 0.727504, -0.001885
9.220021, 0.727600, -0.001758
9.240022, 0.727667, -0.001463
9.260022, 0.727776, -0.001992
9.280023, 0.727822, -0.001835
9.300023, 0.727717, -0.001741
9.320024, 0.727697, -0.001447
9.340024, 0.727539, -0.001203
9.360024, 0.727408, -0.001013
9.380025, 0.727312, -0.000851
9.400025, 0.727371, -0.000957
9.420026, 0.727308, -0.001216
9.440026, 0.727311, -0.001033
9.460027, 0.727287, -0.001255
9.480027, 0.727202, -0.001262
9.500028, 0.727269, -0.001263
9.520028, 0.727667, -0.001051
9.540029, 0.727543, -0.000909
9.560029, 0.727362, -0.000973
9.580029, 0.727208, -0.000802
9.600030, 0.727207, -0.000900
9.620030, 0.727070, -0.000949
9.640031, 0.727046, -0.000828
9.660031, 0.726976, -0.000709
9.680032, 0.726933, -0.000797
9.700032, 0.726982, -0.000854
9.720033, 0.726885, -0.000939
9.740033, 0.726734, -0.001214
9.760034, 0.726642, -0.001237
9.780034, 0.726575, -0.001242
9.800035, 0.726481, -0.001255
9.820035, 0.726466, -0.001276
9.840035, 0.726798, -0.001280
9.860036, 0.726734, -0.001280
9.880036, 0.726647, -0.001272
9.900037, 0.726195, -0.001279
9.920037, 0.726279, -0.001270
9.940038, 0.726204, -0.001277
9.960038, 0.726176, -0.001289
9.980039, 0.725969, -0.001304
10.000039, 0.725701, -0.001316
10.020040, 0.725600, -0.001327
10.040040, 0.725757, -0.001125
10.060040, 0.725776, -0.001154
10.080041, 0.725597, -0.000986
10.100041, 0.725648, -0.001424
10.120042, 0.725451, -0.001403
10.140042, 0.725726, -0.001378
10.160043, 0.725626, -0.001373
10.180043, 0.725794, -0.001377
10.200044, 0.725883, -0.001350
10.220044, 0.725816, -0.001131
10.240045, 0.725948, -0.001155
10.260045, 0.725723, -0.001174
10.280046, 0.725818, -0.001151
10.300046, 0.726092, -0.001177
10.320046, 0.726380, -0.001186
10.340047, 0.726405, -0.001196
10.360047, 0.726488, -0.001245
10.380048, 0.726295, -0.001269
10.400048, 0.726423, -0.001089
10.420049, 0.726650, -0.001307
10.440049, 0.726651, -0.001297
10.460050, 0.726764, -0.001291
10.480050, 0.727106, -0.001302
10.500051, 0.727154, -0.001278
10.520051, 0.727380, -0.001082
10.540051, 0.727581, -0.000889
10.560052, 0.727648, -0.000935
10.580052, 0.727661, -0.000997
10.600053, 0.728022, -0.001261
10.620053, 0.727962, -0.001249
10.640054, 0.727781, -0.001256
10.660054, 0.727872, -0.001046
10.680055, 0.727908, -0.000887
10.700055, 0.728168, -0.000955
10.720056, 0.728078, -0.001219
10.740056, 0.727933, -0.001234
10.760056, 0.728028, -0.001454
10.780057, 0.727966, -0.001437
10.800057, 0.727844, -0.001217
10.820058, 0.727777, -0.001240
10.840058, 0.727293, -0.001060
10.860059, 0.726918, -0.001087
10.880059, 0.726991, -0.001117
10.900060, 0.726539, -0.000943
10.920060, 0.726469, -0.001019
10.940061, 0.726604, -0.001049
10.960061, 0.726389, -0.001122
10.980062, 0.726187, -0.001164
11.000062, 0.726419, -0.001176
11.020062, 0.726370, -0.000808
11.040063, 0.726458, -0.000911
11.060063, 0.726287, -0.000790
11.080064, 0.726057, -0.000698
11.100064, 0.726427, -0.000642
11.120065, 0.726320, -0.000750
11.140065, 0.726412, -0.000837
11.160066, 0.726417, -0.001100
11.180066, 0.726250, -0.001144
11.200067, 0.726259, -0.000997
11.220067, 0.726092, -0.001084
11.240067, 0.726393, -0.000938
11.260068, 0.726537, -0.001010
11.280068, 0.726229, -0.001089
11.300069, 0.726320, -0.001137
11.320069, 0.726153, -0.001150
11.340070, 0.726010, -0.001396
11.360070, 0.725841, -0.001191
11.380071, 0.725811, -0.001206
11.400071, 0.726288, -0.001423
11.420072, 0.726727, -0.001437
11.440072, 0.727022, -0.001596
11.460073, 0.727085, -0.001719
11.480073, 0.726930, -0.001443
11.500073, 0.726677, -0.001224
11.520074, 0.726583, -0.001228
11.540074, 0.726085, -0.001253
11.560075, 0.726514, -0.001056
11.580075, 0.726252, -0.001094
11.600076, 0.726220, -0.001126
11.620076, 0.726299, -0.001752
11.640077, 0.726303, -0.001676
11.660077, 0.726080, -0.001627
11.680078, 0.726100, -0.001586
11.700078, 0.726302, -0.001534
11.720078, 0.726551, -0.001685
11.740079, 0.726693, -0.001620
11.760079, 0.726483, -0.001572
11.780080, 0.726425, -0.001344
11.800080, 0.726270, -0.001310
11.820081, 0.726053, -0.001278
11.840081, 0.726337, -0.001472
11.860082, 0.726328, -0.001428
11.880082, 0.726375, -0.001198
11.900083, 0.726494, -0.001211
11.920083, 0.726776, -0.001247
11.940084, 0.727061, -0.001256
11.960084, 0.727232, -0.001061
11.980084, 0.727337, -0.001093
12.000085, 0.727224, -0.000537
12.020085, 0.727251, -0.000499
12.040086, 0.727270, -0.000652
12.060086, 0.727210, -0.000781
12.080087, 0.727208, -0.000681
12.100087, 0.727065, -0.000788
12.120088, 0.727189, -0.000882
12.140088, 0.727586, -0.000768
12.160089, 0.727659, -0.000663
12.180089, 0.727512, -0.000580
12.200089, 0.727683, -0.000719
12.220090, 0.727803, -0.000650
12.240090, 0.727838, -0.000784
12.260091, 0.727630, -0.001066
12.280091, 0.727679, -0.001319
12.300092, 0.727592, -0.001314
12.320092, 0.727588, -0.001146
12.340093, 0.727606, -0.001167
12.360093, 0.727750, -0.001191
12.380094, 0.727559, -0.001207
12.400094, 0.727471, -0.001420
12.420094, 0.727418, -0.001401
12.440095, 0.727714, -0.001390
12.460095, 0.727685, -0.001199
12.480096, 0.727744, -0.001241
12.500096, 0.727762, -0.001269
12.520097, 0.727491, -0.001277
12.540097, 0.727596, -0.001116
12.560098, 0.727510, -0.001137
12.580098, 0.727596, -0.001180
12.600099, 0.727801, -0.001215
12.620099, 0.727995, -0.001058
12.640100, 0.727902, -0.001104
12.660100, 0.728116, -0.000783
12.680100, 0.728206, -0.000687
12.700101, 0.728079, -0.000812
12.720101, 0.727674, -0.000758
12.740102, 0.728000, -0.000886
12.760102, 0.728462, -0.000996
12.780103, 0.728612, -0.001072
12.800103, 0.728590, -0.000928
12.820104, 0.728656, -0.001014
12.840104, 0.729012, -0.001094
12.860105, 0.729196, -0.001142
12.880105, 0.729021, -0.001192
12.900105, 0.729190, -0.001235
12.920106, 0.729126, -0.001259
12.940106, 0.729111, -0.001080
12.960107, 0.728919, -0.000940
12.980107, 0.728539, -0.001022
13.000108, 0.728190, -0.000891
13.020108, 0.728023, -0.000981
13.040109, 0.728126, -0.001061
13.060109, 0.728301, -0.000953
13.080110, 0.728436, -0.001050
13.100110, 0.728432, -0.001311
13.120111, 0.728104, -0.001336
13.140111, 0.727881, -0.001350
13.160111, 0.728063, -0.001363
13.180112, 0.728131, -0.001370
13.200112, 0.728191, -0.001392
13.220113, 0.728243, -0.001383
13.240113, 0.728494, -0.001377
13.260114, 0.728630, -0.001397
13.280114, 0.728774, -0.001584
13.300115, 0.728668, -0.001735
13.320115, 0.728561, -0.001848
13.340116, 0.728274, -0.001766
13.360116, 0.727905, -0.001678
13.380116, 0.728031, -0.001623
13.400117, 0.728114, -0.001560
13.420117, 0.728206, -0.001521
13.440118, 0.728002, -0.001286
13.460118, 0.727762, -0.001292
13.480119, 0.727731, -0.001103
13.500119, 0.727510, -0.001133
13.520120, 0.727469, -0.001188
13.540120, 0.727486, -0.001218
13.560121, 0.727301, -0.001225
13.580121, 0.727196, -0.001225
13.600121, 0.727094, -0.001437
13.620122, 0.726885, -0.001381
13.640122, 0.726839, -0.001380
13.660123, 0.726985, -0.001388
13.680123, 0.727085, -0.001384
13.700124, 0.727257, -0.001373
13.720124, 0.727432, -0.001361
13.740125, 0.727671, -0.001534
13.760125, 0.727508, -0.001502
13.780126, 0.727369, -0.001642
13.800126, 0.727459, -0.001581
13.820127, 0.727326, -0.001351
13.840127, 0.727422, -0.001147
13.860127, 0.727489, -0.001379
13.880128, 0.727216, -0.001350
13.900128, 0.727475, -0.001327
13.920129, 0.727590, -0.001314
13.940129, 0.727544, -0.001502
13.960130, 0.727268, -0.001661
13.980130, 0.727416, -0.001024
14.000131, 0.727244, -0.000889
14.020131, 0.727255, -0.000975
14.040132, 0.727304, -0.001058
14.060132, 0.727403, -0.001308
14.080132, 0.727292, -0.001288
14.100133, 0.727563, -0.001283
14.120133, 0.727676, -0.001276
14.140134, 0.727592, -0.001453
14.160134, 0.727969, -0.001228
14.180135, 0.728050, -0.001255
14.200135, 0.728282, -0.001458
14.220136, 0.728385, -0.001429
14.240136, 0.728222, -0.001020
14.260137, 0.728017, -0.001062
14.280137, 0.727906, -0.001113
14.300138, 0.727762, -0.001150
14.320138, 0.727866, -0.001367
14.340138, 0.727738, -0.001561
14.360139, 0.727462, -0.001517
14.380139, 0.727386, -0.001476
14.400140, 0.727194, -0.001251
14.420140, 0.727477, -0.001068
14.440141, 0.727507, -0.001110
14.460141, 0.727545, -0.000973
14.480142, 0.727442, -0.000841
14.500142, 0.726928, -0.001138
14.520143, 0.726853, -0.001194
14.540143, 0.726909, -0.001230
14.560143, 0.726726, -0.001041
14.580144, 0.726684, -0.001112
14.600144, 0.726446, -0.000962
14.620145, 0.726423, -0.001041
14.640145, 0.726506, -0.001299
14.660146, 0.726377, -0.001117
14.680146, 0.726288, -0.000961
14.700147, 0.726362, -0.001212
14.720147, 0.726024, -0.001252
14.740148, 0.725956, -0.001078
14.760148, 0.726014, -0.001124
14.780149, 0.725806, -0.000956
14.800149, 0.725689, -0.001017
14.820149, 0.725636, -0.000877
14.840150, 0.725618, -0.000937
14.860150, 0.725411, -0.000995
14.880151, 0.725205, -0.000860
14.900151, 0.724818, -0.000953
14.920152, 0.724872, -0.001048
14.940152, 0.724721, -0.001104
14.960153, 0.724587, -0.000950
14.980153, 0.724587, -0.000837
15.000154, 0.724427, -0.000936
15.020154, 0.724226, -0.001026
15.040154, 0.724326, -0.001109
15.060155, 0.724381, -0.001135
15.080155, 0.724531, -0.001181
15.100156, 0.724216, -0.001219
15.120156, 0.723968, -0.001259
15.140157, 0.723897, -0.001279
15.160157, 0.723741, -0.001293
15.180158, 0.723505, -0.001121
15.200158, 0.723139, -0.000984
15.220159, 0.723327, -0.001062
15.240159, 0.723844, -0.000938
15.260159, 0.724154, -0.001229
15.280160, 0.723720, -0.001044
15.300160, 0.723899, -0.001066
15.320161, 0.723915, -0.001124
15.340161, 0.723821, -0.000770
15.360162, 0.723850, -0.000694
15.380162, 0.723736, -0.000621
15.400163, 0.723797, -0.000552
15.420163, 0.723895, -0.000714
15.440164, 0.723979, -0.000850
15.460164, 0.724167, 0.002886
15.480165, 0.724367, 0.002092
15.500165, 0.724542, 0.001047
15.520165, 0.724635, 0.000378
15.540166, 0.724757, -0.000008
15.560166, 0.724788, -0.000326
15.580167, 0.724983, -0.000359
15.600167, 0.725146, -0.000582
15.620168, 0.725064, -0.000752
15.640168, 0.725121, -0.000906
15.660169, 0.725099, -0.001023
15.680169, 0.725039, -0.001147
15.700170, 0.725118, -0.001033
15.720170, 0.725212, -0.001123
15.740170, 0.724980, -0.001180
15.760171, 0.724997, -0.001079
15.780171, 0.724926, -0.001196
15.800172, 0.725106, -0.001253
15.820172, 0.725088, -0.001514
15.840173, 0.725115, -0.001511
15.860173, 0.724972, -0.001524
15.880174, 0.724811, -0.001544
15.900174, 0.724782, -0.001535
15.920175, 0.724680, -0.001518
15.940175, 0.724688, -0.001349
15.960176, 0.724901, -0.001184
15.980176, 0.725167, -0.001248
16.000175, 0.725443, -0.001309
16.020176, 0.725483, -0.001348
16.040176, 0.725322, -0.001182
16.060177, 0.725650, -0.001222
16.080177, 0.725757, -0.001288
16.100178, 0.725856, -0.001325
16.120178, 0.726115, -0.001176
16.140179, 0.726255, -0.001230
16.160179, 0.726126, -0.001090
16.180180, 0.726478, -0.001152
16.200180, 0.726467, -0.000826
16.220181, 0.726569, -0.000946
16.240181, 0.726654, -0.001040
16.260181, 0.726380, -0.000934
16.280182, 0.726435, -0.001028
16.300182, 0.726447, -0.001097
16.320183, 0.726316, -0.001169
16.340183, 0.726197, -0.001228
16.360184, 0.726407, -0.001270
16.380184, 0.726272, -0.001111
16.400185, 0.726345, -0.000982
16.420185, 0.726292, -0.000882
16.440186, 0.726431, -0.000616
16.460186, 0.726489, -0.000608
16.480186, 0.726669, -0.000809
16.500187, 0.726605, -0.000915
16.520187, 0.726912, -0.001032
16.540188, 0.726906, -0.001131
16.560188, 0.726799, -0.001224
16.580189, 0.726914, -0.001277
16.600189, 0.726793, -0.001136
16.620190, 0.727004, -0.001216
16.640190, 0.726839, -0.001285
16.660191, 0.726898, -0.001347
16.680191, 0.727004, -0.001190
16.700191, 0.726836, -0.001238
16.720192, 0.726942, -0.001105
16.740192, 0.727102, -0.001166
16.760193, 0.727101, -0.001234
16.780193, 0.726919, -0.001298
16.800194, 0.726910, -0.001324
16.820194, 0.726842, -0.001376
16.840195, 0.726928, -0.001398
16.860195, 0.727111, -0.001411
16.880196, 0.726920, -0.001440
16.900196, 0.727198, -0.001650
16.920197, 0.726943, -0.001436
16.940197, 0.726798, -0.001637
16.960197, 0.726499, -0.001608
16.980198, 0.726315, -0.001579
17.000198, 0.726055, -0.001553
17.020199, 0.725992, -0.001522
17.040199, 0.725924, -0.001303
17.060200, 0.725773, -0.001130
17.080200, 0.725645, -0.001194
17.100201, 0.725795, -0.001269
17.120201, 0.725401, -0.001108
17.140202, 0.725429, -0.001155
17.160202, 0.725235, -0.001023
17.180202, 0.725435, -0.000913
17.200203, 0.725527, -0.001010
17.220203, 0.725757, 0.000276
17.240204, 0.725796, 0.000154
17.260204, 0.725632, 0.000212
17.280205, 0.725945, -0.000110
17.300205, 0.725758, -0.000373
17.320206, 0.725981, -0.000610
17.340206, 0.725846, -0.000592
17.360207, 0.726040, -0.000579
17.380207, 0.726216, -0.000592
17.400208, 0.726583, -0.000593
17.420208, 0.726613, -0.000776
17.440208, 0.726396, -0.000951
17.460209, 0.726439, -0.001072
17.480209, 0.726269, -0.001168
17.500210, 0.726533, -0.001074
17.520210, 0.726464, -0.001391
17.540211, 0.726541, -0.001635
17.560211, 0.726548, -0.001621
17.580212, 0.726747, -0.001644
17.600212, 0.726530, -0.001630
17.620213, 0.726353, -0.001809
17.640213, 0.726188, -0.001761
17.660213, 0.725943, -0.001523
17.680214, 0.726373, -0.001537
17.700214, 0.726554, -0.001540
17.720215, 0.726610, -0.001321
17.740215, 0.726560, -0.001370
17.760216, 0.726398, -0.001399
17.780216, 0.726398, -0.001420
17.800217, 0.726619, -0.001441
17.820217, 0.726495, -0.001282
17.840218, 0.726577, -0.001329
17.860218, 0.726595, -0.001169
17.880219, 0.726458, -0.001223
17.900219, 0.726445, -0.001283
17.920219, 0.726259, -0.001366
17.940220, 0.726715, -0.001417
17.960220, 0.726804, -0.001442
17.980221, 0.726725, -0.001456
18.000221, 0.726447, -0.001667
18.020222, 0.726230, -0.001637
18.040222, 0.726044, -0.001613
18.060223, 0.725700, -0.001601
18.080223, 0.725673, -0.001784
18.100224, 0.725832, -0.001738
18.120224, 0.725895, -0.001710
18.140224, 0.725834, -0.001659
18.160225, 0.725613, -0.001432
18.180225, 0.725538, -0.001448
18.200226, 0.725466, -0.001442
18.220226, 0.725422, -0.001640
18.240227, 0.725542, -0.001414
18.260227, 0.725666, -0.001421
18.280228, 0.725654, -0.001408
18.300228, 0.725512, -0.001629
18.320229, 0.725739, -0.001576
18.340229, 0.726059, -0.001547
18.360229, 0.725928, -0.001525
18.380230, 0.726057, -0.001509
18.400230, 0.725585, -0.001476
18.420231, 0.725194, -0.001468
18.440231, 0.725273, -0.001659
18.460232, 0.725040, -0.001602
18.480232, 0.724974, -0.001581
18.500233, 0.724900, -0.001361
18.520233, 0.724751, -0.001178
18.540234, 0.724764, 0.000335
18.560234, 0.724726, 0.000212
18.580235, 0.724997, -0.000118
18.600235, 0.724935, -0.000178
18.620235, 0.724940, -0.000204
18.640236, 0.724898, -0.000440
18.660236, 0.724430, -0.000644
18.680237, 0.724624, -0.000647
18.700237, 0.724582, -0.000996
18.720238, 0.724637, -0.000896
18.740238, 0.724263, -0.001216
18.760239, 0.724230, -0.001271
18.780239, 0.724135, -0.001324
18.800240, 0.724187, -0.001549
18.820240, 0.724252, -0.001544
18.840240, 0.724314, -0.001548
18.860241, 0.724408, -0.001727
18.880241, 0.724216, -0.001692
18.900242, 0.724004, -0.001656
18.920242, 0.724141, -0.001622
18.940243, 0.724132, -0.001582
18.960243, 0.724029, -0.001752
18.980244, 0.723899, -0.001496
19.000244, 0.723820, -0.001479
19.020245, 0.723876, -0.001486
19.040245, 0.723712, -0.001487
19.060246, 0.723688, -0.001284
19.080246, 0.723781, -0.001310
19.100246, 0.723979, -0.001342
19.120247, 0.724163, -0.001344
19.140247, 0.724311, -0.001177
19.160248, 0.724408, -0.001230
19.180248, 0.724603, -0.001271
19.200249, 0.724330, -0.001125
19.220249, 0.724499, -0.001194
19.240250, 0.724744, -0.001233
19.260250, 0.724948, -0.001277
19.280251, 0.724738, -0.001329
19.300251, 0.724501, -0.001353
19.320251, 0.724347, -0.001376
19.340252, 0.724409, -0.001376
19.360252, 0.724515, -0.001593
19.380253, 0.724328, -0.001558
19.400253, 0.723922, -0.001524
19.420254, 0.724014, -0.001497
19.440254, 0.724088, -0.001677
19.460255, 0.723722, -0.001995
19.480255, 0.723703, -0.002094
19.500256, 0.724068, -0.001967
19.520256, 0.724405, -0.001652
19.540257, 0.724402, -0.001600
19.560257, 0.724446, -0.001580
19.580257, 0.724392, -0.001542
19.600258, 0.724123, -0.001508
19.620258, 0.724399, -0.001471
19.640259, 0.724616, -0.001454
19.660259, 0.724639, -0.001637
19.680260, 0.724881, -0.001379
19.700260, 0.724976, -0.001356
19.720261, 0.725061, -0.001363
19.740261, 0.725176, -0.001551
19.760262, 0.725119, -0.001346
19.780262, 0.725114, -0.001365
19.800262, 0.725611, -0.001350
19.820263, 0.725887, -0.001350
19.840263, 0.725821, -0.001351
19.860264, 0.725636, -0.001345
19.880264, 0.725864, -0.001327
19.900265, 0.726219, -0.001332
19.920265, 0.726063, -0.001325
19.940266, 0.725976, -0.001538
19.960266, 0.726098, -0.001697
19.980267, 0.726036, -0.001658
20.000267, 0.726186, -0.001592
20.020267, 0.726539, -0.001535
20.040268, 0.726528, -0.001307
20.060268, 0.726394, -0.001112
20.080269, 0.726396, -0.001155
20.100269, 0.726315, -0.001373
20.120270, 0.726816, -0.001179
20.140270, 0.726786, -0.001210
20.160271, 0.726921, -0.001231
20.180271, 0.726488, -0.001245
20.200272, 0.726423, -0.001250
20.220272, 0.725948, -0.001262
20.240273, 0.725990, -0.001261
20.260273, 0.726085, -0.001275
20.280273, 0.726080, -0.001101
20.300274, 0.725926, -0.001132
20.320274, 0.725660, -0.001342
20.340275, 0.725610, -0.001526
20.360275, 0.725654, -0.001488
20.380276, 0.725462, -0.001661
20.400276, 0.725666, -0.001590
20.420277, 0.725456, -0.001716
20.440277, 0.725283, -0.001649
20.460278, 0.725525, -0.001624
20.480278, 0.725178, -0.001599
20.500278, 0.725527, -0.001528
20.520279, 0.725629, -0.001490
20.540279, 0.725498, -0.001635
20.560280, 0.725201, -0.001589
20.580280, 0.725102, -0.001354
20.600281, 0.725128, -0.001534
20.620281, 0.725034, -0.001481
20.640282, 0.724958, -0.001456
20.660282, 0.725046, -0.001226
20.680283, 0.725199, -0.001221
20.700283, 0.725201, -0.001238
20.720284, 0.725271, -0.001262
20.740284, 0.725228, -0.001255
20.760284, 0.725269, -0.001264
20.780285, 0.725703, -0.001483
20.800285, 0.725516, -0.001455
20.820286, 0.725685, -0.001427
20.840286, 0.725438, -0.001195
20.860287, 0.725500, -0.001199
20.880287, 0.725533, -0.001229
20.900288, 0.725413, -0.001240
20.920288, 0.725649, -0.001229
20.940289, 0.725763, -0.001232
20.960289, 0.725930, -0.001251
20.980289, 0.725859, -0.000866
21.000290, 0.726028, -0.001131
21.020290, 0.726050, -0.001344
21.040291, 0.725822, -0.001340
21.060291, 0.725578, -0.001326
21.080292, 0.725670, -0.001298
21.100292, 0.725879, -0.001297
21.120293, 0.726163, -0.001304
21.140293, 0.726225, -0.001498
21.160294, 0.726190, -0.001266
21.180294, 0.725903, -0.001251
21.200294, 0.725901, -0.001244
21.220295, 0.725839, -0.001254
21.240295, 0.725963, -0.001277
21.260296, 0.725841, -0.001265
21.280296, 0.725827, -0.001456
21.300297, 0.726088, -0.001616
21.320297, 0.726119, -0.001561
21.340298, 0.726054, -0.001503
21.360298, 0.726044, -0.001442
21.380299, 0.726104, -0.001391
21.400299, 0.725933, -0.001342
21.420300, 0.725766, -0.001323
21.440300, 0.725638, -0.001306
21.460300, 0.725702, -0.001309
21.480301, 0.725740, -0.001292
21.500301, 0.725484, -0.001466
21.520302, 0.725692, -0.001417
21.540302, 0.725812, -0.001389
21.560303, 0.725966, -0.001378
21.580303, 0.726243, -0.001366
21.600304, 0.726512, -0.001549
21.620304, 0.726645, -0.001504
21.640305, 0.726623, -0.001459
21.660305, 0.726702, -0.001425
21.680305, 0.726662, -0.001200
21.700306, 0.726472, -0.001401
21.720306, 0.726188, -0.001395
21.740307, 0.726232, -0.001388
21.760307, 0.726266, -0.001552
21.780308, 0.726183, -0.001497
21.800308, 0.725902, -0.001435
21.820309, 0.725688, -0.001389
21.840309, 0.725823, -0.001375
21.860310, 0.725858, -0.001542
21.880310, 0.726033, -0.001471
21.900311, 0.726413, -0.001411
21.920311, 0.726513, -0.001154
21.940311, 0.726596, -0.000945
21.960312, 0.726549, -0.000990
21.980312, 0.726624, -0.001036
22.000313, 0.726806, -0.001270
22.020313, 0.726909, -0.001264
22.040314, 0.726879, -0.001251
22.060314, 0.727046, -0.001445
22.080315, 0.727311, -0.001621
22.100315, 0.727309, -0.001366
22.120316, 0.727561, -0.001348
22.140316, 0.727789, -0.001327
22.160316, 0.727843, -0.001512
22.180317, 0.727751, -0.001468
22.200317, 0.727540, -0.001433
22.220318, 0.727757, -0.001398
22.240318, 0.727753, -0.001384
22.260319, 0.727706, -0.001165
22.280319, 0.727752, -0.001155
22.300320, 0.727852, -0.001163
22.320320, 0.728101, -0.001175
22.340321, 0.727833, -0.001179
22.360321, 0.727818, -0.001187
22.380322, 0.727764, -0.000992
22.400322, 0.728060, -0.001042
22.420322, 0.728062, -0.000873
22.440323, 0.728207, -0.000961
22.460323, 0.728424, -0.001219
22.480324, 0.728529, -0.001215
22.500324, 0.728655, -0.001228
22.520325, 0.728731, -0.001228
22.540325, 0.729016, -0.001612
22.560326, 0.728982, -0.001711
22.580326, 0.728901, -0.001426
22.600327, 0.728838, -0.001201
22.620327, 0.728751, -0.001021
22.640327, 0.728308, -0.001260
22.660328, 0.727970, -0.001281
22.680328, 0.727995, -0.001254
22.700329, 0.728155, -0.001433
22.720329, 0.728148, -0.001590
22.740330, 0.728168, -0.001542
22.760330, 0.728062, -0.001291
22.780331, 0.727895, -0.001259
22.800331, 0.727799, -0.001238
22.820332, 0.727514, -0.001047
22.840332, 0.727548, -0.001277
22.860332, 0.727575, -0.001284
22.880333, 0.727710, -0.001086
22.900333, 0.727759, -0.001096
